# Blender 4.5.3 LTS
# www.blender.org
o Plane.001
v -0.085384 1.785217 -1.079425
v -0.742098 1.781201 -1.030943
v 0.572926 1.786914 -1.037150
v -0.081698 1.267898 -0.914232
v -0.737484 1.289353 -0.873883
v 0.570280 1.288083 -0.877861
v -0.085564 1.874197 -1.107839
v -0.085677 1.971051 -1.138767
v -0.085733 2.074652 -1.171849
v -0.085741 2.183878 -1.206728
v -0.085712 2.297603 -1.243043
v -0.085654 2.414701 -1.280436
v -0.085578 2.534050 -1.318547
v -0.082329 1.327300 -0.933201
v -0.082921 1.385208 -0.951693
v -0.083471 1.443121 -0.970185
v -0.083973 1.502537 -0.989159
v -0.084420 1.564956 -1.009091
v -0.084808 1.631876 -1.030460
v -0.085131 1.704797 -1.053745
v -0.820335 1.780774 -1.018157
v -0.897445 1.780361 -1.003987
v -0.973587 1.779959 -0.988628
v -1.048923 1.779567 -0.972281
v -1.123615 1.779183 -0.955141
v -1.197823 1.778805 -0.937408
v -1.271709 1.778431 -0.919279
v 0.491987 1.787356 -1.047852
v 0.410569 1.787528 -1.056911
v 0.328720 1.787472 -1.064373
v 0.246485 1.787230 -1.070288
v 0.163910 1.786842 -1.074703
v 0.081043 1.786349 -1.077665
v -0.002070 1.785794 -1.079223
v -0.168829 1.784652 -1.078305
v -0.252248 1.784106 -1.075842
v -0.335460 1.783578 -1.072002
v -0.418284 1.783069 -1.066751
v -0.500540 1.782577 -1.060053
v -0.582048 1.782102 -1.051876
v -0.662627 1.781643 -1.042184
v -0.737881 1.346153 -0.892021
v -0.738318 1.401890 -0.909819
v -0.738802 1.457764 -0.927661
v -0.739337 1.514975 -0.945930
v -0.739928 1.574724 -0.965010
v -0.740582 1.638211 -0.985283
v -0.741303 1.706637 -1.007133
v -0.742986 1.862782 -1.057016
v -0.744052 1.950969 -1.085331
v -0.745396 2.045029 -1.115785
v -0.747117 2.144228 -1.148278
v -0.749352 2.247893 -1.182771
v -0.752382 2.355597 -1.219480
v -0.756672 2.467222 -1.258941
v 1.161735 1.776836 -0.928768
v 1.083072 1.778623 -0.946828
v 0.988020 1.780607 -0.963604
v 0.892182 1.782484 -0.979715
v 0.812915 1.783921 -0.995870
v 0.733334 1.785165 -1.010969
v 0.653360 1.786175 -1.024800
v 0.569898 1.344897 -0.896003
v 0.569560 1.400729 -0.913832
v 0.569345 1.456862 -0.931756
v 0.569335 1.514578 -0.950186
v 0.569608 1.575159 -0.969532
v 0.570245 1.639887 -0.990201
v 0.571324 1.710045 -1.012604
v 0.575135 1.871455 -1.064168
v 0.578054 1.963338 -1.093664
v 0.581793 2.061911 -1.125561
v 0.586458 2.166523 -1.159785
v 0.592220 2.276639 -1.196340
v 0.599492 2.392184 -1.235559
v 0.608994 2.513666 -1.278178
v -0.076615 0.791420 -0.762081
v -0.077385 0.863603 -0.785131
v -0.078147 0.935039 -0.807942
v -0.078897 1.005352 -0.830395
v -0.079631 1.074168 -0.852369
v -0.080346 1.141114 -0.873747
v -0.081036 1.205816 -0.894408
v -0.735449 0.845943 -0.732291
v -0.735691 0.912400 -0.753513
v -0.735942 0.978291 -0.774553
v -0.736206 1.043333 -0.795323
v -0.736488 1.107243 -0.815731
v -0.736792 1.169739 -0.835688
v -0.737123 1.230536 -0.855102
v 0.572315 0.844673 -0.736269
v 0.572073 0.911130 -0.757490
v 0.571822 0.977021 -0.778531
v 0.571558 1.042063 -0.799300
v 0.571276 1.105973 -0.819709
v 0.570972 1.168468 -0.839665
v 0.570642 1.229266 -0.859079
v 0.489767 1.283319 -0.886900
v 0.408993 1.279186 -0.894584
v 0.327948 1.275689 -0.900948
v 0.246622 1.272832 -0.906028
v 0.165005 1.270620 -0.909860
v 0.083086 1.269058 -0.912481
v 0.000855 1.268149 -0.913926
v -0.816052 1.294886 -0.863001
v -0.893549 1.300966 -0.850904
v -0.970128 1.307516 -0.837765
v -1.045942 1.314456 -0.823758
v -1.121145 1.321708 -0.809058
v -1.195889 1.329196 -0.793836
v -1.270327 1.336839 -0.778268
v 1.161762 1.333942 -0.787341
v 1.082340 1.326449 -0.802437
v 0.986473 1.319390 -0.816318
v 0.890164 1.312572 -0.829659
v 0.810455 1.305784 -0.843188
v 0.730595 1.299387 -0.855848
v 0.650547 1.293461 -0.867463
v -0.164550 1.268309 -0.913424
v -0.247540 1.269378 -0.911477
v -0.330473 1.271101 -0.908355
v -0.413155 1.273472 -0.904024
v -0.495392 1.276488 -0.898446
v -0.576989 1.280143 -0.891588
v -0.657751 1.284433 -0.883412
v -0.590834 2.593285 -1.307757
v -0.417231 2.600980 -1.310768
v -0.243629 2.608676 -1.313778
v -0.070026 2.616371 -1.316789
v 0.103576 2.624067 -1.319800
v 0.277179 2.631762 -1.322811
v 0.450781 2.639457 -1.325822
v 0.655515 1.868927 -1.051245
v 0.735307 1.865835 -1.036746
v 0.814592 1.862261 -1.020899
v 0.893473 1.858287 -1.003934
v 0.988897 1.853708 -0.986968
v 1.083356 1.848902 -0.969294
v 1.161450 1.844211 -0.950318
v 0.658354 1.958642 -1.080036
v 0.737872 1.952983 -1.064693
v 0.816706 1.946511 -1.047899
v 0.894986 1.939371 -1.029919
v 0.989739 1.931420 -1.011909
v 1.083243 1.923095 -0.993159
v 1.160401 1.914782 -0.973096
v 0.661967 2.054688 -1.111094
v 0.741068 2.045956 -1.094702
v 0.819205 2.035964 -1.076724
v 0.896536 2.024961 -1.057502
v 0.990199 2.012896 -1.038260
v 1.082131 2.000279 -1.018276
v 1.157740 1.987551 -0.996995
v 0.666446 2.156434 -1.144340
v 0.744936 2.144097 -1.126665
v 0.822036 2.129914 -1.107231
v 0.897851 2.114283 -1.086512
v 0.975642 2.097528 -1.065099
v 1.063793 2.079797 -1.043671
v 1.152619 2.061521 -1.021904
v 0.671916 2.263307 -1.179736
v 0.749510 2.246731 -1.160455
v 0.825146 2.227619 -1.139242
v 0.898908 2.206566 -1.116760
v 0.974034 2.184042 -1.093736
v 1.059834 2.160256 -1.070885
v 1.144277 2.135743 -1.047707
v 0.678632 2.374980 -1.217413
v 0.754800 2.353097 -1.195873
v 0.828488 2.328209 -1.172437
v 0.899699 2.301065 -1.147954
v 0.974986 2.272022 -1.123366
v 1.056686 2.241317 -1.098995
v 1.132295 2.209463 -1.074265
v 0.686828 2.491084 -1.257475
v 0.760752 2.462299 -1.232621
v 0.832008 2.430766 -1.206452
v 0.900312 2.397043 -1.179779
v 0.970565 2.361073 -1.153287
v 1.052250 2.322595 -1.127649
v 1.116602 2.282120 -1.101413
v -0.663529 1.864759 -1.068745
v -0.582950 1.866565 -1.078863
v -0.501422 1.868209 -1.087408
v -0.419116 1.869696 -1.094418
v -0.336207 1.871034 -1.099932
v -0.252864 1.872228 -1.103983
v -0.169259 1.873281 -1.106607
v -0.664603 1.954765 -1.097628
v -0.584003 1.958147 -1.108219
v -0.502424 1.961143 -1.117157
v -0.420036 1.963782 -1.124501
v -0.337009 1.966085 -1.130300
v -0.253502 1.968061 -1.134589
v -0.169672 1.969715 -1.137401
v -0.665939 2.050870 -1.128701
v -0.585275 2.055982 -1.139761
v -0.503589 2.060437 -1.149063
v -0.421063 2.064312 -1.156708
v -0.337873 2.067667 -1.162782
v -0.254163 2.070510 -1.167317
v -0.170071 2.072840 -1.170333
v -0.667627 2.152284 -1.161835
v -0.586835 2.159203 -1.173309
v -0.504958 2.165147 -1.182885
v -0.422215 2.170275 -1.190748
v -0.338802 2.174717 -1.197052
v -0.254848 2.178480 -1.201821
v -0.170458 2.181542 -1.205048
v -0.669776 2.258245 -1.196929
v -0.588742 2.266933 -1.208667
v -0.506559 2.274302 -1.218359
v -0.423501 2.280642 -1.226317
v -0.339800 2.286167 -1.232778
v -0.255556 2.290875 -1.237751
v -0.170837 2.294706 -1.241189
v -0.672573 2.368124 -1.234019
v -0.591026 2.378237 -1.245584
v -0.508358 2.386834 -1.255116
v -0.424895 2.394323 -1.263043
v -0.340850 2.400922 -1.269601
v -0.256282 2.406589 -1.274755
v -0.171210 2.411218 -1.278401
v -0.676188 2.481265 -1.273116
v -0.593670 2.492108 -1.283733
v -0.510304 2.501640 -1.292751
v -0.426362 2.510214 -1.300540
v -0.341937 2.517879 -1.307156
v -0.257021 2.524516 -1.312473
v -0.171579 2.529960 -1.316326
v -0.658223 1.341803 -0.901731
v -0.577518 1.338022 -0.910070
v -0.495963 1.334811 -0.917071
v -0.413755 1.332170 -0.922767
v -0.331090 1.330098 -0.927194
v -0.248167 1.328596 -0.930387
v -0.165180 1.327663 -0.932377
v -0.658717 1.398012 -0.919681
v -0.578055 1.394653 -0.928154
v -0.496531 1.391811 -0.935272
v -0.414344 1.389480 -0.941068
v -0.331690 1.387658 -0.945575
v -0.248770 1.386341 -0.948826
v -0.165781 1.385526 -0.950854
v -0.659242 1.454324 -0.937663
v -0.578612 1.451356 -0.946260
v -0.497109 1.448854 -0.953487
v -0.414933 1.446811 -0.959375
v -0.332282 1.445222 -0.963957
v -0.249355 1.444081 -0.967264
v -0.166352 1.443383 -0.969329
v -0.659807 1.512003 -0.956080
v -0.579198 1.509450 -0.964811
v -0.497707 1.507308 -0.972153
v -0.415534 1.505571 -0.978139
v -0.332875 1.504232 -0.982800
v -0.249930 1.503285 -0.986169
v -0.166896 1.502722 -0.988278
v -0.660419 1.572311 -0.975339
v -0.579824 1.570252 -0.984227
v -0.498338 1.568540 -0.991706
v -0.416158 1.567168 -0.997808
v -0.333480 1.566131 -1.002566
v -0.250500 1.565421 -1.006011
v -0.167415 1.565031 -1.008175
v -0.661088 1.636512 -0.995839
v -0.580500 1.635082 -1.004929
v -0.499012 1.633917 -1.012583
v -0.416816 1.633012 -1.018834
v -0.334106 1.632360 -1.023714
v -0.251072 1.631957 -1.027257
v -0.167909 1.631798 -1.029495
v -0.661821 1.705868 -1.017987
v -0.581238 1.705259 -1.027338
v -0.499743 1.704807 -1.035219
v -0.417521 1.704509 -1.041665
v -0.334762 1.704362 -1.046706
v -0.251653 1.704363 -1.050378
v -0.168380 1.704509 -1.052714
v 0.650259 1.349650 -0.885406
v 0.730418 1.354903 -0.873576
v 0.810404 1.360583 -0.860687
v 0.890249 1.366620 -0.846918
v 0.986668 1.372661 -0.833327
v 1.082731 1.378920 -0.819192
v 1.162313 1.385599 -0.803836
v 0.649990 1.404961 -0.903068
v 0.730228 1.409647 -0.891057
v 0.810300 1.414723 -0.877976
v 0.890237 1.420122 -0.864003
v 0.986729 1.425500 -0.850198
v 1.082921 1.431076 -0.835847
v 1.162609 1.437060 -0.820269
v 0.649822 1.460604 -0.920837
v 0.730105 1.464750 -0.908653
v 0.810221 1.469242 -0.895385
v 0.890201 1.474022 -0.881214
v 0.986725 1.478750 -0.867201
v 1.082969 1.483655 -0.852637
v 1.162698 1.488954 -0.836840
v 0.649837 1.517791 -0.939098
v 0.730131 1.521341 -0.926723
v 0.810245 1.525180 -0.913248
v 0.890212 1.529261 -0.898853
v 0.986722 1.533252 -0.884606
v 1.082931 1.537392 -0.869796
v 1.162628 1.541906 -0.853749
v 0.650117 1.577730 -0.958238
v 0.730386 1.580548 -0.945630
v 0.810449 1.583578 -0.931895
v 0.890344 1.586783 -0.917222
v 0.986788 1.589847 -0.902680
v 1.082865 1.593022 -0.887560
v 1.162449 1.596544 -0.871196
v 0.650743 1.641634 -0.978644
v 0.730951 1.643502 -0.965733
v 0.810910 1.645474 -0.951661
v 0.890667 1.647532 -0.936620
v 0.986987 1.649377 -0.921691
v 1.082829 1.651279 -0.906164
v 1.162208 1.653494 -0.889382
v 0.651796 1.710712 -1.000703
v 0.731907 1.711331 -0.987393
v 0.811706 1.711909 -0.972874
v 0.891256 1.712451 -0.957351
v 0.987378 1.712683 -0.941910
v 1.082878 1.712901 -0.925841
v 1.161954 1.713382 -0.908506
v -1.269779 1.388493 -0.794762
v -1.195504 1.381661 -0.810590
v -1.120918 1.374971 -0.826066
v -1.045865 1.368495 -0.841015
v -0.970190 1.362304 -0.855260
v -0.893739 1.356469 -0.868627
v -0.816354 1.351062 -0.880939
v -1.269502 1.439937 -0.811190
v -1.195350 1.433783 -0.827234
v -1.120883 1.427759 -0.842922
v -1.045944 1.421932 -0.858078
v -0.970375 1.416366 -0.872524
v -0.894019 1.411126 -0.886081
v -0.816720 1.406279 -0.898572
v -1.269463 1.491782 -0.827745
v -1.195401 1.486266 -0.843993
v -1.121021 1.480870 -0.859882
v -1.046165 1.475652 -0.875233
v -0.970673 1.470673 -0.889866
v -0.894388 1.465993 -0.903601
v -0.817151 1.461669 -0.916259
v -1.269631 1.544641 -0.844624
v -1.195631 1.539818 -0.861094
v -1.121312 1.535101 -0.877200
v -1.046514 1.530545 -0.892761
v -0.971077 1.526200 -0.907597
v -0.894842 1.522122 -0.921524
v -0.817648 1.518362 -0.934363
v -1.269971 1.599123 -0.862022
v -1.196015 1.595142 -0.878760
v -1.121737 1.591251 -0.895130
v -1.046979 1.587495 -0.910947
v -0.971579 1.583919 -0.926028
v -0.895378 1.580569 -0.940188
v -0.818214 1.577489 -0.953243
v -1.270453 1.655841 -0.880133
v -1.196525 1.652944 -0.897218
v -1.122276 1.650116 -0.913927
v -1.047544 1.647391 -0.930073
v -0.972170 1.644804 -0.945470
v -0.895992 1.642388 -0.959929
v -0.818850 1.640179 -0.973262
v -1.271043 1.715407 -0.899154
v -1.197137 1.713930 -0.916692
v -1.122908 1.712494 -0.933846
v -1.048197 1.711119 -0.950423
v -0.972842 1.709826 -0.966233
v -0.896682 1.708634 -0.981082
v -0.819556 1.707564 -0.994780
v -1.272277 1.845243 -0.940650
v -1.198462 1.847996 -0.959528
v -1.124319 1.850704 -0.977997
v -1.049683 1.853344 -0.995853
v -0.974392 1.855893 -1.012890
v -0.898286 1.858330 -1.028901
v -0.821204 1.860634 -1.043679
v -1.272012 1.915050 -0.963192
v -1.198543 1.920820 -0.982961
v -1.124710 1.926472 -1.002314
v -1.050329 1.931946 -1.021047
v -0.975224 1.937185 -1.038945
v -0.899242 1.942135 -1.055780
v -0.822234 1.946747 -1.071320
v -1.270033 1.986773 -0.986776
v -1.197460 1.996314 -1.007551
v -1.124422 2.005626 -1.027924
v -1.050688 2.014594 -1.047693
v -0.976046 2.023107 -1.066644
v -0.900359 2.031075 -1.084501
v -0.823515 2.038411 -1.100977
v -1.265466 2.059337 -1.011273
v -1.194605 2.073517 -1.033145
v -1.123089 2.087306 -1.054655
v -1.050587 2.100506 -1.075624
v -0.976818 2.112933 -1.095836
v -0.901684 2.124448 -1.114940
v -0.825134 2.134922 -1.132550
v -1.257520 2.131723 -1.036552
v -1.189509 2.151554 -1.059580
v -1.120455 2.170718 -1.082327
v -1.049907 2.188928 -1.104652
v -0.977516 2.205929 -1.126347
v -0.903262 2.221547 -1.146962
v -0.827201 2.235611 -1.165968
v -1.245765 2.203145 -1.062465
v -1.182243 2.229899 -1.086667
v -1.116714 2.255347 -1.110716
v -1.048752 2.279213 -1.134517
v -0.978162 2.301331 -1.157891
v -0.905138 2.321630 -1.180373
v -0.829902 2.339939 -1.201295
v -1.230135 2.273054 -1.088851
v -1.173144 2.308197 -1.114202
v -1.112185 2.340755 -1.139584
v -1.047280 2.370740 -1.164939
v -0.978788 2.398360 -1.190147
v -0.907324 2.423886 -1.214900
v -0.833414 2.447343 -1.238571
v 0.000227 1.327506 -0.932880
v 0.082464 1.328281 -0.931392
v 0.164395 1.329625 -0.928702
v 0.246032 1.331540 -0.924774
v 0.327389 1.334023 -0.919575
v 0.408477 1.337078 -0.913070
v 0.489309 1.340702 -0.905224
v -0.000355 1.385386 -0.951363
v 0.081897 1.386061 -0.949843
v 0.163848 1.387236 -0.947098
v 0.245512 1.388915 -0.943096
v 0.326901 1.391101 -0.937802
v 0.408030 1.393796 -0.931182
v 0.488912 1.397005 -0.923203
v -0.000876 1.443291 -0.969853
v 0.081411 1.443896 -0.968311
v 0.163401 1.444939 -0.965524
v 0.245108 1.446424 -0.961460
v 0.326543 1.448355 -0.956084
v 0.407720 1.450736 -0.949364
v 0.488650 1.453570 -0.941266
v -0.001322 1.502725 -0.988832
v 0.081029 1.503285 -0.987275
v 0.163089 1.504220 -0.984454
v 0.244868 1.505531 -0.980334
v 0.326373 1.507221 -0.974882
v 0.407613 1.509290 -0.968063
v 0.488598 1.511742 -0.959842
v -0.001679 1.565189 -1.008779
v 0.080776 1.565726 -1.007215
v 0.162948 1.566564 -1.004362
v 0.244838 1.567701 -1.000186
v 0.326448 1.569131 -0.994651
v 0.407778 1.570853 -0.987721
v 0.488831 1.572864 -0.979360
v -0.001933 1.632187 -1.030173
v 0.080678 1.632718 -1.028607
v 0.163014 1.633459 -1.025724
v 0.245066 1.634397 -1.021484
v 0.326825 1.635521 -1.015851
v 0.408281 1.636818 -1.008785
v 0.489424 1.638277 -1.000248
v -0.002068 1.705221 -1.053494
v 0.080759 1.705760 -1.051931
v 0.163323 1.706389 -1.049012
v 0.245599 1.707085 -1.044696
v 0.327563 1.707823 -1.038939
v 0.409189 1.708578 -1.031700
v 0.490451 1.709327 -1.022936
v -0.001932 1.874970 -1.107700
v 0.081548 1.875549 -1.106150
v 0.164803 1.875873 -1.103135
v 0.247760 1.875880 -1.098601
v 0.330347 1.875508 -1.092495
v 0.412489 1.874691 -1.084760
v 0.494110 1.873362 -1.075336
v -0.001663 1.972058 -1.138703
v 0.082259 1.972675 -1.137169
v 0.165990 1.972822 -1.134109
v 0.249431 1.972423 -1.129469
v 0.332478 1.971391 -1.123187
v 0.415012 1.969614 -1.115182
v 0.496912 1.966970 -1.105370
v -0.001284 2.075931 -1.171874
v 0.083152 2.076608 -1.170370
v 0.167451 2.076601 -1.167293
v 0.251492 2.075830 -1.162595
v 0.335139 2.074188 -1.156211
v 0.418204 2.071473 -1.148011
v 0.500489 2.067457 -1.137844
v -0.000810 2.185459 -1.206852
v 0.084205 2.186227 -1.205401
v 0.169168 2.186120 -1.202351
v 0.253941 2.185073 -1.197683
v 0.338358 2.182967 -1.191334
v 0.422129 2.179447 -1.183078
v 0.504936 2.174103 -1.172650
v -0.000260 2.299512 -1.243277
v 0.085394 2.300409 -1.241903
v 0.171112 2.300277 -1.238943
v 0.256757 2.299096 -1.234420
v 0.342137 2.296745 -1.228286
v 0.426839 2.292685 -1.220198
v 0.510381 2.286245 -1.209721
v 0.000347 2.416960 -1.280788
v 0.086686 2.418017 -1.279511
v 0.173232 2.417922 -1.276689
v 0.259861 2.416724 -1.272407
v 0.346377 2.414352 -1.266665
v 0.432329 2.410239 -1.259115
v 0.517077 2.403466 -1.249161
v 0.000993 2.536671 -1.319023
v 0.088046 2.537907 -1.317856
v 0.175470 2.537892 -1.315206
v 0.263156 2.536757 -1.311229
v 0.350948 2.534555 -1.306026
v 0.438524 2.531018 -1.299473
v 0.525258 2.525301 -1.291042
v 0.005927 0.792260 -0.761963
v 0.088103 0.794895 -0.761068
v 0.169892 0.799258 -0.759342
v 0.251274 0.805284 -0.756727
v 0.332228 0.812905 -0.753169
v 0.412733 0.822054 -0.748610
v 0.492769 0.832666 -0.742996
v 0.005159 0.864341 -0.784980
v 0.087344 0.866677 -0.783990
v 0.169156 0.870556 -0.782109
v 0.250578 0.875921 -0.779284
v 0.331597 0.882717 -0.775462
v 0.412195 0.890887 -0.770590
v 0.492359 0.900377 -0.764617
v 0.004399 0.935678 -0.807760
v 0.086593 0.937724 -0.806677
v 0.168427 0.941133 -0.804646
v 0.249889 0.945859 -0.801617
v 0.330969 0.951856 -0.797540
v 0.411659 0.959079 -0.792366
v 0.491946 0.967483 -0.786046
v 0.003650 1.005897 -0.830182
v 0.085854 1.007668 -0.829012
v 0.167708 1.010631 -0.826838
v 0.249207 1.014749 -0.823615
v 0.330347 1.019986 -0.819295
v 0.411123 1.026309 -0.813834
v 0.491528 1.033679 -0.807184
v 0.002918 1.074626 -0.852129
v 0.085129 1.076141 -0.850877
v 0.167003 1.078688 -0.848571
v 0.248537 1.082240 -0.845167
v 0.329732 1.086771 -0.840621
v 0.410588 1.092255 -0.834892
v 0.491102 1.098664 -0.827935
v 0.002205 1.141492 -0.873482
v 0.084424 1.142776 -0.872155
v 0.166315 1.144946 -0.869728
v 0.247881 1.147985 -0.866160
v 0.329126 1.151874 -0.861410
v 0.410054 1.156597 -0.855438
v 0.490668 1.162134 -0.848203
v 0.001516 1.206124 -0.894120
v 0.083742 1.207204 -0.892729
v 0.165648 1.209043 -0.890197
v 0.247242 1.211632 -0.886485
v 0.328531 1.214959 -0.881555
v 0.409523 1.219014 -0.875370
v 0.490224 1.223787 -0.867890
v -1.230178 0.980111 -0.675956
v -1.171217 0.954724 -0.681804
v -1.107874 0.931421 -0.688876
v -1.040094 0.910339 -0.697002
v -0.968210 0.891454 -0.705871
v -0.892935 0.874577 -0.715033
v -0.815078 0.859483 -0.724001
v -1.245887 1.027807 -0.687132
v -1.180425 1.007109 -0.696061
v -1.112739 0.987546 -0.705410
v -1.042333 0.969427 -0.715165
v -0.968996 0.952936 -0.725206
v -0.893098 0.938016 -0.735202
v -0.815157 0.924544 -0.744766
v -1.257529 1.077049 -0.699757
v -1.187725 1.060065 -0.710955
v -1.116781 1.043724 -0.722164
v -1.044203 1.028315 -0.733360
v -0.969640 1.014067 -0.744470
v -0.893233 1.001001 -0.755239
v -0.815246 0.989087 -0.765366
v -1.265211 1.127707 -0.713775
v -1.192780 1.113619 -0.726581
v -1.119663 1.099949 -0.739218
v -1.045519 1.086906 -0.751603
v -0.970073 1.074671 -0.763626
v -0.893326 1.063307 -0.775077
v -0.815348 1.052849 -0.785720
v -1.269421 1.179487 -0.728986
v -1.195535 1.167675 -0.742927
v -1.121193 1.156155 -0.756603
v -1.046165 1.145072 -0.769884
v -0.970253 1.134560 -0.782626
v -0.893372 1.124703 -0.794645
v -0.815469 1.115573 -0.805745
v -1.271032 1.231933 -0.745055
v -1.196522 1.221892 -0.759770
v -1.121668 1.212068 -0.774168
v -1.046299 1.202567 -0.788093
v -0.970253 1.193496 -0.801383
v -0.893399 1.184943 -0.813863
v -0.815619 1.176995 -0.825356
v -1.271012 1.284549 -0.761606
v -1.196415 1.275867 -0.776832
v -1.121511 1.267361 -0.791718
v -1.046149 1.259120 -0.806096
v -0.970177 1.251231 -0.819795
v -0.893446 1.243780 -0.832644
v -0.815810 1.236854 -0.844470
v 0.651219 0.858058 -0.728463
v 0.728799 0.873001 -0.719970
v 0.804242 0.889730 -0.711270
v 0.876734 0.908474 -0.702843
v 0.951885 0.929315 -0.695471
v 1.035921 0.952167 -0.689811
v 1.104198 0.977309 -0.684729
v 0.651233 0.923120 -0.749228
v 0.729378 0.936439 -0.740142
v 0.805960 0.951210 -0.730613
v 0.880430 0.967556 -0.721024
v 0.958808 0.985427 -0.712046
v 1.045091 1.004573 -0.704003
v 1.122643 1.024972 -0.696010
v 0.651225 0.987662 -0.769829
v 0.729885 0.999424 -0.760180
v 0.807482 1.012339 -0.749883
v 0.883695 1.026439 -0.739235
v 0.960724 1.041664 -0.728617
v 1.051616 1.057566 -0.718782
v 1.137104 1.074189 -0.708715
v 0.651184 1.051425 -0.790183
v 0.730283 1.061729 -0.780019
v 0.808709 1.072941 -0.769044
v 0.886314 1.085027 -0.757490
v 0.972560 1.097760 -0.746073
v 1.062930 1.111041 -0.734654
v 1.147606 1.124829 -0.722788
v 0.651102 1.114148 -0.810208
v 0.730546 1.123124 -0.799589
v 0.809570 1.132828 -0.788047
v 0.888193 1.143189 -0.775781
v 0.983427 1.153832 -0.763878
v 1.077067 1.164935 -0.751510
v 1.154538 1.176598 -0.738034
v 0.650971 1.175570 -0.829819
v 0.730677 1.183364 -0.818807
v 0.810105 1.191764 -0.806805
v 0.889289 1.200684 -0.793993
v 0.985118 1.209747 -0.781436
v 1.080040 1.219147 -0.768365
v 1.158648 1.229038 -0.754120
v 0.650788 1.235429 -0.848932
v 0.730689 1.242202 -0.837588
v 0.810378 1.249499 -0.825219
v 0.889894 1.257236 -0.811997
v 0.986038 1.265042 -0.798982
v 1.081606 1.273121 -0.785432
v 1.160777 1.281652 -0.770678
v -0.654749 0.833780 -0.739507
v -0.573249 0.823011 -0.745614
v -0.491113 0.813703 -0.750667
v -0.408504 0.805924 -0.754723
v -0.325586 0.799739 -0.757837
v -0.242523 0.795215 -0.760064
v -0.159478 0.792420 -0.761460
v -0.655158 0.901491 -0.761129
v -0.573786 0.891844 -0.767594
v -0.491743 0.883516 -0.772960
v -0.409199 0.876561 -0.777280
v -0.326322 0.871036 -0.780604
v -0.243281 0.866998 -0.782986
v -0.160246 0.864501 -0.784477
v -0.655572 0.968597 -0.782557
v -0.574323 0.960036 -0.789369
v -0.492371 0.952655 -0.795038
v -0.409889 0.946499 -0.799613
v -0.327051 0.941614 -0.803142
v -0.244032 0.938045 -0.805673
v -0.161006 0.935838 -0.807258
v -0.655990 1.034793 -0.803695
v -0.574859 1.027266 -0.810837
v -0.492993 1.020785 -0.816794
v -0.410570 1.015389 -0.821611
v -0.327770 1.011111 -0.825334
v -0.244772 1.007989 -0.828008
v -0.161755 1.006057 -0.829680
v -0.656415 1.099778 -0.824446
v -0.575394 1.093212 -0.831896
v -0.493608 1.087570 -0.838120
v -0.411240 1.082880 -0.843163
v -0.328475 1.079169 -0.847066
v -0.245496 1.076462 -0.849874
v -0.162487 1.074786 -0.851627
v -0.656850 1.163248 -0.844714
v -0.575927 1.157553 -0.852442
v -0.494214 1.152673 -0.858909
v -0.411896 1.148624 -0.864156
v -0.329163 1.145426 -0.868224
v -0.246201 1.143096 -0.871152
v -0.163200 1.141653 -0.872979
v -0.657294 1.224901 -0.864402
v -0.576459 1.219971 -0.872373
v -0.494809 1.215758 -0.879054
v -0.412535 1.212272 -0.884481
v -0.329830 1.209523 -0.888692
v -0.246884 1.207524 -0.891725
v -0.163889 1.206284 -0.893618
v -0.086208 1.747225 -1.198394
v -0.778758 1.743817 -1.147376
v 0.607192 1.749256 -1.153844
v -0.082526 1.229904 -1.033200
v -0.774034 1.252047 -0.990358
v 0.604706 1.250883 -0.994679
v -0.086385 1.836205 -1.226808
v -0.086496 1.933058 -1.257735
v -0.086549 2.036660 -1.290818
v -0.086555 2.145885 -1.325696
v -0.086522 2.259609 -1.362011
v -0.086460 2.376707 -1.399404
v -0.086380 2.496055 -1.437515
v -0.083157 1.289306 -1.052169
v -0.083750 1.347214 -1.070661
v -0.084300 1.405127 -1.089153
v -0.084801 1.464544 -1.108127
v -0.085248 1.526963 -1.128059
v -0.085635 1.593884 -1.149428
v -0.085957 1.666805 -1.172714
v -0.861897 1.743597 -1.133867
v -0.943358 1.743395 -1.118975
v -1.023208 1.743194 -1.102942
v -1.101591 1.742980 -1.085998
v -1.178659 1.742744 -1.068367
v -1.254566 1.742476 -1.050267
v -1.317797 1.744059 -1.033570
v 0.521517 1.749583 -1.165127
v 0.435413 1.749677 -1.174679
v 0.348993 1.749570 -1.182543
v 0.262303 1.749293 -1.188771
v 0.175394 1.748882 -1.193417
v 0.088310 1.748373 -1.196534
v 0.001100 1.747807 -1.198174
v -0.173638 1.746663 -1.197230
v -0.261131 1.746133 -1.194659
v -0.348544 1.745637 -1.190644
v -0.435717 1.745180 -1.185141
v -0.522490 1.744764 -1.178108
v -0.608705 1.744396 -1.169500
v -0.694204 1.744079 -1.159270
v -0.774468 1.308835 -1.008487
v -0.774933 1.364559 -1.026276
v -0.775437 1.420421 -1.044111
v -0.775985 1.477623 -1.062376
v -0.776584 1.537364 -1.081451
v -0.777242 1.600847 -1.101722
v -0.777966 1.669269 -1.123571
v -0.779628 1.825298 -1.173420
v -0.780637 1.913244 -1.201665
v -0.781859 2.006931 -1.232017
v -0.783365 2.105619 -1.264373
v -0.785236 2.208553 -1.298674
v -0.787709 2.315200 -1.335101
v -0.791414 2.424988 -1.373989
v 1.168362 1.744788 -1.043859
v 1.105739 1.742667 -1.059106
v 1.023916 1.744177 -1.076916
v 0.940841 1.745579 -1.094177
v 0.858889 1.746799 -1.110796
v 0.776002 1.747841 -1.126438
v 0.692106 1.748670 -1.140870
v 0.604289 1.307696 -1.012825
v 0.603925 1.363506 -1.030651
v 0.603691 1.419595 -1.048564
v 0.603666 1.477249 -1.066977
v 0.603928 1.537757 -1.086300
v 0.604552 1.602404 -1.106945
v 0.605615 1.672480 -1.129324
v 0.609354 1.833629 -1.180815
v 0.612179 1.925220 -1.210228
v 0.615754 2.023386 -1.242014
v 0.620161 2.127469 -1.276097
v 0.625522 2.236856 -1.312461
v 0.632217 2.351380 -1.351404
v 0.641168 2.471136 -1.393474
v -0.077443 0.753426 -0.881049
v -0.078213 0.825609 -0.904099
v -0.078975 0.897045 -0.926910
v -0.079725 0.967358 -0.949363
v -0.080460 1.036174 -0.971337
v -0.081174 1.103120 -0.992715
v -0.081864 1.167822 -1.013376
v -0.771510 0.808667 -0.848849
v -0.771838 0.875126 -0.870058
v -0.772173 0.941017 -0.891086
v -0.772516 1.006057 -0.911843
v -0.772870 1.069963 -0.932239
v -0.773239 1.132452 -0.952184
v -0.773626 1.193242 -0.971587
v 0.607172 0.807449 -0.853018
v 0.606857 0.873905 -0.874249
v 0.606535 0.939796 -0.895300
v 0.606202 1.004839 -0.916080
v 0.605856 1.068753 -0.936498
v 0.605493 1.131253 -0.956464
v 0.605111 1.192058 -0.975888
v 0.519516 1.245947 -1.004277
v 0.434076 1.241659 -1.012431
v 0.348447 1.238029 -1.019176
v 0.262631 1.235061 -1.024552
v 0.176628 1.232761 -1.028600
v 0.090438 1.231132 -1.031363
v 0.004060 1.230179 -1.032882
v -0.857455 1.257825 -0.978775
v -0.939255 1.264165 -0.965984
v -1.019495 1.270976 -0.952203
v -1.098315 1.278167 -0.937636
v -1.175859 1.285651 -0.922482
v -1.252274 1.293341 -0.906933
v -1.306481 1.299692 -0.892507
v 1.166254 1.296539 -0.900837
v 1.104608 1.290343 -0.914759
v 1.022136 1.283026 -0.929728
v 0.938587 1.275909 -0.944250
v 0.856287 1.269034 -0.958261
v 0.773226 1.262514 -0.971469
v 0.689361 1.256435 -0.983677
v -0.169387 1.230310 -1.032345
v -0.256462 1.231393 -1.030289
v -0.343595 1.233152 -1.026992
v -0.430613 1.235584 -1.022412
v -0.517345 1.238688 -1.016505
v -0.603620 1.242466 -1.009224
v -0.689263 1.246919 -1.000522
v -0.560515 2.503239 -1.391716
v -0.397101 2.509904 -1.395079
v -0.233849 2.516860 -1.398166
v -0.070659 2.524120 -1.400972
v 0.092575 2.531688 -1.403499
v 0.255952 2.539559 -1.405759
v 0.419567 2.547719 -1.407768
v 0.694285 1.831250 -1.167256
v 0.778067 1.828352 -1.152148
v 0.860721 1.825005 -1.135752
v 0.942331 1.821275 -1.118320
v 1.024984 1.817201 -1.100199
v 1.106299 1.812896 -1.081493
v 1.168768 1.812306 -1.065459
v 0.697167 1.920678 -1.195946
v 0.780793 1.915250 -1.179985
v 0.863078 1.909058 -1.162641
v 0.944119 1.902218 -1.144200
v 1.026051 1.894818 -1.125037
v 1.106510 1.887025 -1.105261
v 1.170010 1.882525 -1.088216
v 0.700875 2.016328 -1.226859
v 0.784281 2.007885 -1.209830
v 0.865975 1.998257 -1.191305
v 0.946063 1.987634 -1.171640
v 1.026761 1.976182 -1.151259
v 1.105769 1.964136 -1.130267
v 1.168663 1.955096 -1.112743
v 0.705548 2.117572 -1.259906
v 0.788652 2.105618 -1.241566
v 0.869439 2.091913 -1.221591
v 0.948026 2.076764 -1.200464
v 1.024741 2.060490 -1.178586
v 1.102087 2.043337 -1.156292
v 1.167449 2.028582 -1.137175
v 0.711477 2.223802 -1.295009
v 0.794133 2.207803 -1.275038
v 0.873536 2.189345 -1.253312
v 0.949933 2.168887 -1.230479
v 1.023784 2.146909 -1.207051
v 1.097804 2.123747 -1.183330
v 1.159132 2.103248 -1.162640
v 0.719365 2.334660 -1.332208
v 0.801098 2.313720 -1.309984
v 0.878366 2.289737 -1.286134
v 0.951881 2.263305 -1.261394
v 1.022207 2.234909 -1.236306
v 1.092027 2.204837 -1.211131
v 1.151717 2.176136 -1.188063
v 0.730743 2.449750 -1.371344
v 0.809886 2.422590 -1.346047
v 0.883976 2.392210 -1.319672
v 0.953982 2.359286 -1.292888
v 1.019920 2.323971 -1.266055
v 1.085344 2.286194 -1.239475
v 1.145016 2.246130 -1.212925
v -0.695067 1.827103 -1.185807
v -0.609556 1.828788 -1.196470
v -0.523318 1.830349 -1.205453
v -0.436503 1.831782 -1.212804
v -0.349256 1.833083 -1.218572
v -0.261723 1.834252 -1.222800
v -0.174053 1.835292 -1.225532
v -0.696006 1.916890 -1.214636
v -0.610435 1.920199 -1.225790
v -0.524149 1.923171 -1.235181
v -0.437289 1.925805 -1.242876
v -0.349972 1.928106 -1.248936
v -0.262311 1.930077 -1.253406
v -0.174443 1.931726 -1.256326
v -0.697036 2.012655 -1.245638
v -0.611311 2.017767 -1.257288
v -0.524926 2.022288 -1.267063
v -0.438016 2.026238 -1.275072
v -0.350652 2.029644 -1.281413
v -0.262878 2.032512 -1.286132
v -0.174804 2.034848 -1.289258
v -0.698145 2.113605 -1.278692
v -0.612129 2.120636 -1.290798
v -0.525588 2.126768 -1.300871
v -0.438635 2.132076 -1.309108
v -0.351262 2.136640 -1.315682
v -0.263405 2.140464 -1.320635
v -0.175134 2.143546 -1.323973
v -0.699198 2.218927 -1.313708
v -0.612737 2.227934 -1.326144
v -0.526069 2.235680 -1.336356
v -0.439124 2.242319 -1.344689
v -0.351789 2.248036 -1.351414
v -0.263886 2.252840 -1.356568
v -0.175434 2.256707 -1.360114
v -0.699831 2.327932 -1.350751
v -0.612821 2.338754 -1.363105
v -0.526266 2.347992 -1.373163
v -0.439481 2.355905 -1.381447
v -0.352244 2.362750 -1.388252
v -0.264327 2.368540 -1.393577
v -0.175709 2.373215 -1.397327
v -0.698364 2.439782 -1.389912
v -0.612154 2.452199 -1.401381
v -0.526173 2.462642 -1.410886
v -0.439742 2.471733 -1.418992
v -0.352652 2.479682 -1.425828
v -0.264742 2.486459 -1.431303
v -0.175969 2.491956 -1.435254
v -0.689759 1.304281 -1.018836
v -0.604164 1.300341 -1.027704
v -0.517925 1.297009 -1.035128
v -0.431218 1.294281 -1.041155
v -0.344215 1.292149 -1.045831
v -0.257090 1.290612 -1.049199
v -0.170018 1.289665 -1.051298
v -0.690272 1.360483 -1.036781
v -0.604712 1.356969 -1.045785
v -0.518500 1.354007 -1.053328
v -0.431809 1.351590 -1.059455
v -0.344815 1.349709 -1.064212
v -0.257692 1.348357 -1.067638
v -0.170618 1.347528 -1.069775
v -0.690810 1.416789 -1.054759
v -0.605276 1.413668 -1.063890
v -0.519081 1.411049 -1.071543
v -0.432400 1.408921 -1.077763
v -0.345406 1.407274 -1.082594
v -0.258277 1.406099 -1.086077
v -0.171188 1.405386 -1.088251
v -0.691383 1.474462 -1.073174
v -0.605866 1.471758 -1.082439
v -0.519681 1.469502 -1.090208
v -0.433000 1.467682 -1.096527
v -0.345997 1.466286 -1.101438
v -0.258849 1.465304 -1.104982
v -0.171730 1.464727 -1.107200
v -0.692000 1.534766 -1.092430
v -0.606494 1.532558 -1.101854
v -0.520310 1.530734 -1.109761
v -0.433620 1.529280 -1.116197
v -0.346597 1.528186 -1.121204
v -0.259414 1.527442 -1.124825
v -0.172245 1.527038 -1.127097
v -0.692670 1.598963 -1.112930
v -0.607170 1.597388 -1.122556
v -0.520981 1.596111 -1.130638
v -0.434273 1.595124 -1.137223
v -0.347216 1.594417 -1.142354
v -0.259979 1.593981 -1.146073
v -0.172734 1.593806 -1.148418
v -0.693403 1.668318 -1.135077
v -0.607905 1.667564 -1.144965
v -0.521706 1.667001 -1.153275
v -0.434970 1.666623 -1.160055
v -0.347862 1.666421 -1.165347
v -0.260550 1.666389 -1.169195
v -0.173198 1.666519 -1.171637
v 0.689026 1.312628 -1.001628
v 0.772990 1.318043 -0.989212
v 0.856164 1.323860 -0.975782
v 0.938591 1.330001 -0.961539
v 1.022269 1.336358 -0.946778
v 1.104901 1.342898 -0.931564
v 1.167335 1.348606 -0.917583
v 0.688724 1.367921 -1.019290
v 0.772758 1.372778 -1.006697
v 0.856013 1.378002 -0.993081
v 0.938526 1.383524 -0.978642
v 1.022291 1.389241 -0.963677
v 1.105029 1.395125 -0.948256
v 1.166291 1.400504 -0.934693
v 0.688536 1.423521 -1.037048
v 0.772614 1.427844 -1.024284
v 0.855911 1.432498 -1.010487
v 0.938467 1.437419 -0.995856
v 1.022271 1.442511 -0.980693
v 1.105053 1.447752 -0.965066
v 1.169233 1.453018 -0.951276
v 0.688542 1.480643 -1.055290
v 0.772638 1.484376 -1.042337
v 0.855938 1.488389 -1.028334
v 0.938488 1.492629 -1.013484
v 1.022278 1.497009 -0.998092
v 1.105034 1.501514 -0.982230
v 1.163006 1.507078 -0.968657
v 0.688822 1.540505 -1.074405
v 0.772908 1.543507 -1.061217
v 0.856172 1.546720 -1.046954
v 0.938662 1.550102 -1.031828
v 1.022379 1.553578 -1.016145
v 1.105032 1.557148 -0.999980
v 1.167620 1.562066 -0.986181
v 0.689457 1.604321 -1.094782
v 0.773506 1.606373 -1.081285
v 0.856691 1.608536 -1.066683
v 0.939064 1.610786 -1.051190
v 1.022642 1.613066 -1.035120
v 1.105108 1.615392 -1.018553
v 1.166573 1.620084 -1.004354
v 0.690525 1.673309 -1.116809
v 0.774511 1.674110 -1.102906
v 0.857570 1.674884 -1.087853
v 0.939765 1.675630 -1.071873
v 1.023133 1.676317 -1.055287
v 1.105324 1.676986 -1.038183
v 1.169554 1.680444 -1.023314
v -1.311356 1.351779 -0.908891
v -1.252009 1.345706 -0.923625
v -1.175741 1.338835 -0.939439
v -1.098335 1.332145 -0.954852
v -1.019641 1.325719 -0.969667
v -0.939513 1.319637 -0.983685
v -0.857809 1.313980 -0.996698
v -1.311023 1.403469 -0.925570
v -1.251945 1.397732 -0.940217
v -1.175788 1.391546 -0.956252
v -1.098487 1.385523 -0.971880
v -1.019888 1.379737 -0.986904
v -0.939844 1.374263 -1.001119
v -0.858214 1.369178 -1.014317
v -1.310456 1.455791 -0.941975
v -1.252059 1.450131 -0.956934
v -1.175985 1.444588 -0.973176
v -1.098760 1.439191 -0.989006
v -1.020231 1.434005 -1.004224
v -0.940249 1.429102 -1.018623
v -0.858673 1.424549 -1.031994
v -1.307380 1.509282 -0.959106
v -1.252331 1.503611 -0.974002
v -1.176314 1.498763 -0.990467
v -1.099144 1.494038 -1.006513
v -1.020664 1.489499 -1.021938
v -0.940727 1.485208 -1.036535
v -0.859189 1.481226 -1.050089
v -1.311640 1.563946 -0.976578
v -1.252740 1.558881 -0.991645
v -1.176762 1.554868 -1.008377
v -1.099629 1.550955 -1.024684
v -1.021184 1.547193 -1.040358
v -0.941278 1.543637 -1.055189
v -0.859767 1.540341 -1.068964
v -1.306994 1.621842 -0.995017
v -1.253262 1.616646 -1.010088
v -1.177313 1.613703 -1.027162
v -1.100205 1.610827 -1.043800
v -1.021784 1.608060 -1.059792
v -0.941900 1.605444 -1.074925
v -0.860408 1.603023 -1.088979
v -1.309013 1.681952 -1.013930
v -1.253878 1.677611 -1.029554
v -1.177949 1.676064 -1.047074
v -1.100862 1.674543 -1.064145
v -1.022460 1.673072 -1.080551
v -0.942593 1.671683 -1.096076
v -0.861117 1.670403 -1.110495
v -1.313760 1.811700 -1.055583
v -1.255211 1.811659 -1.072383
v -1.179373 1.814246 -1.091214
v -1.102369 1.816722 -1.109555
v -1.024037 1.819072 -1.127181
v -0.944217 1.821286 -1.143861
v -0.862769 1.823361 -1.159357
v -1.310645 1.881872 -1.078809
v -1.255311 1.884463 -1.095804
v -1.179806 1.889971 -1.115507
v -1.103089 1.895243 -1.134706
v -1.024961 1.900231 -1.153173
v -0.945250 1.904904 -1.170665
v -0.863823 1.909247 -1.186920
v -1.309589 1.953523 -1.102489
v -1.254273 1.959928 -1.120374
v -1.179622 1.969059 -1.141072
v -1.103631 1.977768 -1.161272
v -1.026015 1.985952 -1.180758
v -0.946566 1.993558 -1.199254
v -0.865178 2.000560 -1.216451
v -1.307574 2.025912 -1.126963
v -1.251504 2.037096 -1.145936
v -1.178488 2.050660 -1.167731
v -1.103882 2.063532 -1.189076
v -1.027242 2.075529 -1.209774
v -0.948293 2.086564 -1.229495
v -0.866970 2.096602 -1.247838
v -1.300196 2.098633 -1.152429
v -1.246547 2.115103 -1.172328
v -1.176180 2.134008 -1.195306
v -1.103785 2.151827 -1.217930
v -1.028725 2.168287 -1.240039
v -0.950664 2.183247 -1.261223
v -0.869468 2.196668 -1.280972
v -1.297195 2.168583 -1.176612
v -1.239484 2.193437 -1.199362
v -1.172915 2.218612 -1.223574
v -1.103479 2.242049 -1.247580
v -1.030622 2.263520 -1.271253
v -0.954072 2.282913 -1.294183
v -0.873295 2.300191 -1.315822
v -1.288107 2.236751 -1.201418
v -1.230667 2.271749 -1.226833
v -1.169019 2.304041 -1.252297
v -1.103124 2.333586 -1.277744
v -1.033037 2.360491 -1.303086
v -0.958897 2.384877 -1.328051
v -0.879912 2.406590 -1.352159
v 0.003432 1.289535 -1.051836
v 0.089815 1.290354 -1.050274
v 0.176016 1.291763 -1.047441
v 0.262035 1.293765 -1.043297
v 0.347878 1.296359 -1.037803
v 0.433545 1.299546 -1.030918
v 0.519034 1.303326 -1.022602
v 0.002850 1.347414 -1.070319
v 0.089247 1.348131 -1.068724
v 0.175465 1.349368 -1.065836
v 0.261509 1.351130 -1.061616
v 0.347382 1.353421 -1.056025
v 0.433084 1.356246 -1.049024
v 0.518617 1.359607 -1.040577
v 0.002326 1.405318 -1.088809
v 0.088756 1.405960 -1.087190
v 0.175012 1.407059 -1.084259
v 0.261096 1.408621 -1.079975
v 0.347012 1.410650 -1.074301
v 0.432759 1.413152 -1.067198
v 0.518338 1.416133 -1.058628
v 0.001877 1.464749 -1.107787
v 0.088368 1.465342 -1.106153
v 0.174689 1.466326 -1.103184
v 0.260841 1.467705 -1.098843
v 0.346823 1.469482 -1.093089
v 0.432634 1.471662 -1.085884
v 0.518269 1.474250 -1.077189
v 0.001517 1.527210 -1.127732
v 0.088106 1.527775 -1.126089
v 0.174532 1.528654 -1.123088
v 0.260790 1.529848 -1.118688
v 0.346873 1.531354 -1.112848
v 0.432773 1.533173 -1.105528
v 0.518481 1.535308 -1.096689
v 0.001257 1.594205 -1.149126
v 0.087993 1.594758 -1.147479
v 0.174574 1.595532 -1.144445
v 0.260987 1.596516 -1.139979
v 0.347216 1.597703 -1.134038
v 0.433241 1.599083 -1.126579
v 0.519046 1.600652 -1.117559
v 0.001114 1.667236 -1.172446
v 0.088053 1.667792 -1.170801
v 0.174851 1.668446 -1.167730
v 0.261478 1.669178 -1.163185
v 0.347905 1.669965 -1.157117
v 0.434101 1.670789 -1.149481
v 0.520035 1.671633 -1.140229
v 0.001224 1.836979 -1.226650
v 0.088775 1.837562 -1.225016
v 0.176216 1.837889 -1.221845
v 0.263478 1.837897 -1.217077
v 0.350497 1.837528 -1.210650
v 0.437207 1.836727 -1.202504
v 0.523538 1.835443 -1.192576
v 0.001467 1.934064 -1.257653
v 0.089417 1.934674 -1.256033
v 0.177274 1.934801 -1.252814
v 0.264950 1.934362 -1.247931
v 0.352376 1.933276 -1.241318
v 0.439471 1.931448 -1.232887
v 0.526132 1.928791 -1.222550
v 0.001808 2.037932 -1.290823
v 0.090196 2.038589 -1.289232
v 0.178508 2.038531 -1.285992
v 0.266644 2.037663 -1.281046
v 0.354562 2.035883 -1.274319
v 0.442174 2.033024 -1.265671
v 0.529323 2.028913 -1.254950
v 0.002223 2.147455 -1.325800
v 0.091072 2.148187 -1.324260
v 0.179861 2.147991 -1.321047
v 0.268494 2.146778 -1.316129
v 0.356992 2.144430 -1.309427
v 0.445270 2.140641 -1.300701
v 0.533113 2.135087 -1.289676
v 0.002693 2.261504 -1.362225
v 0.092015 2.262351 -1.360763
v 0.181296 2.262093 -1.357642
v 0.270457 2.260680 -1.352875
v 0.359588 2.257973 -1.346388
v 0.448617 2.253466 -1.337808
v 0.537401 2.246609 -1.326670
v 0.003204 2.378949 -1.399736
v 0.093004 2.379944 -1.398375
v 0.182786 2.379700 -1.395401
v 0.272484 2.378220 -1.390891
v 0.362199 2.375381 -1.384812
v 0.451913 2.370580 -1.376762
v 0.541937 2.363022 -1.366062
v 0.003740 2.498659 -1.437971
v 0.094027 2.499827 -1.436726
v 0.184320 2.499647 -1.433938
v 0.274552 2.498200 -1.429755
v 0.364751 2.495454 -1.424251
v 0.454918 2.491000 -1.417232
v 0.545355 2.483763 -1.407998
v 0.009134 0.754290 -0.880919
v 0.095462 0.756969 -0.879950
v 0.181537 0.761398 -0.878081
v 0.267336 0.767511 -0.875248
v 0.352832 0.775242 -0.871387
v 0.438000 0.784521 -0.866437
v 0.522817 0.795281 -0.860331
v 0.008365 0.826371 -0.903936
v 0.094702 0.828752 -0.902873
v 0.180797 0.832696 -0.900849
v 0.266631 0.838149 -0.897805
v 0.352183 0.845054 -0.893682
v 0.437431 0.853354 -0.888420
v 0.522355 0.862991 -0.881959
v 0.007605 0.897708 -0.926716
v 0.093950 0.899799 -0.925560
v 0.180064 0.903274 -0.923386
v 0.265932 0.908087 -0.920139
v 0.351538 0.914193 -0.915761
v 0.436863 0.921545 -0.910198
v 0.521891 0.930096 -0.903394
v 0.006857 0.967927 -0.949139
v 0.093210 0.969743 -0.947894
v 0.179341 0.972771 -0.945578
v 0.265243 0.976977 -0.942137
v 0.350899 0.982324 -0.937518
v 0.436297 0.988775 -0.931669
v 0.521425 0.996294 -0.924538
v 0.006124 1.036656 -0.971085
v 0.092484 1.038216 -0.969760
v 0.178633 1.040829 -0.967311
v 0.264565 1.044469 -0.963689
v 0.350269 1.049109 -0.958846
v 0.435736 1.054722 -0.952731
v 0.520955 1.061281 -0.945295
v 0.005410 1.103523 -0.992438
v 0.091778 1.104850 -0.991038
v 0.177943 1.107086 -0.988469
v 0.263901 1.110213 -0.984684
v 0.349648 1.114213 -0.979636
v 0.435177 1.119066 -0.973280
v 0.520481 1.124754 -0.965569
v 0.004721 1.168155 -1.013076
v 0.091095 1.169278 -1.011611
v 0.177273 1.171184 -1.008937
v 0.263256 1.173860 -1.005008
v 0.349040 1.177298 -0.999782
v 0.434624 1.181486 -0.993214
v 0.520002 1.186411 -0.985262
v -1.281026 0.947342 -0.791051
v -1.225868 0.919212 -0.795414
v -1.160786 0.895674 -0.802806
v -1.090757 0.874292 -0.811326
v -1.016109 0.855078 -0.820660
v -0.937513 0.837874 -0.830356
v -0.855711 0.822475 -0.839923
v -1.291812 0.991285 -0.802131
v -1.235474 0.971562 -0.809568
v -1.166066 0.951780 -0.819242
v -1.093378 0.933373 -0.829406
v -1.017210 0.916561 -0.839932
v -0.937907 0.901316 -0.850484
v -0.855937 0.887540 -0.860664
v -1.297133 1.039607 -0.815040
v -1.243085 1.024487 -0.824380
v -1.170453 1.007929 -0.835908
v -1.095582 0.992243 -0.847523
v -1.018141 0.977682 -0.859135
v -0.938256 0.964298 -0.870479
v -0.856164 0.952081 -0.881241
v -1.305392 1.090594 -0.828758
v -1.248401 1.078008 -0.839934
v -1.173624 1.064117 -0.852886
v -1.097183 1.050804 -0.865695
v -1.018822 1.038267 -0.878234
v -0.938538 1.026593 -0.890278
v -0.856393 1.015840 -0.901572
v -1.308760 1.142533 -0.843781
v -1.251386 1.132026 -0.856215
v -1.175394 1.120280 -0.870202
v -1.098064 1.108932 -0.883913
v -1.019208 1.098129 -0.897184
v -0.938746 1.087973 -0.909811
v -0.856626 1.078555 -0.921575
v -1.305953 1.194810 -0.859760
v -1.252576 1.186194 -0.872993
v -1.176072 1.176144 -0.887706
v -1.098391 1.166385 -0.902067
v -1.019377 1.157034 -0.915896
v -0.938908 1.148194 -0.928997
v -0.856874 1.139967 -0.941166
v -1.307678 1.247466 -0.876012
v -1.252648 1.240101 -0.889992
v -1.176085 1.231377 -0.905198
v -1.098397 1.222888 -0.920020
v -1.019437 1.214733 -0.934269
v -0.939065 1.207008 -0.947750
v -0.857147 1.199811 -0.960261
v 0.690538 0.820995 -0.844584
v 0.771922 0.836085 -0.835490
v 0.850531 0.852943 -0.826243
v 0.925628 0.871784 -0.817330
v 0.996665 0.892775 -0.809204
v 1.066545 0.915868 -0.802346
v 1.127514 0.942326 -0.797558
v 0.690478 0.886055 -0.865360
v 0.772454 0.899522 -0.855670
v 0.852234 0.914420 -0.845588
v 0.929331 0.930858 -0.835508
v 1.003469 0.948875 -0.825765
v 1.077419 0.968220 -0.816624
v 1.135977 0.987118 -0.809219
v 0.690395 0.950597 -0.885973
v 0.772905 0.962505 -0.875718
v 0.853726 0.975543 -0.864862
v 0.932580 0.989729 -0.853718
v 1.009303 1.005025 -0.842545
v 1.086500 1.021142 -0.831549
v 1.142993 1.035766 -0.822326
v 0.690279 1.014361 -0.906339
v 0.773238 1.024809 -0.895568
v 0.854901 1.036138 -0.884031
v 0.935150 1.048301 -0.871978
v 1.014226 1.061216 -0.859645
v 1.093619 1.074666 -0.847224
v 1.149435 1.086573 -0.836592
v 0.690120 1.077089 -0.926378
v 0.773423 1.086205 -0.915152
v 0.855686 1.096021 -0.903047
v 0.936889 1.106454 -0.890280
v 1.019094 1.117375 -0.877156
v 1.099749 1.128687 -0.863692
v 1.156343 1.138635 -0.851829
v 0.689914 1.138518 -0.946003
v 0.773468 1.146454 -0.934387
v 0.856127 1.154964 -0.921826
v 0.937916 1.163954 -0.908517
v 1.020876 1.173295 -0.894756
v 1.102577 1.182918 -0.880586
v 1.162012 1.191280 -0.867832
v 0.689661 1.198388 -0.965132
v 0.773396 1.205307 -0.953189
v 0.856301 1.212719 -0.940264
v 0.938419 1.220531 -0.926552
v 1.021773 1.228621 -0.912346
v 1.104001 1.236938 -0.897701
v 1.166263 1.244069 -0.884250
v -0.685950 0.796283 -0.856663
v -0.599688 0.785343 -0.863274
v -0.512957 0.775908 -0.868737
v -0.425906 0.768037 -0.873117
v -0.338684 0.761790 -0.876476
v -0.251437 0.757230 -0.878877
v -0.164314 0.754421 -0.880381
v -0.686413 0.863995 -0.878278
v -0.600258 0.854177 -0.885251
v -0.513606 0.845720 -0.891028
v -0.426611 0.838674 -0.895672
v -0.339424 0.833088 -0.899242
v -0.252197 0.829013 -0.901799
v -0.165082 0.826502 -0.903398
v -0.686879 0.931100 -0.899700
v -0.600827 0.922368 -0.907023
v -0.514252 0.914860 -0.913105
v -0.427311 0.908612 -0.918005
v -0.340157 0.903665 -0.921780
v -0.252949 0.900060 -0.924486
v -0.165842 0.897839 -0.926178
v -0.687346 0.997296 -0.920831
v -0.601393 0.989597 -0.928487
v -0.514892 0.982990 -0.934859
v -0.428001 0.977502 -0.940002
v -0.340880 0.973163 -0.943972
v -0.253690 0.970004 -0.946820
v -0.166591 0.968058 -0.948601
v -0.687818 1.062278 -0.941576
v -0.601957 1.055542 -0.949542
v -0.515523 1.049774 -0.956183
v -0.428679 1.044993 -0.961553
v -0.341589 1.041220 -0.965704
v -0.254416 1.038477 -0.968686
v -0.167324 1.036787 -0.970548
v -0.688294 1.125745 -0.961837
v -0.602517 1.119882 -0.970085
v -0.516143 1.114876 -0.976970
v -0.429343 1.110737 -0.982546
v -0.342280 1.107477 -0.986861
v -0.255122 1.105111 -0.989964
v -0.168037 1.103654 -0.991900
v -0.688775 1.187393 -0.981518
v -0.603071 1.182297 -0.990013
v -0.516752 1.177959 -0.997114
v -0.429989 1.174383 -1.002870
v -0.342950 1.171574 -1.007329
v -0.255805 1.169539 -1.010537
v -0.168726 1.168285 -1.012539
v -1.280987 0.951328 -0.717794
v -1.246962 0.971432 -0.669263
v -1.267058 0.959922 -0.692351
v -1.254604 0.967281 -0.674587
v 1.145354 0.947901 -0.726254
v 1.120615 0.968598 -0.678138
v 1.138273 0.956746 -0.701159
v 1.127987 0.964343 -0.683482
v -1.280746 2.276301 -1.140663
v -1.246204 2.286808 -1.089309
v -1.266399 2.283767 -1.114976
v -1.253756 2.287613 -1.096179
v 1.158279 2.283883 -1.152615
v 1.132768 2.294924 -1.101681
v 1.150738 2.291337 -1.127205
v 1.140163 2.295399 -1.108497
v -0.076215 0.701515 -0.793229
v -0.076194 0.751990 -0.749490
v -0.076075 0.714627 -0.767487
v -0.076067 0.733102 -0.751478
v -0.085820 2.637176 -1.411335
v -0.085531 2.599518 -1.339453
v -0.085661 2.638480 -1.381823
v -0.085555 2.624696 -1.355512
v -1.360770 1.767186 -0.948845
v -1.311772 1.778228 -0.909320
v -1.348938 1.771958 -0.930200
v -1.332157 1.775927 -0.912021
v 1.204447 1.775844 -0.918839
v 1.241579 1.766646 -0.961894
v 1.225158 1.773338 -0.923612
v 1.237011 1.770128 -0.942271
v -0.760891 2.531546 -1.283832
v -0.778029 2.565755 -1.357373
v -0.764485 2.555911 -1.301340
v -0.770758 2.568432 -1.328258
v -0.735320 0.809675 -0.720710
v -0.751515 0.762177 -0.764218
v -0.737450 0.792158 -0.722977
v -0.743378 0.774772 -0.738902
v 0.572445 0.808405 -0.724687
v 0.588346 0.760933 -0.768277
v 0.574615 0.790892 -0.726965
v 0.580435 0.773516 -0.742921
v 0.593895 2.629081 -1.384611
v 0.617357 2.586206 -1.305705
v 0.673496 2.610670 -1.367642
v 0.600801 2.629224 -1.354465
v 0.620032 2.626112 -1.380216
v 0.620384 2.627937 -1.352655
v 0.640189 2.604444 -1.317778
v 0.609284 2.613779 -1.325905
v 0.626681 2.620916 -1.333031
v 0.649139 2.619385 -1.374013
v 0.660452 2.613296 -1.340097
v 0.639353 2.622934 -1.347997
v -1.310695 1.341036 -0.769713
v -1.356090 1.329397 -0.809514
v -1.331191 1.340591 -0.773103
v -1.347080 1.335185 -0.790826
v 1.204906 1.338057 -0.779043
v 1.237243 1.325213 -0.822264
v 1.225829 1.336703 -0.784775
v 1.233870 1.330880 -0.803707
v -1.356154 1.278296 -0.793972
v -1.311423 1.289304 -0.753266
v -1.347434 1.283886 -0.775272
v -1.331927 1.288695 -0.757982
v -1.354430 1.227512 -0.778609
v -1.311430 1.237448 -0.736972
v -1.347065 1.232802 -0.759555
v -1.331849 1.237498 -0.740837
v -1.354390 1.177234 -0.763752
v -1.309449 1.185985 -0.721339
v -1.344683 1.182318 -0.744327
v -1.329646 1.186435 -0.725527
v -1.350560 1.127990 -0.749751
v -1.304386 1.135477 -0.706770
v -1.339459 1.132954 -0.729991
v -1.324327 1.136578 -0.710746
v -1.348150 1.079448 -0.737932
v -1.295149 1.086456 -0.693676
v -1.335477 1.085230 -0.715087
v -1.314423 1.088245 -0.698044
v -1.335983 1.032964 -0.730131
v -1.280818 1.039379 -0.682408
v -1.319143 1.039730 -0.704817
v -1.298951 1.042079 -0.687349
v -1.311970 0.990698 -0.722691
v -1.260651 0.994632 -0.673248
v -1.295682 0.997130 -0.697137
v -1.276898 0.998570 -0.679040
v 0.669027 0.775810 -0.760651
v 0.651206 0.822561 -0.717134
v 0.660112 0.788269 -0.735409
v 0.653589 0.805381 -0.719481
v 0.747747 0.792477 -0.752496
v 0.728465 0.838404 -0.708972
v 0.738003 0.804801 -0.727352
v 0.730946 0.821611 -0.711421
v 0.823421 0.811273 -0.744408
v 0.803255 0.856225 -0.700738
v 0.813035 0.823445 -0.719334
v 0.805653 0.839899 -0.703350
v 0.894994 0.832538 -0.736977
v 0.874608 0.876314 -0.692970
v 0.884148 0.844536 -0.711938
v 0.876686 0.860560 -0.695830
v 0.962310 0.856593 -0.730836
v 0.945218 0.898884 -0.686382
v 0.952016 0.868375 -0.705830
v 0.945563 0.883858 -0.689548
v 1.034840 0.883596 -0.727129
v 1.025641 0.923941 -0.682032
v 1.027755 0.895077 -0.702224
v 1.023750 0.909855 -0.685683
v 1.096752 0.914134 -0.725659
v 1.092736 0.951990 -0.679121
v 1.092744 0.925250 -0.700747
v 1.090528 0.939119 -0.683673
v 1.241581 1.830279 -0.981927
v 1.203842 1.841619 -0.939884
v 1.236505 1.834356 -0.962182
v 1.224942 1.838319 -0.942450
v 1.240981 1.895800 -1.003006
v 1.202265 1.910194 -0.962068
v 1.236135 1.900559 -0.983114
v 1.223042 1.906041 -0.964701
v 1.240038 1.962339 -1.024971
v 1.198726 1.980530 -0.985307
v 1.235549 1.967985 -1.004653
v 1.219283 1.975366 -0.987335
v 1.239146 2.028904 -1.048194
v 1.192236 2.051590 -1.009515
v 1.233549 2.036095 -1.026398
v 1.212243 2.045202 -1.011241
v 1.235077 2.094700 -1.074879
v 1.181845 2.122358 -1.034602
v 1.221825 2.104336 -1.050908
v 1.201015 2.114515 -1.036021
v 1.211740 2.160735 -1.100015
v 1.166759 2.191905 -1.060470
v 1.202116 2.170882 -1.076120
v 1.184650 2.182308 -1.061592
v 1.187662 2.223871 -1.126003
v 1.146343 2.259393 -1.087008
v 1.178414 2.234604 -1.102195
v 1.162273 2.247623 -1.087868
v -0.859487 2.537590 -1.328876
v -0.835710 2.506826 -1.259650
v -0.848304 2.540500 -1.300745
v -0.839601 2.529240 -1.275407
v -0.933813 2.509256 -1.301483
v -0.908605 2.480062 -1.233984
v -0.921603 2.511935 -1.273602
v -0.912376 2.501249 -1.248896
v -1.004553 2.478830 -1.274211
v -0.979123 2.451533 -1.207872
v -0.991941 2.481534 -1.246492
v -0.982633 2.471542 -1.222210
v -1.071366 2.445876 -1.247075
v -1.046394 2.420815 -1.181623
v -1.058608 2.448745 -1.219480
v -1.049468 2.439572 -1.195523
v -1.133317 2.409754 -1.220117
v -1.109507 2.387377 -1.155403
v -1.120588 2.412903 -1.192624
v -1.111873 2.404712 -1.168937
v -1.189363 2.369770 -1.193373
v -1.167666 2.350711 -1.129288
v -1.176830 2.373315 -1.165970
v -1.168888 2.366339 -1.142513
v -1.238376 2.325196 -1.166891
v -1.220233 2.310403 -1.103332
v -1.226259 2.329285 -1.139565
v -1.219619 2.323870 -1.116300
v -0.668447 0.748640 -0.771294
v -0.654527 0.796819 -0.727704
v -0.661419 0.761363 -0.745870
v -0.656324 0.778998 -0.729915
v -0.584665 0.736655 -0.777263
v -0.572956 0.785431 -0.733613
v -0.578721 0.749486 -0.751748
v -0.574435 0.767339 -0.735771
v -0.500357 0.726296 -0.782183
v -0.490769 0.775583 -0.738495
v -0.495457 0.739217 -0.756595
v -0.491948 0.757257 -0.740604
v -0.415675 0.717637 -0.786116
v -0.408124 0.767348 -0.742405
v -0.411783 0.730630 -0.760472
v -0.409019 0.748825 -0.744473
v -0.330769 0.710754 -0.789125
v -0.325184 0.760798 -0.745402
v -0.327853 0.723801 -0.763440
v -0.325809 0.742118 -0.747436
v -0.245791 0.705722 -0.791273
v -0.242109 0.756007 -0.747544
v -0.243822 0.718807 -0.765558
v -0.242474 0.737212 -0.749552
v -0.160892 0.702616 -0.792620
v -0.159058 0.753046 -0.748887
v -0.159846 0.715723 -0.766887
v -0.159175 0.734182 -0.750880
v 0.542496 2.631217 -1.388249
v 0.530388 2.593295 -1.314838
v 0.538019 2.633166 -1.358861
v 0.533588 2.619285 -1.331991
v 0.451759 2.635141 -1.394392
v 0.442099 2.597559 -1.321818
v 0.448028 2.636814 -1.364977
v 0.444493 2.623058 -1.338413
v 0.361492 2.638196 -1.399884
v 0.353524 2.600586 -1.327686
v 0.358300 2.639698 -1.370446
v 0.355384 2.625932 -1.344020
v 0.271453 2.640381 -1.404595
v 0.264998 2.602639 -1.332552
v 0.268792 2.641770 -1.375131
v 0.266430 2.627956 -1.348762
v 0.181639 2.641560 -1.408323
v 0.176718 2.603718 -1.336347
v 0.179562 2.642883 -1.378836
v 0.177761 2.629032 -1.352491
v 0.092096 2.641552 -1.410845
v 0.088803 2.603679 -1.338895
v 0.090683 2.642842 -1.381340
v 0.089478 2.628980 -1.355004
v 0.002904 2.640158 -1.411928
v 0.001354 2.602340 -1.339997
v 0.002240 2.641444 -1.382412
v 0.001672 2.627602 -1.356084
v -1.311036 2.219641 -1.114923
v -1.259672 2.253023 -1.075096
v -1.294438 2.230172 -1.090780
v -1.275637 2.242391 -1.076202
v -1.334761 2.159145 -1.089574
v -1.279704 2.188229 -1.049273
v -1.317670 2.169100 -1.065366
v -1.297517 2.179745 -1.050615
v -1.351537 2.095002 -1.064770
v -1.294190 2.120762 -1.023962
v -1.334141 2.104511 -1.040494
v -1.313150 2.113940 -1.025557
v -1.358576 2.029387 -1.038587
v -1.303794 2.051524 -0.999289
v -1.344949 2.037565 -1.016264
v -1.323451 2.046025 -1.001140
v -1.360922 1.962976 -1.014060
v -1.309346 1.981525 -0.975377
v -1.351215 1.969433 -0.992777
v -1.329415 1.977104 -0.977472
v -1.360443 1.896751 -0.991208
v -1.311837 1.911881 -0.952336
v -1.350145 1.902212 -0.971786
v -1.332121 1.908334 -0.954661
v -1.361040 1.830957 -0.969815
v -1.312301 1.843735 -0.930280
v -1.349730 1.836046 -0.950938
v -1.332653 1.840821 -0.933779
v 1.239511 1.376419 -0.838922
v 1.205544 1.389267 -0.795395
v 1.235394 1.381852 -0.820724
v 1.226126 1.386946 -0.803576
v 1.239823 1.428188 -0.855489
v 1.205869 1.440342 -0.811724
v 1.234487 1.433349 -0.837506
v 1.224916 1.437927 -0.820710
v 1.239326 1.480832 -0.872142
v 1.206009 1.491864 -0.828157
v 1.234764 1.485607 -0.853809
v 1.226968 1.489937 -0.835250
v 1.239484 1.534446 -0.889074
v 1.205921 1.544385 -0.844929
v 1.235546 1.538700 -0.870613
v 1.226056 1.542437 -0.852841
v 1.239952 1.589489 -0.906474
v 1.205678 1.598477 -0.862201
v 1.235710 1.593352 -0.887825
v 1.225056 1.596659 -0.870515
v 1.240929 1.646240 -0.924249
v 1.205322 1.654706 -0.880157
v 1.235588 1.650046 -0.905310
v 1.224889 1.653024 -0.887222
v 1.240838 1.705432 -0.942695
v 1.204897 1.713639 -0.898976
v 1.235926 1.708936 -0.923353
v 1.225659 1.711581 -0.904063
v -0.173874 2.632467 -1.408909
v -0.171778 2.595094 -1.337130
v -0.172887 2.633811 -1.379417
v -0.172120 2.620132 -1.353144
v -0.261159 2.626173 -1.404808
v -0.257425 2.589201 -1.333165
v -0.259416 2.627580 -1.375349
v -0.258050 2.614047 -1.349126
v -0.347719 2.618499 -1.399268
v -0.342537 2.582036 -1.327762
v -0.345312 2.619997 -1.369853
v -0.343416 2.606651 -1.343680
v -0.433637 2.609641 -1.392524
v -0.427178 2.573793 -1.321128
v -0.430659 2.611269 -1.363157
v -0.428294 2.598147 -1.337024
v -0.519032 2.599777 -1.384798
v -0.511402 2.564649 -1.313444
v -0.515554 2.601590 -1.355485
v -0.512762 2.588732 -1.329367
v -0.604062 2.589036 -1.376294
v -0.595215 2.554703 -1.304815
v -0.600114 2.591119 -1.347038
v -0.596875 2.578552 -1.320875
v -0.689106 2.577402 -1.367134
v -0.678542 2.543916 -1.295200
v -0.684548 2.579926 -1.337959
v -0.680681 2.567669 -1.311629
v -1.237001 0.917326 -0.717577
v -1.220160 0.954771 -0.670414
v -1.225500 0.928256 -0.692291
v -1.219336 0.941962 -0.675029
v -1.185671 0.886424 -0.719819
v -1.165657 0.926428 -0.674243
v -1.173954 0.897725 -0.694706
v -1.166629 0.912367 -0.678024
v -1.126486 0.858984 -0.724522
v -1.105002 0.900938 -0.679952
v -1.114860 0.870586 -0.699493
v -1.106997 0.885942 -0.683179
v -1.060562 0.834674 -0.731096
v -1.038777 0.878176 -0.687140
v -1.049265 0.846534 -0.706085
v -1.041291 0.862457 -0.689996
v -0.989009 0.813170 -0.738946
v -0.967745 0.857947 -0.695344
v -0.978234 0.825254 -0.713907
v -0.970451 0.841644 -0.697948
v -0.912921 0.794140 -0.747481
v -0.892839 0.839980 -0.704036
v -0.902851 0.806421 -0.722377
v -0.895500 0.823199 -0.706475
v -0.833384 0.777255 -0.756106
v -0.815038 0.823986 -0.712672
v -0.824198 0.789704 -0.730905
v -0.817483 0.806809 -0.715008
v 0.008150 0.702470 -0.793139
v 0.006347 0.752886 -0.749390
v 0.007377 0.715569 -0.767398
v 0.006717 0.734023 -0.751385
v 0.092193 0.705428 -0.792308
v 0.088517 0.755686 -0.748548
v 0.090483 0.718499 -0.766577
v 0.089137 0.736895 -0.750560
v 0.175898 0.710314 -0.790675
v 0.170294 0.760317 -0.746907
v 0.173219 0.723340 -0.764967
v 0.171168 0.741643 -0.748947
v 0.259238 0.717050 -0.788177
v 0.251653 0.766708 -0.744409
v 0.255562 0.730015 -0.762505
v 0.252786 0.748192 -0.746485
v 0.342184 0.725558 -0.784750
v 0.332571 0.774784 -0.740996
v 0.337483 0.738448 -0.759130
v 0.333965 0.756466 -0.743114
v 0.424707 0.735760 -0.780333
v 0.413025 0.784474 -0.736610
v 0.418956 0.748560 -0.754781
v 0.414680 0.766391 -0.738777
v 0.506783 0.747579 -0.774862
v 0.492991 0.795705 -0.731193
v 0.499955 0.760276 -0.749398
v 0.494907 0.777891 -0.733414
v 1.111575 2.337418 -1.179791
v 1.106726 2.321123 -1.116350
v 1.106906 2.341252 -1.152706
v 1.104733 2.335294 -1.129464
v 1.048671 2.387518 -1.206870
v 1.039797 2.366967 -1.142859
v 1.040019 2.390894 -1.179522
v 1.036386 2.383379 -1.156072
v 0.986786 2.433653 -1.234812
v 0.963733 2.409803 -1.169470
v 0.974411 2.436693 -1.207184
v 0.965787 2.427966 -1.183258
v 0.925632 2.476450 -1.263472
v 0.900598 2.449601 -1.197244
v 0.913202 2.479189 -1.235729
v 0.904039 2.469361 -1.211488
v 0.859772 2.516598 -1.292443
v 0.833972 2.487036 -1.225162
v 0.847476 2.519122 -1.264556
v 0.838032 2.508301 -1.239930
v 0.790079 2.554622 -1.321659
v 0.764182 2.522444 -1.252973
v 0.778186 2.557030 -1.293575
v 0.768707 2.545252 -1.268434
v 0.716840 2.590894 -1.351082
v 0.691965 2.555912 -1.280266
v 0.705982 2.593339 -1.322683
v 0.696877 2.580535 -1.296763
v -1.358804 1.706504 -0.929088
v -1.311118 1.716220 -0.889519
v -1.348836 1.710399 -0.909934
v -1.331507 1.714346 -0.892357
v -1.359183 1.647490 -0.910050
v -1.310540 1.657434 -0.870747
v -1.349948 1.651292 -0.890756
v -1.330934 1.655889 -0.873690
v -1.359541 1.590909 -0.892167
v -1.310074 1.601311 -0.852826
v -1.349284 1.595375 -0.873006
v -1.330474 1.600019 -0.855849
v -1.358902 1.536593 -0.875019
v -1.309757 1.547290 -0.835575
v -1.349811 1.541280 -0.855608
v -1.330165 1.546196 -0.838663
v -1.356813 1.483922 -0.858234
v -1.309625 1.494812 -0.818818
v -1.347244 1.489004 -0.839532
v -1.330045 1.493884 -0.821959
v -1.356710 1.431899 -0.841777
v -1.309713 1.443317 -0.802374
v -1.347126 1.437391 -0.823115
v -1.330149 1.442542 -0.805565
v -1.356193 1.380583 -0.825437
v -1.310058 1.392245 -0.786065
v -1.347455 1.386331 -0.806745
v -1.330517 1.391634 -0.789311
v 1.177876 0.987232 -0.731338
v 1.135756 0.991770 -0.682212
v 1.168808 0.993909 -0.706122
v 1.152326 0.995588 -0.688084
v 1.205175 1.029437 -0.738996
v 1.158797 1.036475 -0.691504
v 1.195048 1.036461 -0.713967
v 1.177289 1.039050 -0.696542
v 1.230434 1.074561 -0.749545
v 1.176172 1.083520 -0.702869
v 1.216889 1.081883 -0.724493
v 1.195877 1.085182 -0.707347
v 1.232171 1.123907 -0.760091
v 1.188500 1.132520 -0.716029
v 1.226129 1.129412 -0.739048
v 1.208961 1.133494 -0.720126
v 1.233569 1.173395 -0.774484
v 1.196569 1.183015 -0.730639
v 1.229439 1.178785 -0.754551
v 1.217184 1.183184 -0.735528
v 1.234540 1.223548 -0.789940
v 1.201332 1.234472 -0.746293
v 1.231743 1.229004 -0.770817
v 1.221613 1.233773 -0.752447
v 1.235959 1.274189 -0.806006
v 1.203779 1.286336 -0.762568
v 1.232137 1.279804 -0.787293
v 1.224263 1.285159 -0.768761
v -1.297875 0.939102 -0.781430
v -1.285857 0.948261 -0.727638
v -1.298933 0.938890 -0.772454
v -1.296177 0.941345 -0.753820
v 1.143967 0.934151 -0.789247
v 1.146908 0.944752 -0.735924
v 1.147294 0.933888 -0.780682
v 1.149303 0.937027 -0.761749
v -1.304271 2.250525 -1.201861
v -1.285797 2.273152 -1.150437
v -1.304753 2.255780 -1.194956
v -1.297991 2.264062 -1.176134
v 1.161135 2.258999 -1.213149
v 1.160018 2.280784 -1.162253
v 1.163502 2.263937 -1.206224
v 1.162943 2.271914 -1.187587
v -0.077017 0.713996 -0.868458
v -0.076286 0.698215 -0.803562
v -0.076789 0.699757 -0.855891
v -0.076521 0.693980 -0.832137
v -0.086289 2.561523 -1.458421
v -0.085883 2.633876 -1.421668
v -0.086206 2.591350 -1.459926
v -0.086058 2.617833 -1.446473
v -1.341223 1.749402 -1.019076
v -1.364249 1.763329 -0.967867
v -1.356710 1.754030 -1.003271
v -1.363749 1.758745 -0.986087
v 1.241948 1.762330 -0.980770
v 1.202786 1.748741 -1.030008
v 1.239021 1.757012 -0.998739
v 1.229484 1.751721 -1.015279
v -0.780614 2.561982 -1.367384
v -0.792931 2.488655 -1.398998
v -0.787239 2.544898 -1.390882
v -0.791748 2.518058 -1.402454
v -0.754617 0.758938 -0.774345
v -0.771190 0.772390 -0.837293
v -0.762805 0.754508 -0.802265
v -0.768871 0.759432 -0.825305
v 0.591350 0.757699 -0.778420
v 0.607156 0.771176 -0.841456
v 0.599248 0.753283 -0.806382
v 0.605033 0.758215 -0.829455
v 0.595884 2.625360 -1.394701
v 0.676594 2.606924 -1.377579
v 0.647157 2.543143 -1.421098
v 0.622326 2.622370 -1.390259
v 0.613653 2.606316 -1.416183
v 0.634415 2.605516 -1.412661
v 0.678187 2.590538 -1.401807
v 0.651840 2.615633 -1.383999
v 0.654896 2.600489 -1.408202
v 0.632205 2.576608 -1.425787
v 0.667548 2.567508 -1.417507
v 0.648545 2.588094 -1.421121
v -1.361688 1.323438 -0.828101
v -1.337896 1.305410 -0.878584
v -1.359284 1.317433 -0.845901
v -1.352304 1.311362 -0.862870
v 1.236480 1.319514 -0.840134
v 1.198478 1.302140 -0.887350
v 1.231098 1.313720 -0.857074
v 1.217979 1.307930 -0.872709
v -1.334170 1.253746 -0.862160
v -1.361187 1.272388 -0.812531
v -1.350210 1.260054 -0.846870
v -1.359448 1.266292 -0.830292
v -1.332336 1.202078 -0.846338
v -1.359223 1.221727 -0.797143
v -1.350007 1.208965 -0.831535
v -1.359727 1.215488 -0.815128
v -1.332414 1.150788 -0.831289
v -1.359007 1.171597 -0.782184
v -1.348838 1.158338 -0.816868
v -1.357826 1.165254 -0.800332
v -1.329162 1.100225 -0.817303
v -1.357762 1.122498 -0.767292
v -1.348137 1.108465 -0.803585
v -1.357141 1.115799 -0.786622
v -1.322815 1.051280 -0.804740
v -1.357143 1.075111 -0.750458
v -1.344109 1.060106 -0.791938
v -1.357612 1.067318 -0.774696
v -1.316855 1.005341 -0.794212
v -1.340894 1.029894 -0.739964
v -1.334361 1.014509 -0.782400
v -1.348479 1.020816 -0.766011
v -1.310058 0.964965 -0.786233
v -1.316862 0.987628 -0.732529
v -1.321807 0.972447 -0.776220
v -1.325228 0.978373 -0.758415
v 0.690382 0.785492 -0.833276
v 0.672419 0.772590 -0.770740
v 0.687927 0.772846 -0.821420
v 0.681352 0.768123 -0.798531
v 0.771438 0.801482 -0.824517
v 0.751469 0.789269 -0.762533
v 0.768614 0.789205 -0.812838
v 0.761305 0.784734 -0.790150
v 0.849379 0.819431 -0.815741
v 0.827415 0.808077 -0.754399
v 0.846082 0.807605 -0.804293
v 0.838043 0.803449 -0.781841
v 0.923322 0.839619 -0.807493
v 0.899212 0.829351 -0.746927
v 0.919383 0.828352 -0.796354
v 0.910558 0.824594 -0.774185
v 0.992404 0.862301 -0.800294
v 0.966398 0.853416 -0.740733
v 0.987565 0.851740 -0.789572
v 0.977865 0.848491 -0.767762
v 1.058737 0.887610 -0.794755
v 1.037547 0.880445 -0.736915
v 1.053170 0.877966 -0.784654
v 1.045298 0.875345 -0.763477
v 1.118771 0.915701 -0.791114
v 1.098268 0.910997 -0.735350
v 1.111927 0.907305 -0.781907
v 1.104013 0.905591 -0.761474
v 1.201504 1.814772 -1.051355
v 1.242087 1.825841 -1.000961
v 1.228346 1.816459 -1.036201
v 1.239731 1.820580 -1.019320
v 1.200739 1.882931 -1.073781
v 1.241935 1.891082 -1.021965
v 1.224156 1.883955 -1.057986
v 1.237389 1.886773 -1.040568
v 1.200064 1.952353 -1.097438
v 1.240914 1.957493 -1.043787
v 1.227131 1.950477 -1.081304
v 1.237729 1.953166 -1.062755
v 1.197837 2.022427 -1.121820
v 1.241663 2.023925 -1.065434
v 1.221602 2.019316 -1.105043
v 1.238235 2.019754 -1.085495
v 1.191382 2.092413 -1.147137
v 1.234810 2.091066 -1.087206
v 1.215990 2.086504 -1.130755
v 1.227373 2.087008 -1.109850
v 1.184826 2.159559 -1.172591
v 1.213429 2.157635 -1.109671
v 1.206441 2.151244 -1.158512
v 1.213916 2.151453 -1.136599
v 1.169190 2.219931 -1.195461
v 1.189388 2.220770 -1.135650
v 1.182881 2.212981 -1.181086
v 1.189584 2.214976 -1.162000
v -0.882944 2.465352 -1.372827
v -0.863643 2.533935 -1.338676
v -0.881290 2.492611 -1.374607
v -0.874225 2.517714 -1.362107
v -0.960874 2.440822 -1.346901
v -0.938403 2.505831 -1.311273
v -0.958471 2.466737 -1.347924
v -0.950247 2.490531 -1.334884
v -1.033824 2.413560 -1.320671
v -1.009337 2.475525 -1.283998
v -1.030785 2.438182 -1.321166
v -1.021822 2.460863 -1.307743
v -1.102499 2.383604 -1.294346
v -1.076258 2.442639 -1.256860
v -1.098791 2.406895 -1.294430
v -1.089187 2.428503 -1.280709
v -1.166474 2.350626 -1.268071
v -1.138275 2.406559 -1.229899
v -1.161914 2.372446 -1.267807
v -1.151592 2.392919 -1.253836
v -1.225231 2.314240 -1.241902
v -1.194365 2.366601 -1.203153
v -1.219424 2.334322 -1.241344
v -1.208126 2.353487 -1.227161
v -1.278198 2.274086 -1.215897
v -1.243410 2.322040 -1.176668
v -1.270490 2.291992 -1.215093
v -1.257756 2.309544 -1.200735
v -0.685563 0.759316 -0.844879
v -0.671131 0.745382 -0.781473
v -0.683510 0.746081 -0.832760
v -0.678227 0.740981 -0.809552
v -0.599256 0.747759 -0.851287
v -0.586939 0.733383 -0.787484
v -0.597473 0.734275 -0.839053
v -0.592965 0.729013 -0.815700
v -0.512498 0.737785 -0.856574
v -0.502236 0.723013 -0.792439
v -0.510982 0.724082 -0.844241
v -0.507226 0.718675 -0.820766
v -0.425436 0.729459 -0.860804
v -0.417172 0.714347 -0.796399
v -0.424184 0.715571 -0.848389
v -0.421159 0.710039 -0.824815
v -0.338213 0.722849 -0.864044
v -0.331895 0.707458 -0.799430
v -0.337222 0.708811 -0.851564
v -0.334909 0.703178 -0.827914
v -0.250975 0.718022 -0.866358
v -0.246557 0.702422 -0.801592
v -0.250242 0.703874 -0.853831
v -0.248624 0.698164 -0.830125
v -0.163868 0.715047 -0.867808
v -0.161308 0.699316 -0.802949
v -0.163388 0.700831 -0.855253
v -0.162451 0.695073 -0.831512
v 0.548845 2.551472 -1.431817
v 0.543979 2.627564 -1.398410
v 0.549266 2.582489 -1.434666
v 0.547485 2.610341 -1.422438
v 0.457506 2.557477 -1.439618
v 0.453025 2.631655 -1.404626
v 0.457702 2.587859 -1.441814
v 0.456061 2.615010 -1.429007
v 0.366734 2.561467 -1.445937
v 0.362596 2.634797 -1.410156
v 0.366789 2.591592 -1.447812
v 0.365274 2.618433 -1.434715
v 0.276041 2.564075 -1.451092
v 0.272386 2.637031 -1.414891
v 0.276010 2.594107 -1.452804
v 0.274672 2.620811 -1.439553
v 0.185368 2.565470 -1.455084
v 0.182376 2.638238 -1.418636
v 0.185289 2.595462 -1.456704
v 0.184194 2.622097 -1.443363
v 0.094696 2.565598 -1.457766
v 0.092602 2.638244 -1.421169
v 0.094621 2.595556 -1.459333
v 0.093855 2.622147 -1.445938
v 0.004092 2.564327 -1.458945
v 0.003141 2.636856 -1.422259
v 0.004073 2.594239 -1.460480
v 0.003725 2.620786 -1.447052
v -1.317738 2.216747 -1.187649
v -1.316086 2.216493 -1.124698
v -1.326629 2.210561 -1.174981
v -1.326025 2.210468 -1.151939
v -1.325848 2.154977 -1.161730
v -1.339810 2.155996 -1.099349
v -1.342482 2.149034 -1.146890
v -1.349247 2.149396 -1.126529
v -1.332239 2.088916 -1.136329
v -1.356585 2.091854 -1.074545
v -1.350542 2.084980 -1.119983
v -1.358876 2.086005 -1.099875
v -1.337294 2.020421 -1.111040
v -1.361677 2.025029 -1.054642
v -1.354599 2.018822 -1.094217
v -1.363439 2.020644 -1.074426
v -1.337854 1.951545 -1.086724
v -1.364527 1.958541 -1.031709
v -1.358006 1.951207 -1.070110
v -1.362647 1.954566 -1.051278
v -1.340715 1.882242 -1.063251
v -1.364023 1.892372 -1.010091
v -1.360415 1.883562 -1.046960
v -1.363333 1.888131 -1.028894
v -1.340750 1.814829 -1.040564
v -1.364492 1.826912 -0.988696
v -1.356079 1.818577 -1.024474
v -1.362567 1.822913 -1.007052
v 1.203634 1.353887 -0.904266
v 1.239131 1.370867 -0.856758
v 1.222868 1.359480 -0.889587
v 1.235087 1.365142 -0.873856
v 1.202977 1.405852 -0.921126
v 1.240963 1.422699 -0.873463
v 1.223445 1.411521 -0.906314
v 1.236252 1.417114 -0.890512
v 1.202151 1.458641 -0.937832
v 1.239226 1.475696 -0.890002
v 1.225494 1.464124 -0.923328
v 1.235124 1.470050 -0.907141
v 1.202395 1.512389 -0.955004
v 1.239512 1.529488 -0.907085
v 1.225033 1.517927 -0.940434
v 1.235948 1.523745 -0.924367
v 1.202926 1.567774 -0.972650
v 1.239637 1.584873 -0.924571
v 1.225594 1.573279 -0.958060
v 1.236037 1.579216 -0.941915
v 1.203016 1.625440 -0.990824
v 1.241627 1.641626 -0.942685
v 1.229643 1.629872 -0.976540
v 1.238499 1.635998 -0.960226
v 1.204378 1.685380 -1.009860
v 1.241402 1.701002 -0.961336
v 1.229438 1.689611 -0.995437
v 1.238224 1.695550 -0.979037
v -0.176078 2.557091 -1.456059
v -0.174241 2.629167 -1.419238
v -0.175865 2.586777 -1.457524
v -0.175193 2.613159 -1.444046
v -0.264990 2.551145 -1.451999
v -0.261804 2.622868 -1.415129
v -0.264639 2.580647 -1.453424
v -0.263473 2.606899 -1.439928
v -0.352996 2.543839 -1.446446
v -0.348608 2.615182 -1.409577
v -0.352515 2.573127 -1.447847
v -0.350908 2.599240 -1.434352
v -0.440159 2.535312 -1.439600
v -0.434736 2.606298 -1.402815
v -0.439561 2.564374 -1.441009
v -0.437576 2.590357 -1.427545
v -0.526631 2.525645 -1.431617
v -0.520308 2.596389 -1.395065
v -0.525925 2.554498 -1.433095
v -0.523611 2.580392 -1.419716
v -0.612640 2.514751 -1.422524
v -0.605499 2.585563 -1.386522
v -0.611833 2.543475 -1.424202
v -0.609219 2.569394 -1.411025
v -0.698887 2.502181 -1.412059
v -0.690739 2.573759 -1.377288
v -0.697956 2.530960 -1.414212
v -0.694974 2.557159 -1.401484
v -1.275512 0.919437 -0.783853
v -1.241806 0.914253 -0.727435
v -1.268002 0.910910 -0.774613
v -1.255593 0.909028 -0.753961
v -1.219990 0.890896 -0.787920
v -1.190367 0.883337 -0.729697
v -1.214214 0.881176 -0.777815
v -1.203371 0.878409 -0.756504
v -1.157603 0.865165 -0.793943
v -1.131032 0.855875 -0.734427
v -1.153064 0.854538 -0.783243
v -1.143339 0.851138 -0.761459
v -1.089154 0.842104 -0.801516
v -1.064916 0.831540 -0.741033
v -1.085414 0.830790 -0.790396
v -1.076542 0.826924 -0.768258
v -1.015388 0.821550 -0.810177
v -0.993128 0.810007 -0.748922
v -1.012184 0.809693 -0.798746
v -1.004036 0.805468 -0.776326
v -0.937190 0.803260 -0.819396
v -0.916757 0.790950 -0.757503
v -0.934354 0.790966 -0.807733
v -0.926874 0.786460 -0.785079
v -0.855467 0.786966 -0.828624
v -0.836881 0.774039 -0.766179
v -0.852902 0.774314 -0.816784
v -0.846099 0.769582 -0.793927
v 0.009537 0.714916 -0.868346
v 0.008426 0.699172 -0.803470
v 0.009512 0.700699 -0.855788
v 0.009105 0.694936 -0.832042
v 0.095838 0.717760 -0.867431
v 0.092826 0.702134 -0.802633
v 0.095551 0.703609 -0.854900
v 0.094448 0.697890 -0.831182
v 0.181879 0.722457 -0.865649
v 0.176900 0.707025 -0.800988
v 0.181317 0.708414 -0.853163
v 0.179495 0.702766 -0.829495
v 0.267635 0.728934 -0.862934
v 0.260620 0.713769 -0.798471
v 0.266787 0.715038 -0.850511
v 0.264219 0.709487 -0.826916
v 0.353076 0.737118 -0.859222
v 0.343957 0.722287 -0.795019
v 0.351929 0.723407 -0.846879
v 0.348591 0.717979 -0.823379
v 0.438174 0.746937 -0.854447
v 0.426883 0.732500 -0.790569
v 0.436715 0.733445 -0.842202
v 0.432582 0.728161 -0.818821
v 0.522904 0.758316 -0.848544
v 0.509371 0.744331 -0.785055
v 0.521117 0.745074 -0.836413
v 0.516164 0.739956 -0.813174
v 1.134764 2.285093 -1.227805
v 1.113478 2.334295 -1.189440
v 1.127671 2.303685 -1.227183
v 1.119627 2.321698 -1.213128
v 1.078517 2.330426 -1.254924
v 1.052318 2.384337 -1.216614
v 1.072675 2.351255 -1.254530
v 1.062929 2.370991 -1.240499
v 1.018192 2.372559 -1.282421
v 0.991577 2.430413 -1.244619
v 1.014103 2.395252 -1.282390
v 1.004362 2.416428 -1.268554
v 0.954613 2.411761 -1.310246
v 0.930348 2.473158 -1.273278
v 0.951556 2.436124 -1.310632
v 0.942674 2.458597 -1.297101
v 0.886444 2.448347 -1.338225
v 0.864367 2.513228 -1.302251
v 0.884246 2.474303 -1.339110
v 0.876165 2.498051 -1.325943
v 0.814008 2.482468 -1.366160
v 0.794457 2.551131 -1.331472
v 0.812657 2.510081 -1.367697
v 0.805501 2.535213 -1.355001
v 0.736485 2.513847 -1.393751
v 0.720751 2.587187 -1.360910
v 0.736143 2.543385 -1.396242
v 0.730384 2.570229 -1.384221
v -1.342787 1.686427 -0.998924
v -1.362165 1.702614 -0.948057
v -1.357219 1.691836 -0.983298
v -1.361878 1.697682 -0.966186
v -1.342606 1.626463 -0.980356
v -1.361793 1.643598 -0.929111
v -1.358683 1.631868 -0.964689
v -1.361456 1.638473 -0.947305
v -1.339711 1.569801 -0.962078
v -1.361704 1.586766 -0.911082
v -1.356746 1.575284 -0.946514
v -1.360629 1.581631 -0.929191
v -1.339727 1.514727 -0.944537
v -1.361836 1.531821 -0.893741
v -1.354908 1.520566 -0.928864
v -1.360400 1.526560 -0.911717
v -1.340040 1.461242 -0.927620
v -1.361676 1.478490 -0.876849
v -1.358020 1.466589 -0.912208
v -1.361736 1.472771 -0.894871
v -1.337125 1.408982 -0.910975
v -1.361606 1.426256 -0.860259
v -1.356062 1.414437 -0.895539
v -1.361106 1.420446 -0.878255
v -1.337467 1.357121 -0.894674
v -1.361812 1.374683 -0.843980
v -1.353393 1.362842 -0.878996
v -1.361359 1.368716 -0.862054
v 1.156132 0.959634 -0.793649
v 1.179421 0.984082 -0.741010
v 1.172130 0.966245 -0.784698
v 1.179742 0.974182 -0.766715
v 1.172425 1.000334 -0.802008
v 1.208109 1.026262 -0.748745
v 1.196322 1.008356 -0.792315
v 1.209605 1.016662 -0.774770
v 1.182630 1.047116 -0.812724
v 1.232728 1.071395 -0.759263
v 1.204397 1.055784 -0.800371
v 1.222146 1.063467 -0.783403
v 1.189885 1.096441 -0.825464
v 1.234103 1.118387 -0.777609
v 1.208677 1.104605 -0.812061
v 1.224260 1.111843 -0.796063
v 1.193897 1.147074 -0.839758
v 1.232971 1.167642 -0.792799
v 1.212833 1.154501 -0.825941
v 1.226755 1.161271 -0.810369
v 1.197543 1.198508 -0.855117
v 1.234285 1.217723 -0.808242
v 1.214860 1.205244 -0.840841
v 1.227966 1.211621 -0.825310
v 1.195799 1.250289 -0.870882
v 1.235211 1.268416 -0.824003
v 1.217975 1.256424 -0.856662
v 1.230147 1.262459 -0.841042
v 1.238376 -1.931280 1.100004
v 0.849859 0.383093 0.972695
v 1.238278 -1.930681 0.951051
v 0.851465 0.373230 0.758745
v 1.304334 -1.928041 1.100004
v 1.304236 -1.927441 0.951050
v 0.933604 0.386602 0.758745
v 0.898360 0.085164 0.727246
v 0.980499 0.098536 0.727246
v 0.967198 0.180240 0.985749
v 1.252014 -1.940224 0.974545
v 1.298356 -1.935578 0.974545
v 0.894701 0.107638 0.745352
v 0.885059 0.166868 0.985749
v 0.976841 0.121010 0.745352
v 0.992167 0.026868 0.763143
v 0.988956 0.046587 0.993818
v 0.906817 0.033215 0.993818
v 0.893725 0.113638 0.633808
v 0.975864 0.127010 0.633809
v 0.934833 0.379053 0.618763
v 0.852694 0.365681 0.618763
v 0.890258 0.134932 0.632537
v 0.972398 0.148304 0.632537
v 1.252142 -1.941011 1.079745
v 1.298484 -1.936365 1.079745
v 0.885886 0.161788 0.960806
v 0.968026 0.175159 0.960806
v 0.907142 0.031219 0.970469
v 0.989281 0.044590 0.970469
v 1.294931 -1.928687 0.951050
v 1.295029 -1.929286 1.100004
v 0.925224 0.395362 0.972695
v 0.973725 0.097433 0.727245
v 1.286630 -1.939354 0.974545
v 0.960424 0.179138 0.985749
v 0.985392 0.025765 0.763143
v 0.969090 0.125907 0.633808
v 1.286758 -1.940141 1.079745
v 1.244460 -1.930558 0.951050
v 0.891241 0.167875 0.985749
v 1.258196 -1.940101 0.974545
v 0.912999 0.034221 0.993818
v 1.258325 -1.940887 1.079745
v 1.244558 -1.931157 1.100004
v 0.904542 0.086170 0.727246
v 0.899907 0.114645 0.633808
v 0.910027 0.013496 0.763143
v 0.909763 0.015117 0.782104
v 0.991903 0.028489 0.782104
v 0.982182 0.045484 0.993818
v 0.916209 0.014502 0.763143
v 0.854769 0.352933 0.758307
v 0.931999 0.396465 0.972695
v 0.936908 0.366305 0.758307
v 0.937885 0.360306 0.619882
v 0.855745 0.346934 0.619882
v 0.852949 0.364113 0.950050
v 0.935088 0.377485 0.950050
v 0.856041 0.384099 0.972695
v 0.976934 0.120436 0.686279
v 0.852132 0.369129 0.681257
v 0.894795 0.107064 0.686279
v 0.934272 0.382501 0.681257
v 0.891368 0.128112 0.685083
v 0.973508 0.141484 0.685083
v 0.970160 0.119333 0.686279
v 0.900977 0.108071 0.686279
v 0.855320 0.349548 0.681568
v 0.937459 0.362919 0.681568
v 0.897908 0.087938 0.990514
v 0.903177 0.055577 0.749718
v 0.985316 0.068949 0.749718
v 0.980048 0.101310 0.990514
v 0.902905 0.057248 0.768813
v 0.985044 0.070620 0.768813
v 0.898482 0.084416 0.966394
v 0.980621 0.097787 0.966394
v 0.978542 0.067846 0.749718
v 0.973273 0.100208 0.990514
v 0.909359 0.056583 0.749718
v 0.904091 0.088945 0.990514
v 1.002435 -0.036208 -1.067279
v 0.920296 -0.049580 -1.067279
v 0.951011 0.236962 -1.051549
v 0.995661 -0.037311 -1.067279
v 0.926478 -0.048574 -1.067279
v 0.875646 0.224693 -1.051549
v 0.957785 0.238065 -1.051549
v 0.881828 0.225699 -1.051549
v 0.911176 0.006439 -0.406003
v 0.944228 0.321340 -0.435502
v 0.907048 0.031798 -0.408522
v 0.989187 0.045169 -0.408522
v 0.993315 0.019811 -0.406003
v 0.862089 0.307968 -0.435502
v 0.937454 0.320237 -0.435502
v 0.986541 0.018708 -0.406003
v 0.868271 0.308975 -0.435502
v 0.917358 0.007445 -0.406003
v 0.947863 0.299014 -0.433284
v 0.865723 0.285642 -0.433284
v 0.990406 0.037685 -0.481763
v 0.912418 -0.001191 -0.479200
v 0.874328 0.232784 -0.500361
v 0.952779 0.268815 -0.502413
v 0.876822 0.256450 -0.502413
v 0.918600 -0.000185 -0.479200
v 0.956468 0.246155 -0.500361
v 0.908266 0.024313 -0.481763
v 0.946005 0.267712 -0.502413
v 0.870640 0.255444 -0.502413
v 0.994558 0.012181 -0.479199
v 0.987783 0.011078 -0.479200
v 0.994956 0.009730 -0.752728
v 0.916985 -0.029244 -0.750134
v 0.876159 0.221539 -0.757788
v 0.954081 0.260821 -0.751769
v 0.878123 0.248456 -0.751769
v 0.923167 -0.028238 -0.750134
v 0.958299 0.234910 -0.757788
v 0.912817 -0.003642 -0.752728
v 0.947306 0.259718 -0.751769
v 0.871941 0.247449 -0.751769
v 0.999124 -0.015873 -0.750134
v 0.992350 -0.016976 -0.750134
v 0.925183 -0.079602 -0.828451
v 0.940509 0.344185 -0.823736
v 0.864552 0.331820 -0.823736
v 0.931365 -0.078595 -0.828451
v 0.923059 -0.066553 -0.854876
v 0.933735 0.343083 -0.823736
v 0.858370 0.330814 -0.823736
v 1.007322 -0.066230 -0.828451
v 1.000548 -0.067333 -0.828451
v 0.779671 0.814241 -1.045437
v 0.861810 0.827613 -1.045437
v 0.855036 0.826510 -1.045437
v 0.785853 0.815247 -1.045437
v 0.859064 0.844481 -0.792054
v 0.783107 0.832116 -0.792054
v 0.852290 0.843378 -0.792054
v 0.776925 0.831109 -0.792054
v 0.691604 1.355210 -1.135452
v 0.773744 1.368582 -1.135452
v 0.766970 1.367479 -1.135452
v 0.697787 1.356217 -1.135452
v 0.903314 0.572664 -1.040656
v 0.896540 0.571562 -1.040656
v 0.902862 0.575445 -0.811708
v 0.826904 0.563080 -0.811708
v 0.820722 0.562074 -0.811708
v 0.827357 0.560299 -1.040656
v 0.821175 0.559293 -1.040656
v 0.896087 0.574343 -0.811708
v 0.737158 1.075387 -0.859925
v 0.739522 1.060863 -1.072984
v 0.745705 1.061869 -1.072984
v 0.814887 1.073131 -1.072984
v 0.821662 1.074234 -1.072984
v 0.819297 1.088759 -0.859925
v 0.756480 0.956698 -1.058225
v 0.762662 0.957705 -1.058225
v 0.838619 0.970070 -1.058225
v 0.838542 0.970542 -0.824529
v 0.831768 0.969439 -0.824530
v 0.762585 0.958177 -0.824529
v 0.831845 0.968967 -1.058225
v 0.766770 0.893488 -0.805247
v 0.768445 0.883197 -1.050808
v 0.774628 0.884204 -1.050808
v 0.850585 0.896569 -1.050808
v 0.848909 0.906860 -0.805248
v 0.842135 0.905757 -0.805247
v 0.772952 0.894495 -0.805247
v 0.843810 0.895466 -1.050808
v 1.238735 -1.933486 -0.986948
v 1.238343 -1.931077 -1.136987
v 1.244917 -1.933363 -0.986948
v 1.244525 -1.930954 -1.136987
v 1.294995 -1.929083 -1.136987
v 1.304301 -1.927838 -1.136987
v 1.304693 -1.930247 -0.986948
v 1.295388 -1.931492 -0.986948
v 1.002512 -0.036680 -1.042457
v 0.920372 -0.050052 -1.042457
v 0.957651 0.238886 -1.030151
v 0.875512 0.225514 -1.030151
v 0.861507 0.829473 -1.016687
v 0.779368 0.816102 -1.016687
v 0.773660 1.369099 -1.114642
v 0.691520 1.355727 -1.114642
v 0.821123 0.559611 -1.014417
v 0.903262 0.572983 -1.014417
v 0.821391 1.075899 -1.048565
v 0.739251 1.062527 -1.048566
v 0.756471 0.956752 -1.031442
v 0.838610 0.970124 -1.031442
v 0.850393 0.897748 -1.022665
v 0.768253 0.884377 -1.022665
v 1.251881 -1.939404 -1.121483
v 1.258063 -1.939281 -1.121483
v 1.298223 -1.934758 -1.121483
v 1.286497 -1.938534 -1.121483
v 0.916476 -0.026119 -0.810444
v 1.002074 -0.033994 -0.800095
v 0.995281 -0.034981 -0.800247
v 0.948821 0.293129 -0.795192
v 0.958637 0.232833 -0.638713
v 0.910876 0.008284 -0.629551
v 0.947887 0.256151 -0.639122
v 0.872522 0.243882 -0.639122
v 0.997183 -0.003947 -0.626957
v 0.990409 -0.005050 -0.626957
v 0.993015 0.021655 -0.629551
v 0.915044 -0.017319 -0.626957
v 0.876497 0.219461 -0.638713
v 0.954661 0.257253 -0.639122
v 0.878704 0.244888 -0.639122
v 0.921226 -0.016313 -0.626957
v 0.777347 0.828516 -0.824857
v 0.690871 1.359717 -0.953874
v 0.902916 0.575110 -0.839335
v 0.849111 0.905618 -0.834879
v 1.298213 -1.934698 -1.004858
v 1.286487 -1.938474 -1.004858
v 1.005181 -0.053077 -0.854717
v 0.861019 0.314539 -0.842364
v 0.943159 0.327911 -0.842364
v 0.859486 0.841887 -0.824857
v 0.773010 1.373089 -0.953874
v 0.820777 0.561738 -0.839335
v 0.756403 0.957170 -0.824529
v 0.766972 0.892247 -0.834879
v 1.251871 -1.939344 -1.004858
v 1.258053 -1.939221 -1.004858
v 1.004200 -0.089768 -1.068766
v 1.010975 -0.088665 -1.068766
v 0.928835 -0.102037 -1.068766
v 0.930262 -0.110803 -0.843186
v 0.935018 -0.101031 -1.068766
v 1.005627 -0.098534 -0.843186
v 1.012402 -0.097431 -0.843186
v 0.936445 -0.109797 -0.843186
v 1.011037 -0.089048 -1.043752
v 0.928898 -0.102420 -1.043752
v 0.930236 -0.110641 -0.865447
v 1.012375 -0.097270 -0.865447
v 0.998616 -0.012747 -0.810444
v 0.919916 -0.047250 -0.800247
v 0.869687 0.261295 -0.809476
v 0.872864 0.280763 -0.795192
v 0.926099 -0.046244 -0.800247
v 0.951826 0.274667 -0.809476
v 0.942047 0.292026 -0.795192
v 0.866682 0.279757 -0.795192
v 1.309520 -1.914529 -1.147206
v 1.230094 -1.920665 -1.147206
v 1.304912 -1.911476 -0.975864
v 1.310256 -1.919049 -1.130231
v 1.230830 -1.925185 -1.130231
v 1.230883 -1.925513 -0.996931
v 1.310310 -1.919377 -0.996930
v 1.304286 -1.907632 -1.147206
v 1.230720 -1.924509 -0.975864
v 1.236277 -1.920542 -1.147206
v 1.310146 -1.918373 -0.975864
v 1.236902 -1.924386 -0.975864
v 1.230044 -1.920354 0.942173
v 1.230077 -1.920556 0.955049
v 1.309503 -1.914421 0.955049
v 1.304635 -1.909774 1.111178
v 1.236226 -1.920231 0.942174
v 1.309470 -1.914219 0.942174
v 1.309869 -1.916671 1.111178
v 1.309829 -1.916423 1.095589
v 1.230403 -1.922558 1.095589
v 1.304236 -1.907322 0.942174
v 1.236625 -1.922683 1.111178
v 1.230443 -1.922806 1.111178
v 0.992851 0.022663 -0.378310
v 0.861374 0.312359 -0.408514
v 0.910712 0.009291 -0.378310
v 0.943514 0.325731 -0.408514
v 0.906600 0.034549 -0.380798
v 0.988739 0.047921 -0.380798
v 0.936739 0.324628 -0.408514
v 0.986077 0.021560 -0.378310
v 0.867556 0.313365 -0.408514
v 0.916894 0.010298 -0.378310
v 0.947134 0.303491 -0.406323
v 0.864995 0.290119 -0.406323
v 0.725413 1.622751 -1.197161
v 0.656230 1.611489 -1.197161
v 0.650048 1.610482 -1.197161
v 0.732187 1.623854 -1.197161
v 0.729911 1.637835 -1.182769
v 0.647772 1.624463 -1.182770
v 0.636484 1.693799 -1.058267
v 0.718624 1.707171 -1.058267
v 0.707355 1.733678 -1.192868
v 0.638172 1.722416 -1.192868
v 0.631989 1.721409 -1.192868
v 0.714129 1.734781 -1.192868
v 0.716292 1.721493 -1.170923
v 0.634153 1.708121 -1.170923
v 0.693201 1.820621 -1.097437
v 0.624018 1.809359 -1.097437
v 0.617836 1.808352 -1.097437
v 0.699975 1.821724 -1.097437
v 0.703039 1.802903 -1.089378
v 0.620900 1.789531 -1.089378
v 0.623191 1.775455 -1.144272
v 0.629374 1.776461 -1.144272
v 0.705331 1.788826 -1.144271
v 0.708763 1.767744 -1.129951
v 0.698556 1.787724 -1.144272
v 0.626623 1.754373 -1.129951
v 1.301113 -1.881630 -1.148372
v 1.224358 -1.900363 -0.972685
v 1.229776 -1.895544 -1.148372
v 1.308652 -1.886402 -0.972685
v 1.230541 -1.900240 -0.972685
v 1.307888 -1.881706 -1.148372
v 1.223594 -1.895667 -1.148372
v 1.301878 -1.886327 -0.972685
v 1.311105 -1.903572 -1.129778
v 1.227128 -1.917374 -1.129778
v 1.227187 -1.917738 -0.996223
v 1.311164 -1.903935 -0.996223
v 1.226258 -1.912030 1.114348
v 1.226154 -1.911393 0.939423
v 1.226185 -1.911582 0.953601
v 1.310162 -1.897780 0.953602
v 1.303460 -1.898153 1.114348
v 1.232336 -1.911270 0.939423
v 1.310131 -1.897590 0.939423
v 1.310235 -1.898227 1.114348
v 1.310468 -1.899663 1.095068
v 1.226491 -1.913465 1.095068
v 1.303357 -1.897515 0.939423
v 1.232440 -1.911907 1.114348
v -1.265481 -1.931280 1.100004
v -0.876965 0.383093 0.972695
v -1.265383 -1.930681 0.951051
v -0.878570 0.373230 0.758745
v -1.331439 -1.928041 1.100004
v -1.331342 -1.927441 0.951050
v -0.960709 0.386602 0.758745
v -0.925465 0.085164 0.727246
v -1.007605 0.098536 0.727246
v -0.994304 0.180240 0.985749
v -1.279120 -1.940224 0.974545
v -1.325462 -1.935578 0.974545
v -0.921807 0.107638 0.745352
v -0.912164 0.166868 0.985749
v -1.003946 0.121010 0.745352
v -1.019272 0.026868 0.763143
v -1.016062 0.046587 0.993818
v -0.933922 0.033215 0.993818
v -0.920830 0.113638 0.633808
v -1.002969 0.127010 0.633808
v -0.961939 0.379053 0.618763
v -0.879799 0.365681 0.618763
v -0.917363 0.134932 0.632537
v -0.999503 0.148304 0.632537
v -1.279248 -1.941011 1.079745
v -1.325590 -1.936365 1.079745
v -0.912991 0.161788 0.960806
v -0.995131 0.175159 0.960806
v -0.934247 0.031219 0.970469
v -1.016387 0.044591 0.970469
v -1.322037 -1.928687 0.951050
v -1.322134 -1.929286 1.100004
v -0.952329 0.395362 0.972695
v -1.000831 0.097433 0.727245
v -1.313735 -1.939354 0.974545
v -0.987529 0.179138 0.985749
v -1.012497 0.025765 0.763143
v -0.996195 0.125907 0.633808
v -1.313864 -1.940141 1.079745
v -1.271566 -1.930558 0.951050
v -0.918347 0.167875 0.985749
v -1.285302 -1.940101 0.974545
v -0.940105 0.034221 0.993818
v -1.285430 -1.940887 1.079745
v -1.271663 -1.931157 1.100004
v -0.931648 0.086170 0.727246
v -0.927012 0.114645 0.633808
v -0.937133 0.013496 0.763143
v -0.936869 0.015117 0.782104
v -1.019008 0.028489 0.782104
v -1.009287 0.045484 0.993818
v -0.943315 0.014502 0.763143
v -0.881874 0.352933 0.758307
v -0.959104 0.396465 0.972695
v -0.964014 0.366305 0.758307
v -0.964990 0.360306 0.619882
v -0.882851 0.346934 0.619882
v -0.880054 0.364113 0.950050
v -0.962193 0.377485 0.950050
v -0.883147 0.384099 0.972695
v -1.004040 0.120436 0.686279
v -0.879238 0.369129 0.681257
v -0.921900 0.107064 0.686279
v -0.961377 0.382501 0.681257
v -0.918474 0.128112 0.685083
v -1.000613 0.141484 0.685083
v -0.997265 0.119333 0.686279
v -0.928082 0.108070 0.686279
v -0.882425 0.349548 0.681568
v -0.964565 0.362919 0.681568
v -0.925014 0.087938 0.990514
v -0.930282 0.055577 0.749718
v -1.012421 0.068949 0.749718
v -1.007153 0.101310 0.990514
v -0.930010 0.057248 0.768813
v -1.012150 0.070620 0.768813
v -0.925587 0.084416 0.966394
v -1.007727 0.097787 0.966394
v -1.005647 0.067846 0.749718
v -1.000379 0.100208 0.990514
v -0.936464 0.056583 0.749718
v -0.931196 0.088945 0.990514
v -1.029540 -0.036208 -1.067279
v -0.947401 -0.049580 -1.067279
v -0.978116 0.236962 -1.051549
v -1.022766 -0.037311 -1.067279
v -0.953583 -0.048574 -1.067279
v -0.902751 0.224693 -1.051549
v -0.984890 0.238065 -1.051550
v -0.908933 0.225699 -1.051549
v -0.938281 0.006439 -0.406003
v -0.971334 0.321340 -0.435502
v -0.934153 0.031797 -0.408522
v -1.016293 0.045169 -0.408522
v -1.020421 0.019811 -0.406003
v -0.889194 0.307968 -0.435502
v -0.964559 0.320237 -0.435502
v -1.013646 0.018708 -0.406003
v -0.895377 0.308974 -0.435502
v -0.944464 0.007445 -0.406003
v -0.974968 0.299014 -0.433284
v -0.892829 0.285642 -0.433284
v -1.017511 0.037685 -0.481763
v -0.939524 -0.001191 -0.479200
v -0.901434 0.232784 -0.500361
v -0.979885 0.268815 -0.502413
v -0.903927 0.256450 -0.502413
v -0.945706 -0.000185 -0.479200
v -0.983573 0.246155 -0.500361
v -0.935372 0.024313 -0.481763
v -0.973110 0.267713 -0.502413
v -0.897745 0.255444 -0.502413
v -1.021663 0.012181 -0.479199
v -1.014889 0.011078 -0.479200
v -1.022062 0.009730 -0.752728
v -0.944090 -0.029244 -0.750134
v -0.903264 0.221538 -0.757788
v -0.981186 0.260821 -0.751769
v -0.905229 0.248455 -0.751769
v -0.950273 -0.028238 -0.750134
v -0.985404 0.234910 -0.757788
v -0.939923 -0.003642 -0.752728
v -0.974411 0.259718 -0.751769
v -0.899046 0.247449 -0.751769
v -1.026230 -0.015873 -0.750134
v -1.019455 -0.016976 -0.750134
v -0.952288 -0.079602 -0.828451
v -0.967615 0.344185 -0.823736
v -0.891658 0.331820 -0.823736
v -0.958471 -0.078595 -0.828451
v -0.950164 -0.066552 -0.854875
v -0.960840 0.343083 -0.823736
v -0.885475 0.330813 -0.823736
v -1.034428 -0.066230 -0.828451
v -1.027653 -0.067333 -0.828451
v -0.806776 0.814241 -1.045437
v -0.888916 0.827613 -1.045437
v -0.882141 0.826510 -1.045437
v -0.812958 0.815247 -1.045437
v -0.886170 0.844481 -0.792054
v -0.810212 0.832116 -0.792054
v -0.879395 0.843378 -0.792054
v -0.804030 0.831109 -0.792054
v -0.718710 1.355210 -1.135452
v -0.800849 1.368582 -1.135452
v -0.794075 1.367479 -1.135452
v -0.724892 1.356217 -1.135452
v -0.930420 0.572664 -1.040656
v -0.923645 0.571562 -1.040656
v -0.929967 0.575445 -0.811708
v -0.854010 0.563080 -0.811708
v -0.847828 0.562074 -0.811708
v -0.854462 0.560299 -1.040656
v -0.848280 0.559293 -1.040656
v -0.923192 0.574343 -0.811708
v -0.764264 1.075387 -0.859925
v -0.766628 1.060863 -1.072984
v -0.772810 1.061869 -1.072984
v -0.841993 1.073131 -1.072984
v -0.848767 1.074234 -1.072984
v -0.846403 1.088758 -0.859925
v -0.783585 0.956698 -1.058225
v -0.789767 0.957705 -1.058225
v -0.865724 0.970070 -1.058225
v -0.865648 0.970542 -0.824529
v -0.858873 0.969439 -0.824529
v -0.789690 0.958177 -0.824530
v -0.858950 0.968967 -1.058225
v -0.793875 0.893488 -0.805248
v -0.795551 0.883197 -1.050809
v -0.801733 0.884203 -1.050808
v -0.877690 0.896569 -1.050808
v -0.876015 0.906860 -0.805248
v -0.869240 0.905757 -0.805247
v -0.800058 0.894495 -0.805248
v -0.870916 0.895466 -1.050808
v -1.265840 -1.933486 -0.986948
v -1.265448 -1.931077 -1.136987
v -1.272023 -1.933363 -0.986948
v -1.271630 -1.930954 -1.136987
v -1.322101 -1.929083 -1.136987
v -1.331406 -1.927838 -1.136987
v -1.331798 -1.930247 -0.986948
v -1.322493 -1.931492 -0.986948
v -1.029617 -0.036680 -1.042457
v -0.947478 -0.050052 -1.042457
v -0.984757 0.238886 -1.030151
v -0.902618 0.225514 -1.030151
v -0.888613 0.829473 -1.016687
v -0.806473 0.816102 -1.016687
v -0.800765 1.369099 -1.114642
v -0.718626 1.355727 -1.114642
v -0.848228 0.559611 -1.014417
v -0.930368 0.572983 -1.014417
v -0.848496 1.075899 -1.048565
v -0.766357 1.062527 -1.048566
v -0.783576 0.956752 -1.031442
v -0.865716 0.970124 -1.031442
v -0.877498 0.897749 -1.022665
v -0.795358 0.884376 -1.022665
v -1.278986 -1.939404 -1.121483
v -1.285169 -1.939281 -1.121483
v -1.325328 -1.934758 -1.121483
v -1.313602 -1.938534 -1.121483
v -0.943582 -0.026119 -0.810444
v -1.029180 -0.033994 -0.800095
v -1.022387 -0.034981 -0.800247
v -0.975926 0.293129 -0.795192
v -0.985742 0.232833 -0.638713
v -0.937981 0.008284 -0.629551
v -0.974992 0.256151 -0.639122
v -0.899627 0.243882 -0.639122
v -1.024289 -0.003947 -0.626957
v -1.017514 -0.005050 -0.626957
v -1.020121 0.021655 -0.629551
v -0.942149 -0.017319 -0.626957
v -0.903603 0.219461 -0.638713
v -0.981767 0.257253 -0.639122
v -0.905809 0.244888 -0.639122
v -0.948331 -0.016313 -0.626957
v -0.804452 0.828515 -0.824857
v -0.717976 1.359717 -0.953874
v -0.930022 0.575110 -0.839335
v -0.876217 0.905618 -0.834879
v -1.325318 -1.934698 -1.004858
v -1.313593 -1.938474 -1.004858
v -1.032286 -0.053076 -0.854717
v -0.888125 0.314539 -0.842364
v -0.970264 0.327911 -0.842364
v -0.886592 0.841887 -0.824857
v -0.800115 1.373088 -0.953874
v -0.847882 0.561738 -0.839335
v -0.783508 0.957171 -0.824529
v -0.794077 0.892246 -0.834879
v -1.278977 -1.939344 -1.004858
v -1.285159 -1.939221 -1.004858
v -1.031306 -0.089768 -1.068766
v -1.038080 -0.088665 -1.068766
v -0.955940 -0.102037 -1.068766
v -0.957368 -0.110803 -0.843186
v -0.962123 -0.101030 -1.068766
v -1.032733 -0.098534 -0.843186
v -1.039507 -0.097431 -0.843186
v -0.963550 -0.109797 -0.843186
v -1.038142 -0.089048 -1.043752
v -0.956003 -0.102420 -1.043752
v -0.957341 -0.110641 -0.865447
v -1.039481 -0.097270 -0.865447
v -1.025721 -0.012747 -0.810444
v -0.947022 -0.047250 -0.800247
v -0.896792 0.261295 -0.809476
v -0.899969 0.280763 -0.795192
v -0.953204 -0.046244 -0.800247
v -0.978932 0.274667 -0.809476
v -0.969152 0.292026 -0.795192
v -0.893787 0.279757 -0.795192
v -1.336626 -1.914529 -1.147206
v -1.257200 -1.920664 -1.147206
v -1.332018 -1.911476 -0.975864
v -1.337362 -1.919049 -1.130231
v -1.257936 -1.925185 -1.130231
v -1.257989 -1.925512 -0.996930
v -1.337415 -1.919377 -0.996931
v -1.331392 -1.907632 -1.147206
v -1.257825 -1.924509 -0.975864
v -1.263382 -1.920542 -1.147206
v -1.337252 -1.918373 -0.975864
v -1.264008 -1.924386 -0.975864
v -1.257149 -1.920354 0.942173
v -1.257182 -1.920556 0.955049
v -1.336608 -1.914421 0.955049
v -1.331740 -1.909774 1.111178
v -1.263331 -1.920231 0.942174
v -1.336575 -1.914219 0.942174
v -1.336975 -1.916671 1.111178
v -1.336934 -1.916423 1.095589
v -1.257508 -1.922558 1.095589
v -1.331341 -1.907322 0.942174
v -1.263731 -1.922683 1.111178
v -1.257548 -1.922807 1.111178
v -1.019956 0.022663 -0.378310
v -0.888480 0.312359 -0.408514
v -0.937817 0.009291 -0.378310
v -0.970619 0.325731 -0.408514
v -0.933705 0.034549 -0.380798
v -1.015845 0.047921 -0.380798
v -0.963844 0.324628 -0.408514
v -1.013182 0.021560 -0.378310
v -0.894662 0.313365 -0.408514
v -0.943999 0.010298 -0.378310
v -0.974240 0.303491 -0.406323
v -0.892100 0.290119 -0.406323
v -0.752518 1.622752 -1.197161
v -0.683335 1.611489 -1.197161
v -0.677153 1.610482 -1.197161
v -0.759292 1.623854 -1.197161
v -0.757017 1.637835 -1.182770
v -0.674877 1.624463 -1.182770
v -0.663590 1.693799 -1.058267
v -0.745729 1.707171 -1.058267
v -0.734460 1.733678 -1.192868
v -0.665277 1.722415 -1.192869
v -0.659095 1.721409 -1.192868
v -0.741234 1.734781 -1.192868
v -0.743398 1.721493 -1.170923
v -0.661258 1.708121 -1.170923
v -0.720306 1.820622 -1.097437
v -0.651123 1.809359 -1.097437
v -0.644941 1.808352 -1.097438
v -0.727081 1.821724 -1.097437
v -0.730144 1.802902 -1.089378
v -0.648005 1.789531 -1.089378
v -0.650297 1.775455 -1.144272
v -0.656479 1.776461 -1.144272
v -0.732436 1.788826 -1.144272
v -0.735868 1.767745 -1.129951
v -0.725662 1.787724 -1.144272
v -0.653729 1.754373 -1.129951
v -1.328219 -1.881631 -1.148372
v -1.251464 -1.900363 -0.972685
v -1.256882 -1.895544 -1.148372
v -1.335758 -1.886402 -0.972685
v -1.257646 -1.900240 -0.972685
v -1.334993 -1.881706 -1.148372
v -1.250699 -1.895667 -1.148372
v -1.328984 -1.886327 -0.972685
v -1.338210 -1.903572 -1.129778
v -1.254233 -1.917374 -1.129778
v -1.254292 -1.917738 -0.996223
v -1.338269 -1.903935 -0.996223
v -1.253363 -1.912030 1.114348
v -1.253260 -1.911393 0.939423
v -1.253290 -1.911582 0.953601
v -1.337267 -1.897780 0.953602
v -1.330566 -1.898153 1.114348
v -1.259442 -1.911270 0.939423
v -1.337237 -1.897590 0.939423
v -1.337340 -1.898227 1.114348
v -1.337574 -1.899663 1.095068
v -1.253597 -1.913465 1.095068
v -1.330462 -1.897515 0.939423
v -1.259545 -1.911907 1.114348
v -0.026647 0.370916 0.097491
v -0.683361 0.415879 0.116064
v 0.631663 0.411704 0.108733
v -0.022961 0.370916 0.640544
v -0.678747 0.415879 0.632380
v 0.629017 0.411704 0.632380
v -0.026827 0.370915 0.004084
v -0.026940 0.370916 -0.097588
v -0.026996 0.370916 -0.206344
v -0.027005 0.370915 -0.321003
v -0.026975 0.370916 -0.440385
v -0.026918 0.370916 -0.563309
v -0.026841 0.370916 -0.688595
v -0.023592 0.370916 0.578187
v -0.024184 0.370915 0.517398
v -0.024734 0.370915 0.456605
v -0.025236 0.370916 0.394233
v -0.025683 0.370915 0.328709
v -0.026071 0.370915 0.258459
v -0.026394 0.370916 0.181911
v -0.761598 0.427929 0.120360
v -0.838708 0.441302 0.125064
v -0.914850 0.455810 0.130119
v -0.990186 0.471264 0.135465
v -1.064878 0.487475 0.141044
v -1.139086 0.504252 0.146799
v -1.212972 0.521408 0.152670
v 0.550724 0.401643 0.105057
v 0.469306 0.393066 0.102138
v 0.387457 0.385941 0.099921
v 0.305221 0.380232 0.098352
v 0.222647 0.375909 0.097379
v 0.139780 0.372937 0.096947
v 0.056666 0.371284 0.097002
v -0.110092 0.371811 0.098370
v -0.193511 0.373991 0.099638
v -0.276723 0.377489 0.101309
v -0.359547 0.382336 0.103392
v -0.441803 0.388567 0.105898
v -0.523311 0.396212 0.108838
v -0.603890 0.405305 0.112223
v -0.679144 0.415879 0.572754
v -0.679581 0.415879 0.514245
v -0.680065 0.415879 0.455591
v -0.680600 0.415879 0.395534
v -0.681191 0.415879 0.332813
v -0.681845 0.415879 0.266167
v -0.682566 0.415879 0.194338
v -0.684249 0.415858 0.030417
v -0.685315 0.415711 -0.062204
v -0.686659 0.415312 -0.161070
v -0.688380 0.414534 -0.265451
v -0.690615 0.413210 -0.374696
v -0.693645 0.411004 -0.488464
v -0.697935 0.407369 -0.606802
v 1.220472 0.511884 0.151303
v 1.141809 0.495224 0.144107
v 1.046757 0.479846 0.137114
v 0.950919 0.465070 0.130425
v 0.871652 0.450117 0.124141
v 0.792071 0.436112 0.118364
v 0.712096 0.423244 0.113194
v 0.628635 0.411704 0.572740
v 0.628296 0.411704 0.514130
v 0.628082 0.411704 0.455205
v 0.628072 0.411704 0.394617
v 0.628345 0.411704 0.331023
v 0.628982 0.411704 0.263074
v 0.630061 0.411704 0.189427
v 0.633872 0.411683 0.019980
v 0.636791 0.411535 -0.076521
v 0.640529 0.411135 -0.180126
v 0.645195 0.410355 -0.290191
v 0.650956 0.409028 -0.406208
v 0.658229 0.406816 -0.528208
v 0.667731 0.403171 -0.656898
v -0.017878 0.370916 1.140726
v -0.018648 0.370915 1.064951
v -0.019410 0.370916 0.989963
v -0.020160 0.370916 0.916152
v -0.020894 0.370916 0.843912
v -0.021609 0.370916 0.773635
v -0.022299 0.370916 0.705715
v -0.676712 0.415879 1.097848
v -0.676954 0.415879 1.028085
v -0.677205 0.415879 0.958916
v -0.677469 0.415879 0.890639
v -0.677751 0.415879 0.823549
v -0.678055 0.415879 0.757945
v -0.678386 0.415879 0.694123
v 0.631052 0.411704 1.097848
v 0.630810 0.411704 1.028085
v 0.630559 0.411704 0.958916
v 0.630295 0.411703 0.890639
v 0.630013 0.411703 0.823549
v 0.629709 0.411704 0.757945
v 0.629379 0.411704 0.694123
v 0.548504 0.401643 0.634168
v 0.467730 0.393066 0.635768
v 0.386685 0.385941 0.637163
v 0.305359 0.380232 0.638340
v 0.223742 0.375909 0.639281
v 0.141823 0.372937 0.639973
v 0.059592 0.371284 0.640399
v -0.757315 0.427929 0.630419
v -0.834812 0.441302 0.628307
v -0.911391 0.455810 0.626065
v -0.987205 0.471264 0.623714
v -1.062408 0.487475 0.621277
v -1.137152 0.504252 0.618775
v -1.211590 0.521408 0.616230
v 1.220499 0.511884 0.616229
v 1.141077 0.495224 0.618775
v 1.045210 0.479853 0.621277
v 0.948901 0.465071 0.623715
v 0.869192 0.450117 0.626065
v 0.789332 0.436112 0.628307
v 0.709284 0.423244 0.630419
v -0.105813 0.371811 0.640399
v -0.188803 0.373991 0.639973
v -0.271736 0.377489 0.639281
v -0.354418 0.382336 0.638340
v -0.436655 0.388567 0.637164
v -0.518252 0.396212 0.635768
v -0.599014 0.405305 0.634168
v -0.532097 0.399213 -0.741741
v -0.358494 0.398686 -0.749987
v -0.184892 0.398159 -0.758234
v -0.011289 0.397632 -0.766480
v 0.162313 0.397104 -0.774727
v 0.335916 0.396577 -0.782973
v 0.509518 0.396050 -0.791220
v 0.714252 0.423225 0.026320
v 0.794044 0.436095 0.033676
v 0.873329 0.450104 0.041900
v 0.952210 0.465057 0.050848
v 1.047634 0.479826 0.060370
v 1.142093 0.495200 0.070324
v 1.220187 0.511851 0.080565
v 0.717091 0.423089 -0.067902
v 0.796609 0.435983 -0.057844
v 0.875443 0.450013 -0.046570
v 0.953723 0.464968 -0.034298
v 1.048476 0.479707 -0.021247
v 1.141980 0.495035 -0.007612
v 1.219138 0.511619 0.006410
v 0.720704 0.422719 -0.168844
v 0.799805 0.435678 -0.155540
v 0.877942 0.449765 -0.140553
v 0.955273 0.464728 -0.124223
v 1.048935 0.479388 -0.106877
v 1.140868 0.494588 -0.088779
v 1.216477 0.510988 -0.070180
v 0.725183 0.421999 -0.275881
v 0.803673 0.435084 -0.258752
v 0.880773 0.449282 -0.239330
v 0.956587 0.464265 -0.218137
v 1.034379 0.479566 -0.195662
v 1.122530 0.494584 -0.172254
v 1.211356 0.509761 -0.148222
v 0.730653 0.420791 -0.388457
v 0.808247 0.434116 -0.366801
v 0.883883 0.448510 -0.342142
v 0.957645 0.463522 -0.315248
v 1.032771 0.478602 -0.286788
v 1.118571 0.493135 -0.257178
v 1.203014 0.507759 -0.226777
v 0.737369 0.418868 -0.506299
v 0.813537 0.432732 -0.478901
v 0.887225 0.447486 -0.448063
v 0.958435 0.462552 -0.414758
v 1.033723 0.477140 -0.379612
v 1.115422 0.491016 -0.342948
v 1.191032 0.504884 -0.305081
v 0.745565 0.416023 -0.629087
v 0.819488 0.430944 -0.594106
v 0.890745 0.446280 -0.556107
v 0.959049 0.461431 -0.515868
v 1.029302 0.475725 -0.473544
v 1.110987 0.488444 -0.429091
v 1.175339 0.501124 -0.382554
v -0.604792 0.405286 0.024967
v -0.524213 0.396197 0.020168
v -0.442685 0.388556 0.016003
v -0.360379 0.382331 0.012454
v -0.277470 0.377486 0.009502
v -0.194127 0.373991 0.007133
v -0.110522 0.371810 0.005331
v -0.605866 0.405151 -0.069560
v -0.525266 0.396091 -0.076003
v -0.443687 0.388487 -0.081577
v -0.361299 0.382294 -0.086324
v -0.278272 0.377471 -0.090282
v -0.194765 0.373986 -0.093469
v -0.110935 0.371810 -0.095900
v -0.607202 0.404785 -0.170563
v -0.526538 0.395804 -0.178797
v -0.444852 0.388298 -0.185871
v -0.362326 0.382195 -0.191887
v -0.279136 0.377429 -0.196930
v -0.195426 0.373973 -0.201019
v -0.111334 0.371809 -0.204156
v -0.608890 0.404071 -0.277250
v -0.528098 0.395245 -0.287332
v -0.446221 0.387931 -0.295907
v -0.363478 0.382000 -0.303183
v -0.280066 0.377347 -0.309333
v -0.196111 0.373949 -0.314368
v -0.111721 0.371806 -0.318267
v -0.611039 0.402872 -0.388866
v -0.530005 0.394333 -0.400712
v -0.447822 0.387342 -0.410680
v -0.364764 0.381690 -0.419140
v -0.281063 0.377216 -0.426368
v -0.196819 0.373910 -0.432366
v -0.112100 0.371801 -0.437062
v -0.613836 0.400964 -0.504819
v -0.532289 0.393023 -0.517971
v -0.449621 0.386559 -0.529061
v -0.366158 0.381286 -0.538605
v -0.282113 0.377045 -0.546886
v -0.197545 0.373860 -0.553853
v -0.112473 0.371794 -0.559371
v -0.617451 0.398136 -0.624491
v -0.534933 0.391322 -0.638051
v -0.451567 0.385630 -0.649874
v -0.367625 0.380818 -0.660411
v -0.283200 0.376848 -0.669725
v -0.198284 0.373801 -0.677665
v -0.112842 0.371787 -0.684024
v -0.599486 0.405306 0.573944
v -0.518781 0.396212 0.575010
v -0.437226 0.388566 0.575939
v -0.355018 0.382336 0.576722
v -0.272354 0.377489 0.577349
v -0.189430 0.373991 0.577808
v -0.106443 0.371811 0.578091
v -0.599980 0.405305 0.514939
v -0.519318 0.396212 0.515561
v -0.437794 0.388566 0.516104
v -0.355607 0.382336 0.516561
v -0.272953 0.377488 0.516925
v -0.190033 0.373991 0.517191
v -0.107044 0.371811 0.517351
v -0.600505 0.405305 0.455825
v -0.519875 0.396212 0.456037
v -0.438372 0.388566 0.456223
v -0.356196 0.382336 0.456378
v -0.273545 0.377488 0.456498
v -0.190618 0.373991 0.456579
v -0.107615 0.371811 0.456616
v -0.601070 0.405306 0.395277
v -0.520461 0.396212 0.395054
v -0.438970 0.388567 0.394861
v -0.356797 0.382336 0.394695
v -0.274138 0.377489 0.394552
v -0.191193 0.373991 0.394430
v -0.108159 0.371811 0.394324
v -0.601682 0.405305 0.331969
v -0.521087 0.396212 0.331227
v -0.439601 0.388567 0.330583
v -0.357421 0.382336 0.330033
v -0.274743 0.377489 0.329574
v -0.191763 0.373991 0.329203
v -0.108678 0.371810 0.328915
v -0.602351 0.405306 0.264575
v -0.521763 0.396212 0.263172
v -0.440275 0.388566 0.261953
v -0.358079 0.382336 0.260914
v -0.275369 0.377489 0.260050
v -0.192335 0.373991 0.259356
v -0.109172 0.371811 0.258828
v -0.603084 0.405305 0.191768
v -0.522501 0.396212 0.189503
v -0.441006 0.388567 0.187536
v -0.358784 0.382336 0.185860
v -0.276025 0.377489 0.184467
v -0.192916 0.373991 0.183349
v -0.109643 0.371811 0.182499
v 0.708996 0.423244 0.571435
v 0.789155 0.436111 0.570030
v 0.869141 0.450117 0.568539
v 0.948986 0.465071 0.566977
v 1.045405 0.479855 0.565357
v 1.141468 0.495224 0.563694
v 1.221050 0.511884 0.562003
v 0.708727 0.423244 0.513373
v 0.788964 0.436112 0.512562
v 0.869037 0.450117 0.511707
v 0.948974 0.465071 0.510813
v 1.045466 0.479857 0.509890
v 1.141658 0.495224 0.508943
v 1.221346 0.511884 0.507982
v 0.708559 0.423244 0.454961
v 0.788842 0.436112 0.454718
v 0.868958 0.450117 0.454475
v 0.948938 0.465071 0.454233
v 1.045461 0.479857 0.453990
v 1.141706 0.495224 0.453748
v 1.221434 0.511884 0.453506
v 0.708574 0.423244 0.394930
v 0.788868 0.436112 0.395312
v 0.868982 0.450117 0.395754
v 0.948949 0.465070 0.396246
v 1.045459 0.479857 0.396777
v 1.141668 0.495224 0.397338
v 1.221365 0.511884 0.397920
v 0.708854 0.423244 0.332008
v 0.789123 0.436111 0.333159
v 0.869186 0.450117 0.334451
v 0.949080 0.465070 0.335862
v 1.045525 0.479856 0.337366
v 1.141602 0.495224 0.338942
v 1.221186 0.511884 0.340564
v 0.709480 0.423244 0.264926
v 0.789688 0.436112 0.267074
v 0.869647 0.450117 0.269476
v 0.949404 0.465071 0.272090
v 1.045724 0.479853 0.274874
v 1.141566 0.495224 0.277785
v 1.220945 0.511884 0.280781
v 0.710533 0.423244 0.192411
v 0.790644 0.436111 0.195870
v 0.870443 0.450117 0.199737
v 0.949993 0.465070 0.203942
v 1.046115 0.479850 0.208418
v 1.141615 0.495224 0.213098
v 1.220690 0.511884 0.217914
v -1.211042 0.521408 0.562006
v -1.136767 0.504252 0.563700
v -1.062181 0.487475 0.565365
v -0.987128 0.471264 0.566987
v -0.911453 0.455811 0.568551
v -0.835002 0.441302 0.570043
v -0.757617 0.427929 0.571449
v -1.210765 0.521408 0.508003
v -1.136613 0.504252 0.508985
v -1.062146 0.487475 0.509951
v -0.987207 0.471264 0.510892
v -0.911638 0.455810 0.511800
v -0.835282 0.441302 0.512667
v -0.757983 0.427929 0.513485
v -1.210726 0.521408 0.453578
v -1.136664 0.504252 0.453891
v -1.062284 0.487475 0.454198
v -0.987428 0.471264 0.454499
v -0.911936 0.455810 0.454791
v -0.835651 0.441303 0.455071
v -0.758414 0.427929 0.455339
v -1.210894 0.521408 0.398091
v -1.136894 0.504252 0.397675
v -1.062575 0.487475 0.397269
v -0.987777 0.471264 0.396876
v -0.912340 0.455810 0.396501
v -0.836105 0.441302 0.396150
v -0.758911 0.427929 0.395826
v -1.211234 0.521408 0.340898
v -1.137278 0.504252 0.339599
v -1.063000 0.487475 0.338326
v -0.988242 0.471264 0.337092
v -0.912842 0.455810 0.335911
v -0.836641 0.441302 0.334795
v -0.759477 0.427929 0.333758
v -1.211716 0.521408 0.281358
v -1.137788 0.504252 0.278921
v -1.063539 0.487475 0.276532
v -0.988807 0.471264 0.274217
v -0.913433 0.455810 0.271998
v -0.837255 0.441302 0.269901
v -0.760113 0.427929 0.267949
v -1.212306 0.521408 0.218829
v -1.138400 0.504252 0.214901
v -1.064171 0.487475 0.211051
v -0.989460 0.471264 0.207318
v -0.914105 0.455810 0.203741
v -0.837945 0.441302 0.200359
v -0.760819 0.427929 0.197212
v -1.213540 0.521374 0.082523
v -1.139725 0.504228 0.074158
v -1.065582 0.487458 0.065960
v -0.990946 0.471252 0.058014
v -0.915655 0.455797 0.050403
v -0.839549 0.441286 0.043211
v -0.762466 0.427909 0.036521
v -1.213274 0.521135 0.009168
v -1.139806 0.504058 -0.002343
v -1.065973 0.487341 -0.013614
v -0.991592 0.471162 -0.024527
v -0.916487 0.455706 -0.034962
v -0.840505 0.441174 -0.044799
v -0.763497 0.427774 -0.053920
v -1.211296 0.520487 -0.066331
v -1.138723 0.503598 -0.081740
v -1.065685 0.487023 -0.096807
v -0.991951 0.470919 -0.111364
v -0.917309 0.455456 -0.125238
v -0.841622 0.440869 -0.138260
v -0.764778 0.427405 -0.150260
v -1.206729 0.519224 -0.142908
v -1.135868 0.502702 -0.163069
v -1.064352 0.486405 -0.182748
v -0.991850 0.470446 -0.201701
v -0.918081 0.454971 -0.219688
v -0.842947 0.440275 -0.236468
v -0.766397 0.426687 -0.251802
v -1.198783 0.517162 -0.219553
v -1.130772 0.501258 -0.245449
v -1.061718 0.485418 -0.270624
v -0.991170 0.469691 -0.294763
v -0.918779 0.454195 -0.317558
v -0.844525 0.439308 -0.338706
v -0.768464 0.425481 -0.357886
v -1.187028 0.514204 -0.295473
v -1.123506 0.499287 -0.328321
v -1.057977 0.484118 -0.359879
v -0.990015 0.468705 -0.389854
v -0.919425 0.453167 -0.418034
v -0.846401 0.437925 -0.444210
v -0.771165 0.423564 -0.468015
v -1.171398 0.510334 -0.370096
v -1.114407 0.496874 -0.411285
v -1.053448 0.482598 -0.450021
v -0.988543 0.467567 -0.486298
v -0.920051 0.451955 -0.520277
v -0.848587 0.436140 -0.552123
v -0.774677 0.420726 -0.581669
v 0.058964 0.371284 0.578089
v 0.141201 0.372937 0.577803
v 0.223132 0.375909 0.577341
v 0.304769 0.380233 0.576712
v 0.386126 0.385941 0.575927
v 0.467214 0.393067 0.574996
v 0.548046 0.401643 0.573931
v 0.058382 0.371284 0.517329
v 0.140634 0.372937 0.517149
v 0.222585 0.375909 0.516864
v 0.304249 0.380232 0.516482
v 0.385638 0.385941 0.516010
v 0.466767 0.393067 0.515456
v 0.547648 0.401643 0.514827
v 0.057861 0.371284 0.456543
v 0.140148 0.372937 0.456437
v 0.222138 0.375909 0.456291
v 0.303845 0.380233 0.456112
v 0.385280 0.385941 0.455908
v 0.466457 0.393067 0.455684
v 0.547387 0.401643 0.455447
v 0.057415 0.371284 0.394154
v 0.139766 0.372937 0.394093
v 0.221826 0.375909 0.394061
v 0.303605 0.380232 0.394065
v 0.385110 0.385941 0.394114
v 0.466350 0.393066 0.394217
v 0.547335 0.401643 0.394382
v 0.057058 0.371283 0.328582
v 0.139513 0.372937 0.328546
v 0.221685 0.375909 0.328615
v 0.303575 0.380233 0.328803
v 0.385184 0.385941 0.329123
v 0.466515 0.393066 0.329591
v 0.547568 0.401643 0.330220
v 0.056804 0.371283 0.258251
v 0.139415 0.372937 0.258221
v 0.221751 0.375909 0.258392
v 0.303803 0.380232 0.258788
v 0.385562 0.385941 0.259431
v 0.467018 0.393067 0.260345
v 0.548161 0.401643 0.261552
v 0.056669 0.371284 0.181583
v 0.139496 0.372937 0.181546
v 0.222060 0.375909 0.181834
v 0.304336 0.380232 0.182484
v 0.386300 0.385940 0.183532
v 0.467926 0.393067 0.185015
v 0.549188 0.401643 0.186967
v 0.056805 0.371284 0.003390
v 0.140285 0.372936 0.003310
v 0.223540 0.375907 0.003919
v 0.306497 0.380227 0.005291
v 0.389084 0.385931 0.007502
v 0.471226 0.393051 0.010634
v 0.552847 0.401624 0.014766
v 0.057074 0.371283 -0.098529
v 0.140996 0.372932 -0.098650
v 0.224727 0.375891 -0.097859
v 0.308167 0.380190 -0.096066
v 0.391214 0.385861 -0.093173
v 0.473749 0.392945 -0.089045
v 0.555649 0.401489 -0.083541
v 0.057453 0.371281 -0.207569
v 0.141889 0.372919 -0.207756
v 0.226188 0.375849 -0.206814
v 0.310229 0.380090 -0.204650
v 0.393876 0.385672 -0.201145
v 0.476941 0.392658 -0.196064
v 0.559226 0.401121 -0.189145
v 0.057927 0.371278 -0.322547
v 0.142942 0.372895 -0.322837
v 0.227905 0.375767 -0.321807
v 0.312678 0.379895 -0.319390
v 0.397095 0.385303 -0.315452
v 0.480866 0.392097 -0.309587
v 0.563673 0.400406 -0.301324
v 0.058477 0.371273 -0.442275
v 0.144131 0.372856 -0.442712
v 0.229849 0.375635 -0.441685
v 0.315494 0.379585 -0.439184
v 0.400873 0.384713 -0.435079
v 0.485575 0.391183 -0.428751
v 0.569118 0.399204 -0.419430
v 0.059084 0.371267 -0.565568
v 0.145422 0.372805 -0.566186
v 0.231969 0.375464 -0.565237
v 0.318597 0.379179 -0.562794
v 0.405114 0.383928 -0.558787
v 0.491066 0.389869 -0.552573
v 0.575814 0.397290 -0.543092
v 0.059730 0.371260 -0.691237
v 0.146783 0.372747 -0.692060
v 0.234207 0.375267 -0.691238
v 0.321892 0.378710 -0.688947
v 0.409685 0.382997 -0.685268
v 0.497261 0.388164 -0.679904
v 0.583995 0.394455 -0.671894
v 0.064664 0.371284 1.139962
v 0.146840 0.372937 1.137724
v 0.228629 0.375909 1.134092
v 0.310011 0.380232 1.129148
v 0.390964 0.385941 1.122970
v 0.471470 0.393067 1.115641
v 0.551506 0.401643 1.107240
v 0.063896 0.371284 1.064295
v 0.146081 0.372937 1.062370
v 0.227893 0.375909 1.059248
v 0.309315 0.380232 1.054996
v 0.390334 0.385941 1.049685
v 0.470932 0.393067 1.043383
v 0.551096 0.401643 1.036160
v 0.063136 0.371284 0.989409
v 0.145330 0.372937 0.987789
v 0.227163 0.375909 0.985159
v 0.308626 0.380232 0.981579
v 0.389706 0.385941 0.977106
v 0.470396 0.393066 0.971799
v 0.550683 0.401643 0.965717
v 0.062387 0.371284 0.915697
v 0.144591 0.372937 0.914366
v 0.226445 0.375909 0.912204
v 0.307944 0.380232 0.909262
v 0.389084 0.385941 0.905587
v 0.469859 0.393067 0.901226
v 0.550265 0.401643 0.896227
v 0.061655 0.371284 0.843549
v 0.143866 0.372937 0.842486
v 0.225740 0.375909 0.840761
v 0.307274 0.380232 0.838413
v 0.388469 0.385941 0.835479
v 0.469325 0.393066 0.831999
v 0.549839 0.401643 0.828009
v 0.060942 0.371283 0.773356
v 0.143161 0.372937 0.772537
v 0.225052 0.375909 0.771208
v 0.306618 0.380233 0.769398
v 0.387863 0.385941 0.767138
v 0.468791 0.393067 0.764456
v 0.549405 0.401643 0.761382
v 0.060253 0.371284 0.705509
v 0.142479 0.372937 0.704904
v 0.224385 0.375909 0.703922
v 0.305979 0.380233 0.702585
v 0.387268 0.385941 0.700915
v 0.468259 0.393067 0.698933
v 0.548961 0.401643 0.696662
v -1.171441 0.510357 0.987176
v -1.112480 0.497064 1.009580
v -1.049137 0.483239 1.029628
v -0.981357 0.469085 1.047238
v -0.909473 0.454891 1.062531
v -0.834198 0.441030 1.075820
v -0.756341 0.427894 1.087472
v -1.187150 0.514220 0.938340
v -1.121688 0.499418 0.955341
v -1.054002 0.484561 0.971132
v -0.983596 0.469756 0.985426
v -0.910259 0.455175 0.998080
v -0.834361 0.441114 1.009253
v -0.756420 0.427905 1.019177
v -1.198792 0.517172 0.887590
v -1.128988 0.501338 0.900363
v -1.058043 0.485690 0.912520
v -0.985466 0.470337 0.923793
v -0.910903 0.455419 0.933987
v -0.834496 0.441186 0.943157
v -0.756509 0.427914 0.951427
v -1.206474 0.519229 0.835069
v -1.134043 0.502744 0.844594
v -1.060926 0.486547 0.853772
v -0.986782 0.470782 0.862429
v -0.911336 0.455607 0.870428
v -0.834589 0.441242 0.877770
v -0.756611 0.427921 0.884494
v -1.210684 0.520489 0.781116
v -1.136798 0.503616 0.788127
v -1.062456 0.487083 0.794941
v -0.987428 0.471060 0.801459
v -0.911516 0.455725 0.807598
v -0.834635 0.441277 0.813332
v -0.756732 0.427926 0.818652
v -1.212295 0.521136 0.726268
v -1.137785 0.504064 0.731356
v -1.062931 0.487359 0.736335
v -0.987562 0.471204 0.741149
v -0.911516 0.455785 0.745749
v -0.834662 0.441294 0.750100
v -0.756882 0.427928 0.754175
v -1.212275 0.521374 0.671110
v -1.137678 0.504229 0.674749
v -1.062774 0.487460 0.678324
v -0.987412 0.471257 0.681801
v -0.911440 0.455807 0.685148
v -0.834709 0.441302 0.688338
v -0.757073 0.427929 0.691339
v 0.709956 0.423211 1.087471
v 0.787536 0.435847 1.075820
v 0.862979 0.449224 1.062531
v 0.935471 0.462953 1.047238
v 1.010622 0.476316 1.029627
v 1.094658 0.488658 1.009580
v 1.162935 0.501148 0.987175
v 0.709970 0.423221 1.019177
v 0.788115 0.435928 1.009253
v 0.864697 0.449499 0.998080
v 0.939167 0.463606 0.985426
v 1.017545 0.477595 0.971132
v 1.103828 0.491081 0.955341
v 1.181380 0.504900 0.938340
v 0.709961 0.423230 0.951427
v 0.788622 0.435999 0.943157
v 0.866219 0.449737 0.933987
v 0.942432 0.464170 0.923793
v 1.019460 0.478915 0.912520
v 1.110353 0.493122 0.900363
v 1.195841 0.507769 0.887590
v 0.709921 0.423237 0.884494
v 0.789020 0.436053 0.877770
v 0.867446 0.449919 0.870428
v 0.945051 0.464602 0.862430
v 1.031296 0.479351 0.853772
v 1.121667 0.494269 0.844594
v 1.206343 0.509767 0.835069
v 0.709838 0.423241 0.818652
v 0.789283 0.436087 0.813331
v 0.868307 0.450034 0.807598
v 0.946930 0.464870 0.801460
v 1.042164 0.479447 0.794941
v 1.135804 0.494606 0.788127
v 1.213275 0.510991 0.781116
v 0.709708 0.423243 0.754175
v 0.789414 0.436104 0.750100
v 0.868842 0.450092 0.745749
v 0.948026 0.465011 0.741149
v 1.043854 0.479730 0.736335
v 1.138777 0.495040 0.731356
v 1.217385 0.511619 0.726268
v 0.709524 0.423244 0.691339
v 0.789426 0.436111 0.688338
v 0.869115 0.450114 0.685148
v 0.948631 0.465063 0.681800
v 1.044775 0.479836 0.678324
v 1.140343 0.495201 0.674749
v 1.219513 0.511851 0.671110
v -0.596012 0.405305 1.107240
v -0.514512 0.396212 1.115641
v -0.432376 0.388566 1.122970
v -0.349767 0.382336 1.129147
v -0.266849 0.377488 1.134092
v -0.183786 0.373991 1.137724
v -0.100741 0.371811 1.139962
v -0.596421 0.405305 1.036160
v -0.515049 0.396212 1.043383
v -0.433006 0.388566 1.049685
v -0.350462 0.382336 1.054996
v -0.267585 0.377489 1.059248
v -0.184544 0.373991 1.062370
v -0.101509 0.371811 1.064295
v -0.596835 0.405305 0.965717
v -0.515586 0.396212 0.971799
v -0.433634 0.388566 0.977106
v -0.351152 0.382336 0.981579
v -0.268314 0.377488 0.985159
v -0.185295 0.373991 0.987789
v -0.102269 0.371811 0.989409
v -0.597253 0.405305 0.896227
v -0.516122 0.396212 0.901226
v -0.434256 0.388567 0.905587
v -0.351833 0.382336 0.909262
v -0.269033 0.377489 0.912204
v -0.186035 0.373991 0.914365
v -0.103018 0.371811 0.915697
v -0.597678 0.405306 0.828009
v -0.516657 0.396212 0.831999
v -0.434871 0.388566 0.835479
v -0.352503 0.382336 0.838413
v -0.269738 0.377489 0.840761
v -0.186759 0.373991 0.842486
v -0.103750 0.371811 0.843549
v -0.598113 0.405306 0.761382
v -0.517190 0.396212 0.764456
v -0.435477 0.388567 0.767138
v -0.353159 0.382336 0.769398
v -0.270426 0.377489 0.771208
v -0.187465 0.373991 0.772537
v -0.104463 0.371811 0.773356
v -0.598557 0.405305 0.696662
v -0.517722 0.396212 0.698933
v -0.436072 0.388566 0.700915
v -0.353798 0.382336 0.702585
v -0.271093 0.377489 0.703922
v -0.188147 0.373991 0.704904
v -0.105152 0.371811 0.705509
v -0.027471 0.246028 0.097493
v -0.720021 0.293592 0.116258
v 0.665929 0.289085 0.109109
v -0.023790 0.246028 0.640548
v -0.715297 0.293575 0.632487
v 0.663443 0.289106 0.632281
v -0.027648 0.246028 0.004086
v -0.027759 0.246028 -0.097585
v -0.027812 0.246028 -0.206341
v -0.027818 0.246028 -0.320999
v -0.027785 0.246028 -0.440381
v -0.027723 0.246028 -0.563304
v -0.027643 0.246028 -0.688590
v -0.024420 0.246028 0.578191
v -0.025013 0.246028 0.517402
v -0.025563 0.246028 0.456608
v -0.026064 0.246028 0.394236
v -0.026511 0.246028 0.328712
v -0.026898 0.246028 0.258462
v -0.027220 0.246028 0.181913
v -0.803160 0.306394 0.120577
v -0.884621 0.320518 0.125300
v -0.964471 0.335730 0.130368
v -1.042854 0.351807 0.135726
v -1.119922 0.368531 0.141314
v -1.195829 0.385691 0.147075
v -1.259060 0.402078 0.150647
v 0.580253 0.278436 0.105366
v 0.494150 0.269366 0.102371
v 0.407730 0.261842 0.100080
v 0.321040 0.255824 0.098449
v 0.234131 0.251273 0.097428
v 0.147047 0.248149 0.096965
v 0.059837 0.246414 0.097005
v -0.114901 0.246966 0.098382
v -0.202394 0.249253 0.099669
v -0.289807 0.252928 0.101363
v -0.376980 0.258031 0.103472
v -0.463753 0.264604 0.106007
v -0.549968 0.272692 0.108977
v -0.635467 0.282341 0.112390
v -0.715731 0.293581 0.572876
v -0.716196 0.293585 0.514381
v -0.716700 0.293588 0.455740
v -0.717247 0.293590 0.395694
v -0.717847 0.293591 0.332981
v -0.718505 0.293591 0.266341
v -0.719229 0.293592 0.194514
v -0.720891 0.293568 0.030717
v -0.721900 0.293413 -0.061654
v -0.723122 0.292999 -0.160134
v -0.724628 0.292197 -0.263988
v -0.726499 0.290833 -0.372478
v -0.728972 0.288574 -0.485152
v -0.732677 0.284925 -0.601566
v 1.227098 0.392498 0.146822
v 1.164476 0.377329 0.144205
v 1.082652 0.360823 0.137348
v 0.999578 0.344805 0.130762
v 0.917626 0.329345 0.124544
v 0.834739 0.314761 0.118794
v 0.750843 0.301265 0.113614
v 0.663026 0.289101 0.572641
v 0.662662 0.289097 0.514053
v 0.662428 0.289095 0.455173
v 0.662403 0.289093 0.394650
v 0.662664 0.289091 0.331132
v 0.663289 0.289090 0.263268
v 0.664352 0.289088 0.189706
v 0.668090 0.289058 0.020530
v 0.670916 0.288900 -0.075668
v 0.674491 0.288481 -0.178850
v 0.678898 0.287675 -0.288368
v 0.684259 0.286309 -0.403634
v 0.690954 0.284049 -0.524576
v 0.699905 0.280401 -0.651454
v -0.018706 0.246028 1.140730
v -0.019476 0.246028 1.064956
v -0.020238 0.246028 0.989966
v -0.020989 0.246028 0.916156
v -0.021723 0.246028 0.843916
v -0.022437 0.246028 0.773639
v -0.023127 0.246028 0.705719
v -0.712773 0.293506 1.097901
v -0.713101 0.293518 1.028141
v -0.713436 0.293530 0.958976
v -0.713779 0.293541 0.890703
v -0.714133 0.293552 0.823622
v -0.714502 0.293561 0.758027
v -0.714889 0.293569 0.694216
v 0.665909 0.289164 1.097793
v 0.665594 0.289154 1.028028
v 0.665271 0.289145 0.958857
v 0.664939 0.289135 0.890575
v 0.664593 0.289126 0.823479
v 0.664230 0.289119 0.757867
v 0.663848 0.289111 0.694035
v 0.578253 0.278461 0.634064
v 0.492813 0.269388 0.635668
v 0.407184 0.261859 0.637075
v 0.321368 0.255835 0.638267
v 0.235365 0.251279 0.639226
v 0.149175 0.248152 0.639938
v 0.062797 0.246415 0.640383
v -0.798718 0.306368 0.630507
v -0.880518 0.320481 0.628357
v -0.960758 0.335680 0.626062
v -1.039578 0.351744 0.623642
v -1.117122 0.368457 0.621123
v -1.193537 0.385609 0.618527
v -1.247744 0.401283 0.616866
v 1.224991 0.392389 0.617335
v 1.163345 0.377241 0.619003
v 1.080873 0.360756 0.621420
v 0.997324 0.344758 0.623782
v 0.915024 0.329319 0.626069
v 0.831963 0.314754 0.628262
v 0.748098 0.301275 0.630340
v -0.110650 0.246967 0.640422
v -0.197725 0.249255 0.640016
v -0.284858 0.252930 0.639343
v -0.371876 0.258033 0.638420
v -0.458608 0.264604 0.637259
v -0.544883 0.272689 0.635875
v -0.630526 0.282333 0.634280
v -0.501778 0.291842 -0.681502
v -0.338364 0.290665 -0.688873
v -0.175112 0.289840 -0.696439
v -0.011922 0.289376 -0.704209
v 0.151311 0.289271 -0.712187
v 0.314689 0.289513 -0.720372
v 0.478304 0.290081 -0.728757
v 0.753022 0.301250 0.026921
v 0.836804 0.314761 0.034278
v 0.919458 0.329361 0.042454
v 1.001068 0.344833 0.051309
v 1.083721 0.360856 0.060703
v 1.165036 0.377366 0.070494
v 1.227505 0.392461 0.075933
v 0.755904 0.301123 -0.066996
v 0.839530 0.314677 -0.056970
v 0.921815 0.329315 -0.045795
v 1.002856 0.344801 -0.033670
v 1.084788 0.360806 -0.020791
v 1.165247 0.377273 -0.007352
v 1.228746 0.392142 0.002120
v 0.759612 0.300771 -0.167516
v 0.843018 0.314425 -0.154294
v 0.924712 0.329143 -0.139487
v 1.004799 0.344645 -0.123385
v 1.085498 0.360577 -0.106276
v 1.164506 0.376909 -0.088415
v 1.227400 0.390853 -0.074474
v 0.764285 0.300088 -0.274016
v 0.847389 0.313923 -0.257050
v 0.928176 0.328782 -0.237918
v 1.006763 0.344299 -0.217060
v 1.083477 0.360190 -0.194902
v 1.160823 0.376210 -0.171779
v 1.226186 0.389933 -0.151909
v 0.770214 0.298963 -0.385890
v 0.852869 0.313121 -0.364573
v 0.932273 0.328202 -0.340381
v 1.008670 0.343730 -0.313947
v 1.082520 0.359363 -0.285884
v 1.156541 0.374914 -0.256604
v 1.217869 0.388387 -0.230783
v 0.778102 0.297249 -0.502810
v 0.859835 0.312050 -0.476101
v 0.937103 0.327475 -0.446000
v 1.010618 0.343001 -0.413295
v 1.080944 0.358263 -0.378613
v 1.150764 0.373097 -0.342308
v 1.210454 0.386342 -0.307950
v 0.789480 0.294977 -0.624351
v 0.868623 0.310814 -0.590782
v 0.942712 0.326697 -0.553818
v 1.012718 0.342197 -0.514307
v 1.078657 0.357015 -0.472504
v 1.144081 0.370845 -0.428432
v 1.203753 0.383949 -0.382190
v -0.636330 0.282317 0.025229
v -0.550819 0.272672 0.020380
v -0.464581 0.264589 0.016160
v -0.377766 0.258023 0.012559
v -0.290519 0.252924 0.009565
v -0.202986 0.249252 0.007165
v -0.115316 0.246966 0.005343
v -0.637269 0.282166 -0.069073
v -0.551698 0.272548 -0.075618
v -0.465412 0.264506 -0.081306
v -0.378552 0.257977 -0.086156
v -0.291235 0.252904 -0.090191
v -0.203574 0.249246 -0.093429
v -0.115706 0.246965 -0.095887
v -0.638299 0.281765 -0.169730
v -0.552574 0.272222 -0.178144
v -0.466189 0.264285 -0.185424
v -0.379279 0.257858 -0.191623
v -0.291915 0.252853 -0.196797
v -0.204141 0.249230 -0.200964
v -0.116067 0.246963 -0.204140
v -0.639408 0.280986 -0.275951
v -0.553392 0.271592 -0.286331
v -0.466851 0.263862 -0.295237
v -0.379898 0.257629 -0.302799
v -0.292525 0.252756 -0.309146
v -0.204668 0.249200 -0.314296
v -0.116397 0.246959 -0.318248
v -0.640461 0.279667 -0.386934
v -0.554000 0.270560 -0.399296
v -0.467332 0.263188 -0.409782
v -0.380387 0.257270 -0.418641
v -0.293052 0.252603 -0.426132
v -0.205149 0.249155 -0.432277
v -0.116697 0.246952 -0.437040
v -0.641094 0.277538 -0.502041
v -0.554084 0.269061 -0.516108
v -0.467529 0.262291 -0.527968
v -0.380744 0.256806 -0.538025
v -0.293507 0.252406 -0.546617
v -0.205590 0.249095 -0.553752
v -0.116972 0.246944 -0.559347
v -0.639627 0.274257 -0.620503
v -0.553417 0.267109 -0.635821
v -0.467436 0.261231 -0.648660
v -0.381005 0.256274 -0.659786
v -0.293915 0.252180 -0.669437
v -0.206005 0.249027 -0.677558
v -0.117232 0.246935 -0.683997
v -0.631022 0.282336 0.574065
v -0.545427 0.272690 0.575122
v -0.459188 0.264605 0.576037
v -0.372481 0.258033 0.576803
v -0.285478 0.252930 0.577411
v -0.198353 0.249255 0.577851
v -0.111281 0.246967 0.578115
v -0.631535 0.282338 0.515068
v -0.545975 0.272692 0.515677
v -0.459763 0.264605 0.516203
v -0.373072 0.258033 0.516642
v -0.286078 0.252930 0.516987
v -0.198955 0.249255 0.517233
v -0.111881 0.246967 0.517373
v -0.632073 0.282340 0.455962
v -0.546539 0.272693 0.456157
v -0.460344 0.264606 0.456324
v -0.373663 0.258033 0.456459
v -0.286669 0.252930 0.456558
v -0.199540 0.249255 0.456619
v -0.112451 0.246967 0.456637
v -0.632646 0.282341 0.395420
v -0.547129 0.272693 0.395178
v -0.460944 0.264606 0.394964
v -0.374263 0.258033 0.394776
v -0.287260 0.252930 0.394611
v -0.200112 0.249255 0.394468
v -0.112993 0.246967 0.394344
v -0.633263 0.282342 0.332117
v -0.547757 0.272693 0.331353
v -0.461573 0.264606 0.330686
v -0.374883 0.258033 0.330113
v -0.287860 0.252930 0.329632
v -0.200677 0.249254 0.329239
v -0.113508 0.246967 0.328933
v -0.633933 0.282342 0.264726
v -0.548433 0.272693 0.263299
v -0.462244 0.264605 0.262056
v -0.375536 0.258032 0.260993
v -0.288479 0.252929 0.260106
v -0.201242 0.249254 0.259390
v -0.113997 0.246967 0.258843
v -0.634666 0.282342 0.191920
v -0.549168 0.272693 0.189631
v -0.462969 0.264605 0.187639
v -0.376233 0.258032 0.185937
v -0.289125 0.252929 0.184520
v -0.201813 0.249254 0.183380
v -0.114461 0.246966 0.182513
v 0.747763 0.301268 0.571349
v 0.831726 0.314743 0.569968
v 0.914901 0.329306 0.568512
v 0.997328 0.344742 0.566994
v 1.081006 0.360737 0.565428
v 1.163638 0.377220 0.563827
v 1.226072 0.392274 0.562642
v 0.747461 0.301263 0.513304
v 0.831495 0.314737 0.512508
v 0.914750 0.329297 0.511672
v 0.997263 0.344731 0.510805
v 1.081028 0.360726 0.509910
v 1.163766 0.377206 0.508997
v 1.225028 0.391762 0.507999
v 0.747273 0.301260 0.454937
v 0.831351 0.314733 0.454700
v 0.914648 0.329293 0.454464
v 0.997204 0.344727 0.454227
v 1.081008 0.360721 0.453990
v 1.163790 0.377201 0.453751
v 1.227970 0.391940 0.452928
v 0.747279 0.301258 0.394972
v 0.831375 0.314733 0.395357
v 0.914675 0.329293 0.395793
v 0.997225 0.344729 0.396271
v 1.081015 0.360724 0.396782
v 1.163771 0.377205 0.397315
v 1.221743 0.391827 0.396143
v 0.747559 0.301258 0.332133
v 0.831645 0.314735 0.333285
v 0.914909 0.329299 0.334563
v 0.997399 0.344737 0.335942
v 1.081116 0.360735 0.337401
v 1.163769 0.377219 0.338918
v 1.226357 0.391860 0.338430
v 0.748194 0.301260 0.265142
v 0.832243 0.314741 0.267293
v 0.915428 0.329309 0.269674
v 0.997801 0.344753 0.272244
v 1.081379 0.360755 0.274961
v 1.163845 0.377243 0.277785
v 1.225310 0.392197 0.277634
v 0.749262 0.301262 0.192723
v 0.833248 0.314749 0.196189
v 0.916307 0.329325 0.200032
v 0.998502 0.344775 0.204181
v 1.081869 0.360784 0.208572
v 1.164061 0.377280 0.213138
v 1.228291 0.392497 0.214367
v -1.252619 0.401519 0.562263
v -1.193272 0.385636 0.563566
v -1.117004 0.368482 0.565302
v -1.039598 0.351764 0.566985
v -0.960904 0.335697 0.568600
v -0.880776 0.320493 0.570130
v -0.799072 0.306376 0.571560
v -1.252286 0.401355 0.507949
v -1.193208 0.385657 0.508959
v -1.117051 0.368500 0.509974
v -1.039750 0.351780 0.510957
v -0.961151 0.335709 0.511899
v -0.881107 0.320502 0.512789
v -0.799477 0.306382 0.513619
v -1.251719 0.401643 0.453116
v -1.193322 0.385671 0.453958
v -1.117248 0.368513 0.454297
v -1.040023 0.351791 0.454623
v -0.961493 0.335717 0.454934
v -0.881512 0.320509 0.455225
v -0.799936 0.306387 0.455495
v -1.248643 0.401596 0.396949
v -1.193594 0.385681 0.397820
v -1.117577 0.368521 0.397430
v -1.040407 0.351798 0.397049
v -0.961927 0.335723 0.396681
v -0.881990 0.320513 0.396329
v -0.800452 0.306390 0.395999
v -1.252903 0.401580 0.339561
v -1.194003 0.385687 0.339802
v -1.118025 0.368526 0.338535
v -1.040892 0.351803 0.337303
v -0.962447 0.335727 0.336118
v -0.882541 0.320516 0.334994
v -0.801030 0.306392 0.333944
v -1.248257 0.401626 0.278799
v -1.194525 0.385690 0.279165
v -1.118576 0.368529 0.276774
v -1.041468 0.351805 0.274453
v -0.963047 0.335729 0.272224
v -0.883163 0.320517 0.270113
v -0.801671 0.306393 0.268144
v -1.250276 0.401895 0.215784
v -1.195141 0.385691 0.215168
v -1.119212 0.368530 0.211311
v -1.042125 0.351806 0.207568
v -0.963722 0.335730 0.203978
v -0.883856 0.320518 0.200579
v -0.802380 0.306393 0.197412
v -1.255023 0.401685 0.079515
v -1.196474 0.385668 0.074444
v -1.120636 0.368516 0.066251
v -1.043632 0.351798 0.058313
v -0.965299 0.335722 0.050713
v -0.885480 0.320506 0.043530
v -0.804032 0.306375 0.036839
v -1.251907 0.400905 0.005603
v -1.196573 0.385503 -0.002035
v -1.121069 0.368409 -0.013275
v -1.044352 0.351724 -0.024138
v -0.966224 0.335649 -0.034507
v -0.886513 0.320408 -0.044280
v -0.805086 0.306244 -0.053361
v -1.250852 0.400143 -0.069855
v -1.195536 0.385053 -0.081398
v -1.120885 0.368114 -0.096392
v -1.044894 0.351520 -0.110833
v -0.967278 0.335447 -0.124556
v -0.887829 0.320141 -0.137429
v -0.806441 0.305890 -0.149329
v -1.248837 0.398849 -0.146259
v -1.192767 0.384176 -0.162685
v -1.119750 0.367541 -0.182236
v -1.045145 0.351123 -0.200990
v -0.968505 0.335055 -0.218715
v -0.889556 0.319625 -0.235226
v -0.808233 0.305205 -0.250368
v -1.241459 0.396711 -0.223280
v -1.187810 0.382765 -0.245023
v -1.117443 0.366627 -0.270021
v -1.045048 0.350494 -0.293879
v -0.969988 0.334441 -0.316284
v -0.891927 0.318812 -0.336979
v -0.810731 0.304081 -0.355772
v -1.238458 0.394952 -0.297272
v -1.180747 0.380841 -0.327868
v -1.114177 0.365434 -0.359215
v -1.044741 0.349695 -0.388845
v -0.971885 0.333675 -0.416499
v -0.895335 0.317731 -0.441948
v -0.814558 0.302373 -0.464990
v -1.229370 0.392057 -0.369755
v -1.171930 0.378493 -0.410826
v -1.110282 0.364059 -0.449334
v -1.044387 0.348806 -0.485219
v -0.974300 0.332848 -0.518558
v -0.900160 0.316485 -0.549382
v -0.821175 0.300124 -0.577400
v 0.062169 0.246414 0.578074
v 0.148552 0.248152 0.577770
v 0.234753 0.251279 0.577289
v 0.320772 0.255835 0.576643
v 0.406615 0.261858 0.575843
v 0.492282 0.269387 0.574902
v 0.577771 0.278458 0.573830
v 0.061587 0.246414 0.517316
v 0.147984 0.248152 0.517119
v 0.234202 0.251279 0.516819
v 0.320246 0.255835 0.516424
v 0.406119 0.261858 0.515942
v 0.491821 0.269386 0.515380
v 0.577354 0.278456 0.514749
v 0.061063 0.246415 0.456532
v 0.147493 0.248151 0.456412
v 0.233749 0.251279 0.456257
v 0.319833 0.255834 0.456072
v 0.405749 0.261857 0.455865
v 0.491496 0.269384 0.455643
v 0.577075 0.278454 0.455410
v 0.060614 0.246414 0.394145
v 0.147105 0.248151 0.394077
v 0.233426 0.251278 0.394042
v 0.319578 0.255833 0.394049
v 0.405560 0.261855 0.394106
v 0.491371 0.269382 0.394222
v 0.577006 0.278452 0.394401
v 0.060253 0.246414 0.328576
v 0.146843 0.248151 0.328538
v 0.233269 0.251277 0.328613
v 0.319527 0.255832 0.328814
v 0.405610 0.261853 0.329156
v 0.491510 0.269380 0.329649
v 0.577218 0.278449 0.330305
v 0.059994 0.246414 0.258248
v 0.146730 0.248151 0.258222
v 0.233311 0.251276 0.258408
v 0.319724 0.255830 0.258828
v 0.405953 0.261851 0.259506
v 0.491978 0.269377 0.260460
v 0.577783 0.278446 0.261708
v 0.059851 0.246414 0.181583
v 0.146790 0.248150 0.181555
v 0.233588 0.251275 0.181866
v 0.320215 0.255827 0.182552
v 0.406642 0.261847 0.183647
v 0.492838 0.269372 0.185185
v 0.578772 0.278442 0.187195
v 0.059960 0.246414 0.003396
v 0.147512 0.248147 0.003338
v 0.234953 0.251268 0.003992
v 0.322215 0.255813 0.005434
v 0.409234 0.261822 0.007741
v 0.495944 0.269339 0.010982
v 0.582275 0.278406 0.015225
v 0.060204 0.246413 -0.098519
v 0.148154 0.248141 -0.098607
v 0.236011 0.251247 -0.097749
v 0.323687 0.255764 -0.095846
v 0.411113 0.261733 -0.092799
v 0.498208 0.269209 -0.088493
v 0.584869 0.278248 -0.082818
v 0.060545 0.246411 -0.207555
v 0.148933 0.248126 -0.207696
v 0.237245 0.251195 -0.206655
v 0.325381 0.255642 -0.204324
v 0.413299 0.261509 -0.200583
v 0.500911 0.268877 -0.195228
v 0.588060 0.277840 -0.188050
v 0.060960 0.246407 -0.322527
v 0.149809 0.248096 -0.322756
v 0.238598 0.251097 -0.321592
v 0.327231 0.255414 -0.318940
v 0.415729 0.261084 -0.314665
v 0.504007 0.268244 -0.308401
v 0.591850 0.277057 -0.299757
v 0.061430 0.246401 -0.442251
v 0.150752 0.248051 -0.442613
v 0.240033 0.250946 -0.441419
v 0.329194 0.255057 -0.438622
v 0.418325 0.260413 -0.434071
v 0.507354 0.267216 -0.427166
v 0.596138 0.275740 -0.417247
v 0.061940 0.246394 -0.565541
v 0.151741 0.247993 -0.566075
v 0.241523 0.250751 -0.564938
v 0.331221 0.254597 -0.562156
v 0.420936 0.259525 -0.557603
v 0.510650 0.265733 -0.550581
v 0.600674 0.273626 -0.540126
v 0.062477 0.246385 -0.691209
v 0.152764 0.247927 -0.691943
v 0.243057 0.250528 -0.690924
v 0.333288 0.254072 -0.688272
v 0.423488 0.258480 -0.683983
v 0.513655 0.263812 -0.677605
v 0.604092 0.270407 -0.667901
v 0.067871 0.246415 1.139946
v 0.154199 0.248152 1.137689
v 0.240274 0.251280 1.134038
v 0.326072 0.255839 1.129076
v 0.411569 0.261867 1.122887
v 0.496737 0.269406 1.115553
v 0.581554 0.278495 1.107161
v 0.067102 0.246414 1.064279
v 0.153439 0.248152 1.062335
v 0.239534 0.251280 1.059194
v 0.325368 0.255838 1.054925
v 0.410920 0.261866 1.049602
v 0.496168 0.269403 1.043295
v 0.581092 0.278490 1.036080
v 0.066342 0.246414 0.989393
v 0.152687 0.248152 0.987753
v 0.238801 0.251280 0.985105
v 0.324669 0.255837 0.981508
v 0.410275 0.261865 0.977022
v 0.495600 0.269400 0.971710
v 0.580628 0.278484 0.965635
v 0.065594 0.246414 0.915681
v 0.151946 0.248152 0.914330
v 0.238078 0.251280 0.912150
v 0.323980 0.255837 0.909190
v 0.409636 0.261863 0.905502
v 0.495034 0.269398 0.901135
v 0.580162 0.278478 0.896142
v 0.064861 0.246414 0.843534
v 0.151221 0.248152 0.842451
v 0.237370 0.251280 0.840707
v 0.323301 0.255837 0.838341
v 0.409006 0.261862 0.835394
v 0.494472 0.269395 0.831907
v 0.579692 0.278473 0.827921
v 0.064147 0.246414 0.773340
v 0.150515 0.248152 0.772501
v 0.236680 0.251279 0.771153
v 0.322638 0.255836 0.769326
v 0.408385 0.261861 0.767051
v 0.493914 0.269393 0.764361
v 0.579218 0.278468 0.761289
v 0.063458 0.246415 0.705493
v 0.149832 0.248152 0.704868
v 0.236010 0.251279 0.703867
v 0.321993 0.255836 0.702512
v 0.407777 0.261860 0.700827
v 0.493361 0.269390 0.698836
v 0.578739 0.278464 0.696563
v -1.222288 0.390749 0.983380
v -1.167130 0.378035 1.008850
v -1.102049 0.363834 1.029024
v -1.032020 0.349213 1.046801
v -0.957372 0.334477 1.062265
v -0.878776 0.320007 1.075704
v -0.796974 0.306209 1.087463
v -1.233075 0.393560 0.938148
v -1.176737 0.380476 0.954675
v -1.107329 0.365244 0.970577
v -1.034641 0.349962 0.985020
v -0.958473 0.334821 0.997833
v -0.879170 0.320132 1.009146
v -0.797200 0.306243 1.019172
v -1.238396 0.395963 0.888191
v -1.184348 0.382466 0.899753
v -1.111716 0.366447 0.912019
v -1.036845 0.350611 0.923428
v -0.959404 0.335120 0.933767
v -0.879519 0.320242 0.943067
v -0.797427 0.306275 0.951430
v -1.246655 0.398405 0.835447
v -1.189664 0.383929 0.844037
v -1.114887 0.367366 0.853329
v -1.038446 0.351115 0.862115
v -0.960085 0.335356 0.870244
v -0.879801 0.320332 0.877701
v -0.797656 0.306302 0.884509
v -1.250023 0.399893 0.781399
v -1.192649 0.384853 0.787626
v -1.116657 0.367955 0.794560
v -1.039327 0.351442 0.801200
v -0.960471 0.335514 0.807454
v -0.880009 0.320396 0.813287
v -0.797889 0.306324 0.818681
v -1.247216 0.400574 0.726738
v -1.193839 0.385346 0.730921
v -1.117335 0.368274 0.736020
v -1.039654 0.351625 0.740947
v -0.960640 0.335607 0.745649
v -0.880171 0.320437 0.750084
v -0.798137 0.306342 0.754220
v -1.248941 0.401109 0.671635
v -1.193911 0.385552 0.674398
v -1.117348 0.368412 0.678083
v -1.039660 0.351710 0.681661
v -0.960700 0.335656 0.685095
v -0.880327 0.320464 0.688353
v -0.798410 0.306356 0.691403
v 0.749275 0.301319 1.087455
v 0.830659 0.314572 1.075846
v 0.909268 0.328509 1.062600
v 0.984365 0.342731 1.047364
v 1.055402 0.356857 1.029839
v 1.125282 0.370415 1.009927
v 1.186251 0.383024 0.986179
v 0.749215 0.301318 1.019158
v 0.831190 0.314646 1.009278
v 0.910971 0.328781 0.998152
v 0.988068 0.343384 0.985560
v 1.062206 0.358146 0.971359
v 1.136156 0.372739 0.955713
v 1.194714 0.385541 0.939963
v 0.749132 0.301315 0.951405
v 0.831642 0.314707 0.943181
v 0.912463 0.329014 0.934063
v 0.991317 0.343945 0.923939
v 1.068040 0.359242 0.912767
v 1.145237 0.374619 0.900758
v 1.201730 0.387854 0.889632
v 0.749016 0.301310 0.884467
v 0.831975 0.314750 0.877791
v 0.913638 0.329186 0.870509
v 0.993887 0.344368 0.862588
v 1.072963 0.360044 0.854037
v 1.152356 0.375969 0.845002
v 1.208171 0.389718 0.836895
v 0.748856 0.301303 0.818617
v 0.832160 0.314770 0.813347
v 0.914423 0.329287 0.807678
v 0.995626 0.344623 0.801623
v 1.077831 0.360446 0.795213
v 1.158486 0.376714 0.788532
v 1.215080 0.391041 0.782664
v 0.748651 0.301294 0.754128
v 0.832205 0.314773 0.750102
v 0.914863 0.329328 0.745817
v 0.996653 0.344741 0.741301
v 1.079613 0.360691 0.736589
v 1.161314 0.377117 0.731732
v 1.220749 0.391811 0.727646
v 0.748398 0.301284 0.691277
v 0.832133 0.314765 0.688319
v 0.915037 0.329332 0.685190
v 0.997155 0.344771 0.681919
v 1.080510 0.360765 0.678535
v 1.162737 0.377246 0.675066
v 1.225000 0.392228 0.672364
v -0.627213 0.282295 1.107322
v -0.540951 0.272669 1.115732
v -0.454219 0.264595 1.123058
v -0.367169 0.258029 1.129225
v -0.279947 0.252928 1.134153
v -0.192700 0.249254 1.137767
v -0.105577 0.246967 1.139985
v -0.627676 0.282302 1.036244
v -0.541521 0.272673 1.043475
v -0.454870 0.264596 1.049774
v -0.367874 0.258029 1.055074
v -0.280687 0.252929 1.059309
v -0.193460 0.249254 1.062413
v -0.106345 0.246967 1.064318
v -0.628142 0.282308 0.965802
v -0.542090 0.272676 0.971893
v -0.455515 0.264598 0.977195
v -0.368574 0.258030 0.981656
v -0.281420 0.252929 0.985220
v -0.194212 0.249255 0.987832
v -0.107105 0.246967 0.989433
v -0.628609 0.282314 0.896316
v -0.542656 0.272679 0.901320
v -0.456155 0.264600 0.905677
v -0.369264 0.258031 0.909340
v -0.282143 0.252929 0.912266
v -0.194953 0.249254 0.914408
v -0.107854 0.246967 0.915720
v -0.629081 0.282320 0.828102
v -0.543220 0.272682 0.832096
v -0.456786 0.264601 0.835571
v -0.369942 0.258031 0.838491
v -0.282852 0.252930 0.840823
v -0.195679 0.249255 0.842529
v -0.108587 0.246967 0.843572
v -0.629557 0.282325 0.761480
v -0.543780 0.272684 0.764556
v -0.457406 0.264602 0.767230
v -0.370606 0.258032 0.769477
v -0.283543 0.252930 0.771270
v -0.196385 0.249255 0.772580
v -0.109300 0.246967 0.773379
v -0.630038 0.282329 0.696766
v -0.544334 0.272687 0.699037
v -0.458015 0.264603 0.701009
v -0.371252 0.258032 0.702665
v -0.284213 0.252930 0.703984
v -0.197068 0.249255 0.704947
v -0.109989 0.246967 0.705532
v -1.222250 0.461746 1.001867
v -1.188225 0.514093 0.997479
v -1.208321 0.488598 1.001420
v -1.195867 0.507758 0.999814
v 1.204091 0.452645 1.002559
v 1.179352 0.504777 0.997479
v 1.197009 0.479241 1.001766
v 1.186724 0.498391 0.999907
v -1.222009 0.461964 -0.388950
v -1.187467 0.514081 -0.383337
v -1.207662 0.488706 -0.388248
v -1.195019 0.507781 -0.386194
v 1.217016 0.452885 -0.399808
v 1.191505 0.504764 -0.394832
v 1.209475 0.479358 -0.399179
v 1.198899 0.498416 -0.397358
v -0.017478 0.313895 1.216895
v -0.017457 0.370916 1.182117
v -0.017338 0.342405 1.212235
v -0.017330 0.363276 1.199505
v -0.027083 0.313895 -0.815059
v -0.026794 0.370916 -0.757320
v -0.026924 0.342405 -0.807324
v -0.026818 0.363276 -0.786191
v -1.302033 0.489823 0.154388
v -1.253036 0.530834 0.155893
v -1.290201 0.509036 0.155514
v -1.273420 0.527561 0.157264
v 1.263183 0.521040 0.155268
v 1.300315 0.477228 0.150934
v 1.283895 0.515732 0.156203
v 1.295748 0.496980 0.153586
v -0.702154 0.403223 -0.675650
v -0.719292 0.343574 -0.730608
v -0.705748 0.393957 -0.704185
v -0.712021 0.372124 -0.724301
v -0.676583 0.415879 1.135921
v -0.692778 0.359984 1.167933
v -0.678713 0.408391 1.151917
v -0.684641 0.387931 1.163635
v 0.631181 0.411704 1.135921
v 0.647083 0.355739 1.167882
v 0.633352 0.404206 1.151911
v 0.639172 0.383721 1.163610
v 0.652632 0.336890 -0.799219
v 0.676094 0.399014 -0.734373
v 0.732233 0.347455 -0.776519
v 0.659537 0.365651 -0.790185
v 0.678769 0.340173 -0.795054
v 0.679121 0.366984 -0.788409
v 0.698926 0.393062 -0.755419
v 0.668021 0.388159 -0.766784
v 0.685418 0.383542 -0.775751
v 0.707876 0.344036 -0.786759
v 0.719189 0.374493 -0.770641
v 0.698090 0.369899 -0.782226
v -1.251958 0.530834 0.614834
v -1.297353 0.489379 0.613814
v -1.272454 0.527470 0.614227
v -1.288343 0.508942 0.613986
v 1.263642 0.521041 0.614834
v 1.295980 0.475960 0.613922
v 1.284566 0.515168 0.614380
v 1.292607 0.495362 0.614168
v -1.297417 0.488639 0.667222
v -1.252686 0.530766 0.669117
v -1.288697 0.508154 0.667584
v -1.273190 0.526087 0.668263
v -1.295693 0.487826 0.720272
v -1.252693 0.530513 0.723473
v -1.288328 0.507586 0.721029
v -1.273112 0.526846 0.722249
v -1.295653 0.486685 0.772687
v -1.250712 0.529750 0.777252
v -1.285946 0.506737 0.773753
v -1.270908 0.525898 0.775549
v -1.291823 0.485043 0.823856
v -1.245649 0.528265 0.829798
v -1.280722 0.505377 0.825138
v -1.265590 0.524812 0.827540
v -1.289412 0.481536 0.873693
v -1.236412 0.525826 0.880480
v -1.276740 0.505057 0.875135
v -1.255686 0.522209 0.877447
v -1.277246 0.474827 0.920348
v -1.222081 0.522241 0.928753
v -1.260406 0.501000 0.921602
v -1.240214 0.518355 0.924679
v -1.253233 0.469058 0.962874
v -1.201914 0.517354 0.974166
v -1.236945 0.495357 0.964520
v -1.218161 0.513035 0.968652
v 0.727764 0.367529 1.156030
v 0.709943 0.423205 1.124733
v 0.718849 0.395365 1.151840
v 0.712326 0.415744 1.140385
v 0.806484 0.380368 1.142635
v 0.787202 0.435800 1.112123
v 0.796740 0.408069 1.138543
v 0.789683 0.428359 1.127376
v 0.882158 0.393790 1.127189
v 0.861992 0.449065 1.097652
v 0.871772 0.421378 1.123221
v 0.864390 0.441610 1.112410
v 0.953731 0.407337 1.109192
v 0.933345 0.462575 1.080877
v 0.942885 0.434840 1.105380
v 0.935423 0.455058 1.095016
v 1.021046 0.420505 1.088145
v 1.003955 0.475717 1.061381
v 1.010753 0.447910 1.084528
v 1.004300 0.468130 1.074732
v 1.093577 0.432251 1.063549
v 1.084378 0.487483 1.038835
v 1.086492 0.459468 1.060189
v 1.082486 0.479720 1.051142
v 1.155488 0.442940 1.034906
v 1.151473 0.498788 1.013000
v 1.151481 0.470054 1.031895
v 1.149265 0.490536 1.023877
v 1.300318 0.477501 0.084222
v 1.262578 0.521002 0.086209
v 1.295241 0.497551 0.086344
v 1.283679 0.517554 0.088572
v 1.299718 0.477352 0.015394
v 1.261001 0.520728 0.014135
v 1.294872 0.497749 0.016912
v 1.281779 0.516957 0.017290
v 1.298774 0.476669 -0.054673
v 1.257463 0.519987 -0.059937
v 1.294286 0.497742 -0.053871
v 1.278019 0.516484 -0.055635
v 1.297882 0.474795 -0.125149
v 1.250973 0.518542 -0.134993
v 1.292286 0.497745 -0.125368
v 1.270979 0.514954 -0.129433
v 1.293814 0.469389 -0.195944
v 1.240582 0.516171 -0.210038
v 1.280562 0.495156 -0.197831
v 1.259752 0.512434 -0.203000
v 1.270477 0.465531 -0.266495
v 1.225496 0.512684 -0.284159
v 1.260853 0.491381 -0.268893
v 1.243387 0.508696 -0.275358
v 1.246399 0.459981 -0.334545
v 1.205080 0.507934 -0.356521
v 1.237151 0.485926 -0.337527
v 1.221010 0.503534 -0.345571
v -0.800750 0.362153 -0.695109
v -0.776973 0.418740 -0.644745
v -0.789567 0.389836 -0.689325
v -0.780864 0.410549 -0.670890
v -0.875076 0.379629 -0.659785
v -0.849868 0.435049 -0.611442
v -0.862866 0.407003 -0.653856
v -0.853639 0.427289 -0.636161
v -0.945816 0.396353 -0.622506
v -0.920386 0.451245 -0.576322
v -0.933204 0.423581 -0.616649
v -0.923896 0.443673 -0.599744
v -1.012629 0.412178 -0.582858
v -0.987657 0.466906 -0.539075
v -0.999871 0.439339 -0.577197
v -0.990731 0.459371 -0.561172
v -1.074580 0.426871 -0.540247
v -1.050770 0.481712 -0.499245
v -1.061851 0.454019 -0.534884
v -1.053136 0.474092 -0.519876
v -1.130625 0.440184 -0.494023
v -1.108929 0.495435 -0.456374
v -1.118093 0.467367 -0.489064
v -1.110151 0.487591 -0.475284
v -1.179639 0.451852 -0.443506
v -1.161496 0.507900 -0.410079
v -1.167522 0.479128 -0.439088
v -1.160882 0.499643 -0.426854
v -0.609710 0.349125 1.178675
v -0.595790 0.405305 1.146039
v -0.602682 0.377215 1.174289
v -0.597587 0.397779 1.162343
v -0.525928 0.339794 1.188277
v -0.514219 0.396212 1.155090
v -0.519984 0.368003 1.183815
v -0.515698 0.388653 1.171668
v -0.441620 0.331956 1.196648
v -0.432032 0.388566 1.162987
v -0.436720 0.360261 1.192124
v -0.433211 0.380982 1.179803
v -0.356938 0.325576 1.203701
v -0.349387 0.382336 1.169642
v -0.353046 0.353956 1.199125
v -0.350282 0.374732 1.186658
v -0.272032 0.320615 1.209342
v -0.266447 0.377489 1.174970
v -0.269116 0.349052 1.204727
v -0.267072 0.369869 1.192146
v -0.187054 0.317038 1.213483
v -0.183372 0.373991 1.178883
v -0.185085 0.345514 1.208840
v -0.183737 0.366360 1.196176
v -0.102155 0.314810 1.216031
v -0.100321 0.371811 1.181294
v -0.101109 0.343310 1.211373
v -0.100438 0.364174 1.198659
v 0.601233 0.334075 -0.802360
v 0.589125 0.392471 -0.743904
v 0.596756 0.362662 -0.795277
v 0.592325 0.384037 -0.773880
v 0.510495 0.329416 -0.807967
v 0.500836 0.387118 -0.750090
v 0.506765 0.357945 -0.800613
v 0.503230 0.379066 -0.779428
v 0.420229 0.325114 -0.812548
v 0.412261 0.382450 -0.754758
v 0.417037 0.353614 -0.805023
v 0.414121 0.374600 -0.783871
v 0.330190 0.321291 -0.816062
v 0.323735 0.378438 -0.758194
v 0.327529 0.349781 -0.808423
v 0.325167 0.370698 -0.787242
v 0.240376 0.318098 -0.818319
v 0.235455 0.375152 -0.760376
v 0.238299 0.346590 -0.810610
v 0.236498 0.367473 -0.789401
v 0.150833 0.315693 -0.819079
v 0.147540 0.372713 -0.761114
v 0.149420 0.344192 -0.811333
v 0.148215 0.365063 -0.790116
v 0.061641 0.314237 -0.818080
v 0.060091 0.371256 -0.760174
v 0.060977 0.342745 -0.810327
v 0.060409 0.363615 -0.789132
v -1.252299 0.469249 -0.327145
v -1.200935 0.517343 -0.346830
v -1.235701 0.495451 -0.329833
v -1.216900 0.513055 -0.337038
v -1.276024 0.474994 -0.261804
v -1.220967 0.522233 -0.277251
v -1.258932 0.501083 -0.263924
v -1.238780 0.518373 -0.269578
v -1.292800 0.479111 -0.193156
v -1.235453 0.525821 -0.205282
v -1.275404 0.505129 -0.194830
v -1.254413 0.522226 -0.199268
v -1.299839 0.484094 -0.122686
v -1.245057 0.528263 -0.131820
v -1.286212 0.507846 -0.123686
v -1.264714 0.524827 -0.127144
v -1.302185 0.487257 -0.051961
v -1.250609 0.529749 -0.057864
v -1.292478 0.509496 -0.051639
v -1.270678 0.526408 -0.054290
v -1.301706 0.488880 0.018077
v -1.253100 0.530513 0.015488
v -1.291408 0.509044 0.018782
v -1.273384 0.527219 0.018160
v -1.302303 0.489246 0.087261
v -1.253564 0.530794 0.087114
v -1.290993 0.508777 0.088155
v -1.273916 0.526574 0.088826
v 1.298248 0.475668 0.560075
v 1.264281 0.521040 0.561077
v 1.294130 0.494657 0.560435
v 1.284863 0.512542 0.560798
v 1.298560 0.475634 0.505720
v 1.264606 0.521022 0.507455
v 1.293223 0.494335 0.506274
v 1.283652 0.511728 0.507022
v 1.298063 0.475784 0.450505
v 1.264746 0.521041 0.453375
v 1.293500 0.494701 0.451533
v 1.285705 0.513697 0.453054
v 1.298220 0.475964 0.394280
v 1.264658 0.521040 0.398241
v 1.294283 0.494844 0.395844
v 1.284793 0.512910 0.397691
v 1.298689 0.476132 0.336553
v 1.264415 0.521041 0.341459
v 1.294447 0.495072 0.338546
v 1.283793 0.512568 0.340662
v 1.299665 0.476463 0.277085
v 1.264059 0.521040 0.282432
v 1.294325 0.495662 0.279220
v 1.283626 0.513798 0.281885
v 1.299575 0.476896 0.215087
v 1.263634 0.521040 0.220567
v 1.294663 0.496387 0.217633
v 1.284396 0.515568 0.220981
v -0.115137 0.314774 -0.809836
v -0.113041 0.371783 -0.752399
v -0.114150 0.343277 -0.802145
v -0.113383 0.364144 -0.781122
v -0.202422 0.316766 -0.802593
v -0.198688 0.373767 -0.745580
v -0.200679 0.345256 -0.794972
v -0.199313 0.366120 -0.774103
v -0.288982 0.319709 -0.793597
v -0.283800 0.376734 -0.737110
v -0.286575 0.348186 -0.786076
v -0.284679 0.369059 -0.765400
v -0.374900 0.323439 -0.783107
v -0.368441 0.380547 -0.727239
v -0.371922 0.351909 -0.775724
v -0.369557 0.372812 -0.755275
v -0.460295 0.327798 -0.771360
v -0.452665 0.385085 -0.716192
v -0.456818 0.356274 -0.764170
v -0.454025 0.377242 -0.743977
v -0.545325 0.332632 -0.758542
v -0.536478 0.390279 -0.704092
v -0.541377 0.361135 -0.751627
v -0.538138 0.382236 -0.731697
v -0.630369 0.337819 -0.744672
v -0.619805 0.396157 -0.690891
v -0.625811 0.366379 -0.738201
v -0.621944 0.387732 -0.718516
v -1.178264 0.451610 1.034324
v -1.161423 0.507928 1.013000
v -1.166763 0.479022 1.031604
v -1.160599 0.499636 1.023798
v -1.126934 0.440075 1.063079
v -1.106920 0.495659 1.038835
v -1.115217 0.467434 1.059954
v -1.107892 0.487780 1.051079
v -1.067749 0.427246 1.087789
v -1.046265 0.482467 1.061381
v -1.056123 0.454619 1.084350
v -1.048260 0.474831 1.074684
v -1.001825 0.413590 1.108947
v -0.980040 0.468695 1.080877
v -0.990528 0.441023 1.105257
v -0.982554 0.461193 1.094983
v -0.930272 0.399570 1.127044
v -0.909008 0.454727 1.097652
v -0.919497 0.427098 1.123149
v -0.911714 0.447287 1.112391
v -0.854184 0.385651 1.142576
v -0.834102 0.440981 1.112123
v -0.844113 0.413301 1.138514
v -0.836763 0.433553 1.127367
v -0.774647 0.372298 1.156037
v -0.756301 0.427889 1.124733
v -0.765461 0.400092 1.151844
v -0.758746 0.420439 1.140386
v 0.066887 0.314271 1.216013
v 0.065084 0.371283 1.181294
v 0.066114 0.342777 1.211364
v 0.065454 0.363645 1.198656
v 0.150930 0.315963 1.213448
v 0.147254 0.372938 1.178883
v 0.149220 0.344450 1.208823
v 0.147874 0.365304 1.196171
v 0.234635 0.319004 1.209290
v 0.229031 0.375909 1.174970
v 0.231956 0.347457 1.204701
v 0.229905 0.368285 1.192139
v 0.317975 0.323433 1.203633
v 0.310390 0.380232 1.169642
v 0.314299 0.351833 1.199091
v 0.311523 0.372623 1.186650
v 0.400920 0.329286 1.196570
v 0.391308 0.385941 1.162987
v 0.396220 0.357613 1.192085
v 0.392702 0.378350 1.179792
v 0.483444 0.336597 1.188195
v 0.471762 0.393066 1.155090
v 0.477693 0.364832 1.183775
v 0.473417 0.385501 1.171657
v 0.565520 0.345404 1.178602
v 0.551728 0.401643 1.146039
v 0.558692 0.373524 1.174252
v 0.553644 0.394108 1.162333
v 1.170312 0.443282 -0.459073
v 1.165463 0.498760 -0.424252
v 1.165642 0.470250 -0.454485
v 1.163470 0.490578 -0.441740
v 1.107408 0.432726 -0.515036
v 1.098534 0.487452 -0.475987
v 1.098755 0.459805 -0.509933
v 1.095123 0.479858 -0.495640
v 1.045523 0.420142 -0.567484
v 1.022470 0.475133 -0.524889
v 1.033148 0.447386 -0.561976
v 1.024524 0.467524 -0.546385
v 0.984369 0.405860 -0.616972
v 0.959335 0.460781 -0.571249
v 0.971939 0.433120 -0.611141
v 0.962776 0.453223 -0.594406
v 0.918509 0.390474 -0.664030
v 0.892708 0.445574 -0.615403
v 0.906213 0.417807 -0.657951
v 0.896769 0.437974 -0.640152
v 0.848816 0.374209 -0.709139
v 0.822919 0.429851 -0.657592
v 0.836922 0.401695 -0.702889
v 0.827443 0.422061 -0.684022
v 0.775577 0.357214 -0.752642
v 0.750702 0.414033 -0.697777
v 0.764719 0.385011 -0.746333
v 0.755614 0.405808 -0.726251
v -1.300066 0.490185 0.218204
v -1.252381 0.530834 0.220985
v -1.290099 0.509616 0.220320
v -1.272770 0.527560 0.221908
v -1.300446 0.490368 0.280214
v -1.251803 0.530834 0.282696
v -1.291211 0.509905 0.282461
v -1.272197 0.527561 0.283272
v -1.300804 0.490193 0.339552
v -1.251337 0.530834 0.341611
v -1.290547 0.509805 0.341127
v -1.271737 0.527561 0.341922
v -1.300165 0.490006 0.396510
v -1.251020 0.530834 0.398319
v -1.291074 0.509922 0.397951
v -1.271428 0.527560 0.398422
v -1.298076 0.489973 0.451792
v -1.250888 0.530834 0.453408
v -1.288507 0.509335 0.452639
v -1.271307 0.527560 0.453337
v -1.297973 0.489825 0.506356
v -1.250976 0.530834 0.507465
v -1.288389 0.509274 0.506801
v -1.271412 0.527558 0.507232
v -1.297456 0.489781 0.560210
v -1.251321 0.530834 0.561078
v -1.288718 0.509335 0.560420
v -1.271780 0.527557 0.560673
v 1.236612 0.459766 0.963545
v 1.194493 0.507944 0.974166
v 1.227545 0.485819 0.964854
v 1.211063 0.503512 0.968742
v 1.263911 0.465309 0.921010
v 1.217534 0.512692 0.928753
v 1.253785 0.491289 0.921933
v 1.236026 0.508675 0.924767
v 1.289171 0.468987 0.874816
v 1.234909 0.516176 0.880480
v 1.275626 0.495079 0.875461
v 1.254614 0.512415 0.877534
v 1.290908 0.473951 0.824601
v 1.247237 0.518545 0.829798
v 1.284866 0.495672 0.825757
v 1.267698 0.514939 0.827625
v 1.292306 0.475294 0.773079
v 1.255306 0.519988 0.777252
v 1.288176 0.495922 0.774008
v 1.275921 0.515382 0.775604
v 1.293276 0.475827 0.720602
v 1.260069 0.520729 0.723473
v 1.290479 0.495703 0.721221
v 1.280350 0.514654 0.722266
v 1.294696 0.475927 0.667473
v 1.262516 0.521001 0.669115
v 1.290874 0.495461 0.667817
v 1.282999 0.514744 0.668352
v -1.239138 0.397407 0.994156
v -1.227120 0.451436 1.001794
v -1.240196 0.405893 0.997089
v -1.237440 0.424391 1.000419
v 1.202704 0.388454 0.996494
v 1.205645 0.442475 1.002617
v 1.206031 0.396534 0.999351
v 1.208040 0.415524 1.002120
v -1.245534 0.395826 -0.383011
v -1.227060 0.451696 -0.388923
v -1.246016 0.404002 -0.385917
v -1.239254 0.424452 -0.388081
v 1.219872 0.387650 -0.394517
v 1.218755 0.442761 -0.399788
v 1.222239 0.395749 -0.397115
v 1.221680 0.415929 -0.399044
v -0.018280 0.246028 1.182121
v -0.017549 0.303048 1.216895
v -0.018052 0.253667 1.199509
v -0.017784 0.274538 1.212237
v -0.027552 0.246028 -0.757315
v -0.027146 0.303048 -0.815058
v -0.027469 0.253667 -0.786186
v -0.027321 0.274538 -0.807322
v -1.282485 0.417511 0.149966
v -1.305512 0.470530 0.152276
v -1.297973 0.433974 0.150364
v -1.305012 0.451778 0.151100
v 1.300684 0.457934 0.149302
v 1.261523 0.406896 0.147270
v 1.297758 0.439198 0.148902
v 1.288221 0.421833 0.148911
v -0.721877 0.332890 -0.730059
v -0.734194 0.280468 -0.669824
v -0.728502 0.305308 -0.720933
v -0.733011 0.286121 -0.698885
v -0.695880 0.349351 1.167938
v -0.712453 0.293479 1.135975
v -0.704068 0.321407 1.163665
v -0.710134 0.300956 1.151966
v 0.650087 0.345093 1.167878
v 0.665893 0.289144 1.135865
v 0.657985 0.317112 1.163579
v 0.663770 0.296634 1.151862
v 0.654621 0.326146 -0.798743
v 0.735331 0.336849 -0.775973
v 0.705894 0.275991 -0.728452
v 0.681063 0.329469 -0.794544
v 0.672390 0.299890 -0.787137
v 0.693152 0.303001 -0.785303
v 0.736924 0.308784 -0.767733
v 0.710577 0.333382 -0.786223
v 0.713633 0.305719 -0.779158
v 0.690942 0.281704 -0.761758
v 0.726285 0.286823 -0.750570
v 0.707282 0.289642 -0.771280
v -1.302951 0.469860 0.613837
v -1.279159 0.416286 0.615654
v -1.300547 0.451077 0.614143
v -1.293567 0.433066 0.614764
v 1.295217 0.457204 0.613915
v 1.257215 0.406940 0.616102
v 1.289835 0.439304 0.614280
v 1.276716 0.422649 0.615040
v -1.275432 0.416215 0.669866
v -1.302450 0.469163 0.667204
v -1.291473 0.432699 0.668508
v -1.300711 0.450389 0.667608
v -1.273599 0.415570 0.723898
v -1.300486 0.468411 0.720145
v -1.291270 0.431767 0.721840
v -1.300990 0.449381 0.720617
v -1.273677 0.414304 0.777335
v -1.300270 0.467412 0.772450
v -1.290101 0.430339 0.774529
v -1.299089 0.448195 0.772972
v -1.270425 0.412246 0.829756
v -1.299025 0.466662 0.823752
v -1.289400 0.427821 0.826080
v -1.298404 0.446211 0.824253
v -1.264078 0.409326 0.880203
v -1.298406 0.468284 0.874014
v -1.285372 0.424205 0.875690
v -1.298875 0.442824 0.874064
v -1.258118 0.405380 0.927168
v -1.282157 0.464526 0.920281
v -1.275624 0.419421 0.922028
v -1.289742 0.436952 0.921005
v -1.251321 0.400699 0.968058
v -1.258125 0.458752 0.962805
v -1.263070 0.412513 0.963976
v -1.266491 0.431277 0.963748
v 0.749119 0.301291 1.124715
v 0.731156 0.356939 1.156029
v 0.746664 0.308738 1.140369
v 0.740089 0.329106 1.151830
v 0.830175 0.314499 1.112148
v 0.810206 0.369831 1.142637
v 0.827351 0.321890 1.127396
v 0.820042 0.342143 1.138556
v 0.908116 0.328319 1.097718
v 0.886152 0.383300 1.127195
v 0.904819 0.335627 1.112467
v 0.896780 0.355751 1.123256
v 0.982059 0.342317 1.080997
v 0.957949 0.396890 1.109202
v 0.978119 0.349501 1.095119
v 0.969295 0.369476 1.105442
v 1.051141 0.356074 1.061579
v 1.025135 0.410111 1.088161
v 1.046302 0.363076 1.074902
v 1.036602 0.382864 1.084631
v 1.117474 0.369050 1.039154
v 1.096284 0.421970 1.063575
v 1.111907 0.375739 1.051414
v 1.104035 0.395114 1.060353
v 1.177508 0.381064 1.013503
v 1.157005 0.432754 1.034946
v 1.170664 0.387281 1.024301
v 1.162750 0.406224 1.032150
v 1.260241 0.406647 0.077875
v 1.300823 0.458020 0.082659
v 1.287083 0.421595 0.080877
v 1.298468 0.438930 0.082086
v 1.259475 0.406017 0.006124
v 1.300672 0.457857 0.014121
v 1.282893 0.421374 0.009953
v 1.296126 0.438824 0.012567
v 1.258801 0.404598 -0.067204
v 1.299651 0.457271 -0.055780
v 1.285868 0.419397 -0.060510
v 1.296466 0.437885 -0.057428
v 1.256574 0.402688 -0.141375
v 1.300400 0.456858 -0.125649
v 1.280339 0.417723 -0.133308
v 1.296972 0.436479 -0.127779
v 1.250119 0.399860 -0.215745
v 1.293546 0.456541 -0.196232
v 1.274727 0.413667 -0.205133
v 1.286110 0.433735 -0.199254
v 1.243563 0.396038 -0.287452
v 1.272166 0.455391 -0.266479
v 1.265177 0.406920 -0.275249
v 1.272653 0.427858 -0.268782
v 1.227927 0.392616 -0.351921
v 1.248125 0.449847 -0.334525
v 1.241618 0.404195 -0.340927
v 1.248320 0.422984 -0.337022
v -0.824207 0.298311 -0.639664
v -0.804906 0.351706 -0.694608
v -0.822553 0.304906 -0.666173
v -0.815488 0.324451 -0.686284
v -0.902137 0.315546 -0.608411
v -0.879666 0.369261 -0.659500
v -0.899734 0.322454 -0.633408
v -0.891509 0.342115 -0.652108
v -0.975087 0.332240 -0.574462
v -0.950600 0.386024 -0.622334
v -0.972048 0.339258 -0.598067
v -0.963085 0.358945 -0.615590
v -1.043762 0.348205 -0.537917
v -1.017521 0.401873 -0.582752
v -1.040054 0.355210 -0.560129
v -1.030450 0.374854 -0.576540
v -1.107737 0.363204 -0.498509
v -1.079538 0.416581 -0.540180
v -1.103176 0.370092 -0.519215
v -1.092855 0.389629 -0.534467
v -1.166494 0.377064 -0.455887
v -1.135628 0.429904 -0.493979
v -1.160687 0.383704 -0.474847
v -1.149389 0.403045 -0.488790
v -1.219461 0.389622 -0.409725
v -1.184673 0.441580 -0.443474
v -1.211753 0.395834 -0.426538
v -1.199019 0.414852 -0.438891
v -0.626826 0.282275 1.146122
v -0.612394 0.338438 1.178683
v -0.624773 0.289793 1.162416
v -0.619490 0.310351 1.174334
v -0.540519 0.272655 1.155182
v -0.528202 0.329061 1.188285
v -0.538736 0.280208 1.171749
v -0.534228 0.300854 1.183865
v -0.453761 0.264585 1.163075
v -0.443499 0.321187 1.196656
v -0.452245 0.272166 1.179880
v -0.448489 0.292883 1.192172
v -0.366699 0.258023 1.169719
v -0.358434 0.314778 1.203707
v -0.365447 0.265625 1.186726
v -0.362422 0.286398 1.199166
v -0.279476 0.252925 1.175031
v -0.273158 0.309796 1.209347
v -0.278485 0.260543 1.192199
v -0.276173 0.281359 1.204760
v -0.192238 0.249253 1.178925
v -0.187820 0.306204 1.213486
v -0.191505 0.256882 1.196213
v -0.189887 0.277728 1.208863
v -0.105131 0.246966 1.181317
v -0.102571 0.303967 1.216033
v -0.104651 0.254603 1.198679
v -0.103714 0.275466 1.211386
v 0.607581 0.268314 -0.739647
v 0.602716 0.323283 -0.801971
v 0.608003 0.275034 -0.770061
v 0.606222 0.295155 -0.792873
v 0.516243 0.262708 -0.747741
v 0.511762 0.318606 -0.807760
v 0.516438 0.269858 -0.777351
v 0.514798 0.290318 -0.799319
v 0.425470 0.257903 -0.753464
v 0.421333 0.314294 -0.812435
v 0.425526 0.265280 -0.782731
v 0.424011 0.285921 -0.804316
v 0.334778 0.253785 -0.757516
v 0.331123 0.310463 -0.816003
v 0.334746 0.261290 -0.786646
v 0.333409 0.282036 -0.808054
v 0.244105 0.250407 -0.760060
v 0.241113 0.307263 -0.818292
v 0.244026 0.257987 -0.789123
v 0.242931 0.278798 -0.810437
v 0.153433 0.247891 -0.760997
v 0.151339 0.304852 -0.819069
v 0.153358 0.255511 -0.790013
v 0.152591 0.276360 -0.811269
v 0.062829 0.246381 -0.760145
v 0.061878 0.303392 -0.818078
v 0.062810 0.254018 -0.789107
v 0.062462 0.274885 -0.810312
v -1.259001 0.399089 -0.346511
v -1.257349 0.458980 -0.327119
v -1.267892 0.409275 -0.336764
v -1.267288 0.431197 -0.329667
v -1.267111 0.404990 -0.279783
v -1.281073 0.464725 -0.261778
v -1.283745 0.417318 -0.269608
v -1.290510 0.436825 -0.263759
v -1.273502 0.409092 -0.209127
v -1.297848 0.468841 -0.193130
v -1.291805 0.423466 -0.200404
v -1.300138 0.442933 -0.195264
v -1.278557 0.412347 -0.136184
v -1.302940 0.467474 -0.123418
v -1.295862 0.427886 -0.129544
v -1.304702 0.447294 -0.125260
v -1.279117 0.414559 -0.063176
v -1.305790 0.469095 -0.053105
v -1.299269 0.430283 -0.057800
v -1.303910 0.449244 -0.055272
v -1.281978 0.415838 0.009984
v -1.305286 0.469560 0.016504
v -1.301678 0.431759 0.013682
v -1.304596 0.450358 0.014825
v -1.282013 0.416943 0.081103
v -1.305755 0.470029 0.085371
v -1.297342 0.433411 0.082427
v -1.303830 0.451326 0.083596
v 1.262371 0.406567 0.561662
v 1.297868 0.456989 0.559938
v 1.281605 0.422252 0.560800
v 1.293824 0.438959 0.560191
v 1.261714 0.406313 0.507030
v 1.299700 0.456842 0.505481
v 1.282182 0.422147 0.506136
v 1.294989 0.438903 0.505616
v 1.260888 0.406457 0.451662
v 1.297963 0.457209 0.449965
v 1.284231 0.421942 0.450850
v 1.293861 0.439164 0.450129
v 1.261132 0.406448 0.395237
v 1.298249 0.457298 0.393525
v 1.283770 0.422013 0.394394
v 1.294685 0.439089 0.393739
v 1.261663 0.406486 0.337109
v 1.298374 0.457489 0.335446
v 1.284330 0.422060 0.336303
v 1.294774 0.439246 0.335558
v 1.261753 0.406715 0.276648
v 1.300363 0.457496 0.275872
v 1.288379 0.421670 0.276770
v 1.297236 0.439075 0.275897
v 1.263115 0.406815 0.213758
v 1.300139 0.457792 0.213636
v 1.288175 0.421842 0.214114
v 1.296961 0.439271 0.213445
v -0.117341 0.246929 -0.752374
v -0.115504 0.303930 -0.809834
v -0.117128 0.254564 -0.781099
v -0.116456 0.275428 -0.802131
v -0.206253 0.248988 -0.745475
v -0.203067 0.305928 -0.802584
v -0.205902 0.256605 -0.774012
v -0.204736 0.277447 -0.794915
v -0.294259 0.252055 -0.736826
v -0.289871 0.308879 -0.793572
v -0.293778 0.259630 -0.765152
v -0.292171 0.280429 -0.785923
v -0.381422 0.255983 -0.726621
v -0.375999 0.312618 -0.783053
v -0.380824 0.263481 -0.754735
v -0.378839 0.284211 -0.775391
v -0.467894 0.260648 -0.714983
v -0.461571 0.316987 -0.771256
v -0.467188 0.268016 -0.742918
v -0.464874 0.288638 -0.763516
v -0.553903 0.265996 -0.701840
v -0.546762 0.321832 -0.758345
v -0.553096 0.273134 -0.729713
v -0.550482 0.293572 -0.750395
v -0.640150 0.272141 -0.686682
v -0.632002 0.327037 -0.744290
v -0.639219 0.278845 -0.714752
v -0.636237 0.298938 -0.735838
v -1.216775 0.389117 1.012152
v -1.183069 0.441285 1.034253
v -1.209265 0.395325 1.023086
v -1.196856 0.414426 1.031160
v -1.161253 0.376561 1.038103
v -1.131630 0.429725 1.063015
v -1.155477 0.383230 1.050437
v -1.144634 0.402689 1.059556
v -1.098866 0.362996 1.060783
v -1.072295 0.416865 1.087737
v -1.094327 0.369956 1.074161
v -1.084602 0.389673 1.084027
v -1.030417 0.348767 1.080447
v -1.006179 0.403170 1.108910
v -1.026677 0.355918 1.094608
v -1.017805 0.375831 1.105026
v -0.956651 0.334264 1.097393
v -0.934391 0.389104 1.127022
v -0.953447 0.341546 1.112165
v -0.945299 0.361619 1.123010
v -0.878453 0.319919 1.112012
v -0.858020 0.375134 1.142566
v -0.875617 0.327289 1.127271
v -0.868137 0.347499 1.138454
v -0.796730 0.306171 1.124727
v -0.778144 0.361724 1.156037
v -0.794164 0.313601 1.140381
v -0.787362 0.333935 1.151841
v 0.068274 0.246414 1.181278
v 0.067162 0.303426 1.216012
v 0.068249 0.254052 1.198643
v 0.067842 0.274920 1.211356
v 0.154575 0.248151 1.178848
v 0.151563 0.305124 1.213444
v 0.154288 0.255784 1.196140
v 0.153185 0.276637 1.208804
v 0.240616 0.251277 1.174916
v 0.235637 0.308180 1.209285
v 0.240054 0.258900 1.192092
v 0.238232 0.279728 1.204672
v 0.326371 0.255834 1.169572
v 0.319357 0.312629 1.203627
v 0.325524 0.263441 1.186588
v 0.322956 0.284230 1.199053
v 0.411812 0.261860 1.162904
v 0.402694 0.318508 1.196563
v 0.410666 0.269447 1.179720
v 0.407328 0.290181 1.192040
v 0.496911 0.269395 1.155003
v 0.485620 0.325855 1.188188
v 0.495452 0.276956 1.171581
v 0.491319 0.297621 1.183727
v 0.581641 0.278480 1.145960
v 0.568108 0.334706 1.178594
v 0.579854 0.286008 1.162264
v 0.574901 0.306588 1.174209
v 1.193501 0.381627 -0.423833
v 1.172215 0.433140 -0.459033
v 1.186408 0.387874 -0.441355
v 1.178364 0.406743 -0.454239
v 1.137254 0.369583 -0.475267
v 1.111055 0.422477 -0.514969
v 1.131412 0.376294 -0.494989
v 1.121666 0.395663 -0.509522
v 1.076929 0.356205 -0.523768
v 1.050314 0.409815 -0.567381
v 1.072840 0.363137 -0.545376
v 1.063099 0.382760 -0.561339
v 1.013349 0.341623 -0.569576
v 0.989085 0.395516 -0.616818
v 1.010293 0.348667 -0.592902
v 1.001411 0.368393 -0.610194
v 0.945181 0.326100 -0.612939
v 0.923104 0.380105 -0.663803
v 0.942982 0.333152 -0.637935
v 0.934902 0.352919 -0.656552
v 0.872745 0.309869 -0.653941
v 0.853194 0.363799 -0.708798
v 0.871394 0.316803 -0.680713
v 0.864237 0.336543 -0.700792
v 0.795222 0.293130 -0.692226
v 0.779488 0.346724 -0.752100
v 0.794880 0.299742 -0.721122
v 0.789121 0.319359 -0.743037
v -1.284050 0.417551 0.216086
v -1.303428 0.470931 0.216140
v -1.298482 0.434081 0.215688
v -1.303141 0.452161 0.215323
v -1.283869 0.416999 0.278857
v -1.303056 0.471027 0.278122
v -1.299946 0.433567 0.278475
v -1.302719 0.452136 0.277470
v -1.280974 0.417174 0.338394
v -1.302966 0.470914 0.337746
v -1.298009 0.433669 0.337905
v -1.301892 0.452101 0.337129
v -1.280990 0.417131 0.396194
v -1.303099 0.470719 0.395362
v -1.296171 0.433837 0.395400
v -1.301663 0.451994 0.394905
v -1.281303 0.416976 0.452290
v -1.302939 0.470588 0.451304
v -1.299283 0.433285 0.451885
v -1.302999 0.451681 0.451270
v -1.278388 0.416936 0.507137
v -1.302869 0.470503 0.506109
v -1.297325 0.433299 0.506636
v -1.302369 0.451592 0.506170
v -1.278730 0.416688 0.561499
v -1.303075 0.470321 0.560190
v -1.294656 0.433364 0.560818
v -1.302622 0.451289 0.560376
v 1.214869 0.392013 0.970880
v 1.238158 0.449594 0.963604
v 1.230866 0.402550 0.967306
v 1.238479 0.422096 0.965215
v 1.231161 0.396431 0.929566
v 1.266846 0.455057 0.921069
v 1.255059 0.408105 0.924873
v 1.268341 0.427345 0.922298
v 1.241367 0.400454 0.881742
v 1.291464 0.458766 0.874876
v 1.263134 0.414857 0.877243
v 1.280883 0.433358 0.875085
v 1.248622 0.403322 0.830879
v 1.292840 0.455584 0.824530
v 1.267414 0.418572 0.827178
v 1.282997 0.436014 0.825150
v 1.252634 0.405106 0.778297
v 1.291708 0.456097 0.772988
v 1.271569 0.420528 0.775424
v 1.285492 0.437422 0.773713
v 1.256280 0.406122 0.724628
v 1.293022 0.456620 0.720583
v 1.273597 0.421770 0.722554
v 1.286703 0.438504 0.721204
v 1.254535 0.406855 0.670506
v 1.293948 0.457026 0.667498
v 1.276712 0.422268 0.668986
v 1.288884 0.438984 0.667989
vn 0.0032 0.3042 0.9526
vn 0.1420 0.3026 0.9425
vn -0.1325 0.3044 0.9433
vn 0.1415 0.3020 0.9428
vn -0.1331 0.3007 0.9444
vn 0.0031 0.3042 0.9526
vn 0.1614 0.3019 0.9396
vn 0.1789 0.3011 0.9367
vn 0.1939 0.3004 0.9339
vn 0.2064 0.2997 0.9315
vn 0.2161 0.2991 0.9294
vn 0.2232 0.2987 0.9279
vn 0.2274 0.2984 0.9269
vn -0.1139 0.3046 0.9456
vn -0.0957 0.3046 0.9477
vn -0.0779 0.3045 0.9493
vn -0.0607 0.3044 0.9506
vn -0.0440 0.3043 0.9516
vn -0.0278 0.3042 0.9522
vn -0.0122 0.3042 0.9525
vn 0.0184 0.3042 0.9524
vn 0.0341 0.3042 0.9520
vn 0.0502 0.3042 0.9513
vn 0.0670 0.3041 0.9503
vn 0.0844 0.3040 0.9489
vn 0.1027 0.3037 0.9472
vn 0.1219 0.3032 0.9451
vn 0.1417 0.3021 0.9427
vn 0.1418 0.3022 0.9427
vn 0.1419 0.3023 0.9426
vn 0.1420 0.3024 0.9425
vn 0.1420 0.3025 0.9425
vn 0.1419 0.3034 0.9422
vn 0.1417 0.3054 0.9416
vn 0.1413 0.3084 0.9407
vn 0.1405 0.3126 0.9395
vn 0.1391 0.3185 0.9377
vn 0.1372 0.3271 0.9350
vn 0.1350 0.3443 0.9291
vn -0.2084 0.2970 0.9318
vn -0.1834 0.2997 0.9362
vn -0.1560 0.3020 0.9404
vn -0.1687 0.3022 0.9382
vn -0.1791 0.3024 0.9362
vn -0.1659 0.3033 0.9383
vn -0.1502 0.3040 0.9408
vn -0.1330 0.3007 0.9444
vn -0.1329 0.3009 0.9443
vn -0.1328 0.3013 0.9442
vn -0.1328 0.3018 0.9441
vn -0.1327 0.3024 0.9439
vn -0.1327 0.3030 0.9437
vn -0.1326 0.3037 0.9435
vn -0.1324 0.3058 0.9429
vn -0.1320 0.3082 0.9421
vn -0.1314 0.3114 0.9411
vn -0.1305 0.3157 0.9398
vn -0.1290 0.3216 0.9380
vn -0.1269 0.3299 0.9354
vn -0.1250 0.3458 0.9300
vn 0.1396 0.3017 0.9431
vn 0.1399 0.3016 0.9431
vn 0.1403 0.3017 0.9430
vn 0.1406 0.3017 0.9430
vn 0.1409 0.3017 0.9429
vn 0.1411 0.3018 0.9429
vn 0.1413 0.3019 0.9428
vn -0.1348 0.3010 0.9441
vn -0.1346 0.3010 0.9441
vn -0.1343 0.3010 0.9441
vn -0.1340 0.3010 0.9442
vn -0.1337 0.3009 0.9442
vn -0.1335 0.3009 0.9443
vn -0.1333 0.3008 0.9443
vn -0.1148 0.3014 0.9466
vn -0.0966 0.3020 0.9484
vn -0.0788 0.3026 0.9499
vn -0.0614 0.3031 0.9510
vn -0.0446 0.3035 0.9518
vn -0.0282 0.3038 0.9523
vn -0.0123 0.3041 0.9526
vn 0.1608 0.3009 0.9400
vn 0.1781 0.2997 0.9373
vn 0.1929 0.2984 0.9347
vn 0.2052 0.2972 0.9325
vn 0.2148 0.2959 0.9308
vn 0.2217 0.2947 0.9295
vn 0.2259 0.2936 0.9289
vn -0.2065 0.3001 0.9313
vn -0.1818 0.3007 0.9362
vn -0.1551 0.3012 0.9409
vn -0.1680 0.3003 0.9389
vn -0.1786 0.2993 0.9373
vn -0.1657 0.2996 0.9395
vn -0.1505 0.3001 0.9420
vn 0.0185 0.3043 0.9524
vn 0.0342 0.3043 0.9519
vn 0.0503 0.3043 0.9513
vn 0.0844 0.3038 0.9490
vn 0.1026 0.3034 0.9473
vn 0.1217 0.3028 0.9453
vn -0.1503 0.3054 0.9403
vn -0.1662 0.3046 0.9379
vn -0.1797 0.3035 0.9357
vn -0.1692 0.3031 0.9378
vn -0.1566 0.3028 0.9401
vn -0.1845 0.3002 0.9359
vn -0.2097 0.2973 0.9315
vn -0.1505 0.3077 0.9395
vn -0.1668 0.3066 0.9371
vn -0.1806 0.3051 0.9350
vn -0.1699 0.3044 0.9373
vn -0.1573 0.3039 0.9396
vn -0.1857 0.3010 0.9354
vn -0.2112 0.2978 0.9310
vn -0.1509 0.3109 0.9384
vn -0.1679 0.3094 0.9360
vn -0.1822 0.3072 0.9340
vn -0.1759 0.2997 0.9377
vn -0.1624 0.2870 0.9441
vn -0.1848 0.2891 0.9393
vn -0.2129 0.2983 0.9304
vn -0.1516 0.3150 0.9369
vn -0.1699 0.3128 0.9345
vn -0.1847 0.3097 0.9327
vn -0.1911 0.3068 0.9324
vn -0.1764 0.2961 0.9387
vn -0.1709 0.2869 0.9426
vn -0.1994 0.2928 0.9352
vn -0.1531 0.3201 0.9349
vn -0.1732 0.3164 0.9327
vn -0.1886 0.3121 0.9311
vn -0.1923 0.3104 0.9309
vn -0.1769 0.3118 0.9335
vn -0.1659 0.3113 0.9357
vn -0.1927 0.3036 0.9331
vn -0.1573 0.3265 0.9320
vn -0.1797 0.3202 0.9301
vn -0.1947 0.3141 0.9292
vn -0.1937 0.3092 0.9311
vn -0.1715 0.3127 0.9342
vn -0.1673 0.3165 0.9337
vn -0.1955 0.3062 0.9317
vn -0.1670 0.3345 0.9275
vn -0.1909 0.3244 0.9264
vn -0.2031 0.3160 0.9268
vn -0.2062 0.3068 0.9292
vn -0.1783 0.2968 0.9381
vn -0.1716 0.2967 0.9394
vn -0.2002 0.3069 0.9305
vn 0.1218 0.3040 0.9449
vn 0.1026 0.3043 0.9470
vn 0.0843 0.3044 0.9488
vn 0.0668 0.3044 0.9502
vn 0.0501 0.3043 0.9513
vn 0.0340 0.3043 0.9520
vn 0.1214 0.3058 0.9443
vn 0.1020 0.3057 0.9467
vn 0.0837 0.3053 0.9486
vn 0.0663 0.3049 0.9501
vn 0.0498 0.3045 0.9512
vn 0.0338 0.3043 0.9520
vn 0.0183 0.3042 0.9524
vn 0.1202 0.3085 0.9436
vn 0.1005 0.3078 0.9461
vn 0.0822 0.3067 0.9482
vn 0.0652 0.3056 0.9499
vn 0.0491 0.3049 0.9511
vn 0.0334 0.3045 0.9519
vn 0.0181 0.3043 0.9524
vn 0.1181 0.3123 0.9426
vn 0.0977 0.3106 0.9455
vn 0.0795 0.3085 0.9479
vn 0.0632 0.3066 0.9497
vn 0.0478 0.3053 0.9511
vn 0.0328 0.3046 0.9519
vn 0.0179 0.3043 0.9524
vn 0.1141 0.3175 0.9414
vn 0.0929 0.3141 0.9448
vn 0.0752 0.3104 0.9476
vn 0.0600 0.3075 0.9496
vn 0.0460 0.3057 0.9510
vn 0.0319 0.3047 0.9519
vn 0.0176 0.3043 0.9524
vn 0.1063 0.3246 0.9399
vn 0.0845 0.3178 0.9444
vn 0.0690 0.3120 0.9476
vn 0.0560 0.3082 0.9497
vn 0.0437 0.3059 0.9510
vn 0.0308 0.3048 0.9519
vn 0.0172 0.3043 0.9524
vn 0.0891 0.3341 0.9383
vn 0.0717 0.3200 0.9447
vn 0.0610 0.3125 0.9480
vn 0.0514 0.3083 0.9499
vn 0.0411 0.3060 0.9512
vn 0.0296 0.3048 0.9520
vn 0.0168 0.3043 0.9524
vn 0.1218 0.3029 0.9452
vn 0.1027 0.3034 0.9473
vn 0.0844 0.3039 0.9490
vn 0.0671 0.3041 0.9503
vn 0.1027 0.3035 0.9473
vn 0.0845 0.3039 0.9490
vn 0.0342 0.3043 0.9520
vn 0.1219 0.3030 0.9452
vn 0.1220 0.3031 0.9451
vn 0.1028 0.3035 0.9473
vn 0.1027 0.3036 0.9473
vn 0.0503 0.3042 0.9513
vn 0.0341 0.3043 0.9520
vn 0.0185 0.3042 0.9524
vn -0.1503 0.3001 0.9420
vn -0.1655 0.2995 0.9396
vn -0.1783 0.2991 0.9374
vn -0.1678 0.3000 0.9391
vn -0.1548 0.3009 0.9410
vn -0.1814 0.3001 0.9365
vn -0.2061 0.2992 0.9317
vn -0.1502 0.3002 0.9420
vn -0.1653 0.2996 0.9396
vn -0.1781 0.2991 0.9375
vn -0.1676 0.2998 0.9391
vn -0.1546 0.3006 0.9411
vn -0.1812 0.2996 0.9367
vn -0.2057 0.2984 0.9320
vn -0.1501 0.3006 0.9419
vn -0.1652 0.2999 0.9396
vn -0.1780 0.2993 0.9374
vn -0.1676 0.2999 0.9391
vn -0.1546 0.3005 0.9412
vn -0.1811 0.2992 0.9369
vn -0.2057 0.2977 0.9322
vn -0.1501 0.3011 0.9417
vn -0.1652 0.3004 0.9394
vn -0.1780 0.2996 0.9373
vn -0.1676 0.3001 0.9391
vn -0.1811 0.2990 0.9369
vn -0.2058 0.2972 0.9324
vn -0.1501 0.3017 0.9415
vn -0.1653 0.3010 0.9392
vn -0.1781 0.3002 0.9371
vn -0.1677 0.3005 0.9389
vn -0.1548 0.3008 0.9410
vn -0.1814 0.2990 0.9369
vn -0.2061 0.2969 0.9324
vn -0.1501 0.3024 0.9413
vn -0.1654 0.3017 0.9389
vn -0.1784 0.3009 0.9368
vn -0.1679 0.3010 0.9387
vn -0.1819 0.2991 0.9367
vn -0.2066 0.2968 0.9323
vn -0.1502 0.3032 0.9410
vn -0.1656 0.3025 0.9387
vn -0.1787 0.3016 0.9365
vn -0.1683 0.3016 0.9385
vn -0.1555 0.3016 0.9407
vn -0.1825 0.2993 0.9365
vn -0.2074 0.2969 0.9321
vn 0.2264 0.2946 0.9284
vn 0.2222 0.2955 0.9291
vn 0.2153 0.2966 0.9304
vn 0.2056 0.2977 0.9323
vn 0.1932 0.2988 0.9345
vn 0.1784 0.3000 0.9371
vn 0.1610 0.3011 0.9399
vn 0.2268 0.2956 0.9280
vn 0.2226 0.2963 0.9288
vn 0.2156 0.2972 0.9302
vn 0.2059 0.2982 0.9320
vn 0.1935 0.2992 0.9344
vn 0.1786 0.3002 0.9370
vn 0.1612 0.3013 0.9398
vn 0.2271 0.2965 0.9276
vn 0.2228 0.2971 0.9285
vn 0.2158 0.2978 0.9299
vn 0.2061 0.2986 0.9319
vn 0.1937 0.2995 0.9342
vn 0.1787 0.3005 0.9369
vn 0.1613 0.3014 0.9398
vn 0.2273 0.2972 0.9274
vn 0.2230 0.2976 0.9283
vn 0.2160 0.2982 0.9297
vn 0.2062 0.2990 0.9317
vn 0.1938 0.2998 0.9341
vn 0.1788 0.3007 0.9368
vn 0.1614 0.3015 0.9397
vn 0.2273 0.2978 0.9272
vn 0.2231 0.2981 0.9281
vn 0.2161 0.2987 0.9296
vn 0.2063 0.2993 0.9316
vn 0.1939 0.3000 0.9340
vn 0.1789 0.3008 0.9368
vn 0.1614 0.3016 0.9397
vn 0.2274 0.2981 0.9270
vn 0.2232 0.2984 0.9280
vn 0.2161 0.2989 0.9295
vn 0.2064 0.2995 0.9315
vn 0.1939 0.3002 0.9340
vn 0.1789 0.3009 0.9367
vn 0.1614 0.3017 0.9396
vn 0.2274 0.2983 0.9270
vn 0.2232 0.2986 0.9279
vn 0.2161 0.2990 0.9294
vn 0.2064 0.2996 0.9315
vn 0.1939 0.3003 0.9339
vn 0.1789 0.3010 0.9367
vn 0.1614 0.3018 0.9396
vn 0.2162 0.2992 0.9294
vn 0.2064 0.2999 0.9314
vn 0.1940 0.3008 0.9338
vn 0.1789 0.3017 0.9365
vn 0.1614 0.3026 0.9393
vn 0.2274 0.2985 0.9269
vn 0.2233 0.2989 0.9278
vn 0.2163 0.2996 0.9292
vn 0.2067 0.3006 0.9311
vn 0.1943 0.3018 0.9333
vn 0.1792 0.3032 0.9359
vn 0.1615 0.3045 0.9387
vn 0.2275 0.2986 0.9269
vn 0.2234 0.2991 0.9277
vn 0.2167 0.3001 0.9290
vn 0.2074 0.3016 0.9306
vn 0.1952 0.3035 0.9326
vn 0.1800 0.3056 0.9350
vn 0.1618 0.3073 0.9377
vn 0.2276 0.2987 0.9268
vn 0.2238 0.2994 0.9275
vn 0.2175 0.3008 0.9285
vn 0.2088 0.3029 0.9299
vn 0.1970 0.3056 0.9316
vn 0.1815 0.3086 0.9337
vn 0.1625 0.3112 0.9364
vn 0.2278 0.2988 0.9268
vn 0.2244 0.2997 0.9273
vn 0.2189 0.3014 0.9280
vn 0.2112 0.3041 0.9289
vn 0.2001 0.3077 0.9302
vn 0.1845 0.3120 0.9320
vn 0.1639 0.3161 0.9344
vn 0.2280 0.2988 0.9267
vn 0.2252 0.2999 0.9270
vn 0.2209 0.3018 0.9274
vn 0.2147 0.3048 0.9279
vn 0.2052 0.3093 0.9286
vn 0.1904 0.3155 0.9296
vn 0.1680 0.3225 0.9315
vn 0.2283 0.2988 0.9266
vn 0.2264 0.3000 0.9267
vn 0.2234 0.3020 0.9268
vn 0.2192 0.3054 0.9266
vn 0.2125 0.3108 0.9264
vn 0.2009 0.3193 0.9261
vn 0.1774 0.3305 0.9270
vn -0.0965 0.3020 0.9484
vn -0.1147 0.3014 0.9466
vn -0.0614 0.3032 0.9510
vn -0.0787 0.3027 0.9498
vn -0.0965 0.3022 0.9484
vn -0.1146 0.3016 0.9465
vn -0.0281 0.3039 0.9523
vn -0.0445 0.3036 0.9517
vn -0.0614 0.3033 0.9509
vn -0.0787 0.3029 0.9498
vn -0.0964 0.3025 0.9483
vn -0.1145 0.3019 0.9464
vn -0.0445 0.3037 0.9517
vn -0.0613 0.3035 0.9509
vn -0.0786 0.3032 0.9497
vn -0.0963 0.3028 0.9482
vn -0.1145 0.3023 0.9463
vn -0.0122 0.3041 0.9526
vn -0.0281 0.3040 0.9523
vn -0.0444 0.3039 0.9517
vn -0.0612 0.3037 0.9508
vn -0.0785 0.3035 0.9496
vn -0.0962 0.3032 0.9480
vn -0.1144 0.3029 0.9461
vn -0.0280 0.3041 0.9522
vn -0.0443 0.3040 0.9516
vn -0.0611 0.3039 0.9507
vn -0.0784 0.3038 0.9495
vn -0.0961 0.3037 0.9479
vn -0.1143 0.3034 0.9460
vn -0.0279 0.3041 0.9522
vn -0.0442 0.3041 0.9516
vn -0.0610 0.3041 0.9507
vn -0.0782 0.3041 0.9494
vn -0.0959 0.3041 0.9478
vn -0.1141 0.3040 0.9458
vn -0.0121 0.3042 0.9525
vn -0.0277 0.3043 0.9522
vn -0.0438 0.3045 0.9515
vn -0.0604 0.3048 0.9505
vn -0.0775 0.3052 0.9491
vn -0.0952 0.3055 0.9474
vn -0.1136 0.3058 0.9453
vn -0.0120 0.3042 0.9525
vn -0.0274 0.3044 0.9522
vn -0.0433 0.3048 0.9514
vn -0.0596 0.3054 0.9504
vn -0.0766 0.3063 0.9489
vn -0.0943 0.3072 0.9470
vn -0.1128 0.3079 0.9447
vn -0.0119 0.3043 0.9525
vn -0.0270 0.3045 0.9521
vn -0.0424 0.3052 0.9514
vn -0.0583 0.3062 0.9502
vn -0.0748 0.3078 0.9485
vn -0.0925 0.3095 0.9464
vn -0.1114 0.3109 0.9439
vn -0.0117 0.3043 0.9525
vn -0.0263 0.3047 0.9521
vn -0.0410 0.3056 0.9513
vn -0.0560 0.3072 0.9500
vn -0.0718 0.3096 0.9482
vn -0.0894 0.3123 0.9458
vn -0.1090 0.3146 0.9429
vn -0.0114 0.3043 0.9525
vn -0.0253 0.3048 0.9521
vn -0.0390 0.3060 0.9512
vn -0.0526 0.3081 0.9499
vn -0.0673 0.3114 0.9479
vn -0.0843 0.3156 0.9451
vn -0.1048 0.3197 0.9417
vn -0.0110 0.3043 0.9525
vn -0.0241 0.3049 0.9521
vn -0.0366 0.3062 0.9513
vn -0.0484 0.3087 0.9499
vn -0.0609 0.3128 0.9479
vn -0.0759 0.3190 0.9447
vn -0.0970 0.3264 0.9402
vn -0.0106 0.3044 0.9525
vn -0.0228 0.3049 0.9521
vn -0.0339 0.3062 0.9513
vn -0.0437 0.3088 0.9501
vn -0.0530 0.3132 0.9482
vn -0.0635 0.3208 0.9450
vn -0.0810 0.3346 0.9389
vn -0.0447 0.3035 0.9518
vn -0.0617 0.3031 0.9510
vn -0.0792 0.3026 0.9498
vn -0.0973 0.3021 0.9483
vn -0.1159 0.3015 0.9464
vn -0.0616 0.3031 0.9510
vn -0.0791 0.3026 0.9498
vn -0.0972 0.3021 0.9483
vn -0.1157 0.3015 0.9464
vn -0.0123 0.3040 0.9526
vn -0.0970 0.3021 0.9483
vn -0.1155 0.3015 0.9464
vn -0.0790 0.3026 0.9498
vn -0.0969 0.3021 0.9483
vn -0.1154 0.3015 0.9465
vn -0.0615 0.3031 0.9510
vn -0.0789 0.3026 0.9498
vn -0.0968 0.3021 0.9484
vn -0.1152 0.3015 0.9465
vn -0.0789 0.3026 0.9499
vn -0.0967 0.3020 0.9484
vn -0.1150 0.3015 0.9465
vn -0.1149 0.3014 0.9465
vn 0.2196 0.2907 0.9313
vn 0.2147 0.2915 0.9322
vn 0.2075 0.2930 0.9333
vn 0.1983 0.2949 0.9347
vn 0.1870 0.2969 0.9364
vn 0.1736 0.2988 0.9384
vn 0.1578 0.3004 0.9407
vn 0.2208 0.2910 0.9309
vn 0.2162 0.2917 0.9317
vn 0.2091 0.2931 0.9329
vn 0.1997 0.2949 0.9344
vn 0.1882 0.2968 0.9362
vn 0.1745 0.2987 0.9383
vn 0.1583 0.3003 0.9406
vn 0.2218 0.2912 0.9306
vn 0.2175 0.2921 0.9313
vn 0.2105 0.2934 0.9325
vn 0.2011 0.2951 0.9341
vn 0.1894 0.2970 0.9359
vn 0.1753 0.2988 0.9381
vn 0.1589 0.3004 0.9405
vn 0.2227 0.2914 0.9303
vn 0.2186 0.2925 0.9310
vn 0.2117 0.2938 0.9321
vn 0.2023 0.2954 0.9337
vn 0.1904 0.2972 0.9356
vn 0.1761 0.2989 0.9379
vn 0.1594 0.3004 0.9404
vn 0.2236 0.2916 0.9300
vn 0.2195 0.2928 0.9306
vn 0.2127 0.2942 0.9318
vn 0.2032 0.2958 0.9334
vn 0.1912 0.2975 0.9354
vn 0.1767 0.2991 0.9377
vn 0.1598 0.3005 0.9403
vn 0.2245 0.2921 0.9297
vn 0.2203 0.2933 0.9303
vn 0.2135 0.2947 0.9314
vn 0.2040 0.2962 0.9331
vn 0.1919 0.2978 0.9352
vn 0.1773 0.2993 0.9376
vn 0.1602 0.3006 0.9402
vn 0.2251 0.2928 0.9293
vn 0.2211 0.2939 0.9299
vn 0.2142 0.2952 0.9311
vn 0.2047 0.2967 0.9328
vn 0.1925 0.2981 0.9349
vn 0.1777 0.2995 0.9374
vn 0.1606 0.3007 0.9401
vn -0.1525 0.3005 0.9415
vn -0.1677 0.3001 0.9391
vn -0.1804 0.2998 0.9368
vn -0.1828 0.3013 0.9359
vn -0.1615 0.3064 0.9381
vn -0.1619 0.3009 0.9398
vn -0.1940 0.2952 0.9355
vn -0.1522 0.3005 0.9416
vn -0.1675 0.3001 0.9391
vn -0.1809 0.2995 0.9368
vn -0.1634 0.2913 0.9426
vn -0.1626 0.2849 0.9447
vn -0.1919 0.2959 0.9358
vn -0.1519 0.3005 0.9416
vn -0.1673 0.3001 0.9391
vn -0.1803 0.2998 0.9368
vn -0.1850 0.2974 0.9367
vn -0.1686 0.3004 0.9388
vn -0.1638 0.3008 0.9395
vn -0.1924 0.3014 0.9339
vn -0.1516 0.3005 0.9417
vn -0.1670 0.3001 0.9392
vn -0.1801 0.2998 0.9368
vn -0.1802 0.3037 0.9356
vn -0.1637 0.3206 0.9330
vn -0.1712 0.3210 0.9315
vn -0.2001 0.3064 0.9306
vn -0.1513 0.3004 0.9417
vn -0.1667 0.3000 0.9392
vn -0.1797 0.2999 0.9369
vn -0.1710 0.3037 0.9373
vn -0.1574 0.3144 0.9362
vn -0.1813 0.3135 0.9321
vn -0.2085 0.3018 0.9303
vn -0.1510 0.3003 0.9418
vn -0.1664 0.3000 0.9393
vn -0.1793 0.2998 0.9370
vn -0.1683 0.3004 0.9388
vn -0.1556 0.3008 0.9409
vn -0.1830 0.3012 0.9358
vn -0.2078 0.3015 0.9306
vn -0.1507 0.3002 0.9419
vn -0.1660 0.2998 0.9394
vn -0.1789 0.2996 0.9371
vn -0.1682 0.3005 0.9388
vn -0.1554 0.3013 0.9408
vn -0.1824 0.3011 0.9360
vn -0.2071 0.3009 0.9309
vn 0.1205 0.3026 0.9455
vn 0.1018 0.3033 0.9474
vn 0.0840 0.3038 0.9490
vn 0.0668 0.3041 0.9503
vn 0.0502 0.3043 0.9513
vn 0.1207 0.3026 0.9454
vn 0.1020 0.3033 0.9474
vn 0.0841 0.3038 0.9490
vn 0.0669 0.3041 0.9503
vn 0.1209 0.3026 0.9454
vn 0.1021 0.3033 0.9474
vn 0.1211 0.3026 0.9454
vn 0.1022 0.3033 0.9474
vn 0.0842 0.3038 0.9490
vn 0.1212 0.3027 0.9454
vn 0.1023 0.3033 0.9474
vn 0.0843 0.3038 0.9490
vn 0.1214 0.3027 0.9453
vn 0.1024 0.3034 0.9474
vn 0.1216 0.3027 0.9453
vn 0.1025 0.3034 0.9473
vn -0.0032 -0.3042 -0.9526
vn -0.1420 -0.3026 -0.9425
vn 0.1325 -0.3044 -0.9433
vn -0.1415 -0.3020 -0.9428
vn 0.1331 -0.3007 -0.9444
vn -0.0031 -0.3042 -0.9526
vn -0.1614 -0.3019 -0.9396
vn -0.1789 -0.3011 -0.9367
vn -0.1939 -0.3004 -0.9339
vn -0.2063 -0.2997 -0.9315
vn -0.2161 -0.2991 -0.9294
vn -0.2368 -0.2960 -0.9254
vn -0.3947 -0.2815 -0.8747
vn 0.1139 -0.3046 -0.9456
vn 0.0957 -0.3046 -0.9477
vn 0.0779 -0.3045 -0.9493
vn 0.0607 -0.3044 -0.9506
vn 0.0440 -0.3043 -0.9516
vn 0.0278 -0.3042 -0.9522
vn 0.0122 -0.3042 -0.9525
vn -0.0184 -0.3042 -0.9524
vn -0.0341 -0.3042 -0.9520
vn -0.0502 -0.3042 -0.9513
vn -0.0670 -0.3041 -0.9503
vn -0.0844 -0.3040 -0.9489
vn -0.1027 -0.3037 -0.9472
vn -0.1220 -0.3032 -0.9451
vn -0.1417 -0.3021 -0.9427
vn -0.1418 -0.3022 -0.9427
vn -0.1419 -0.3023 -0.9426
vn -0.1419 -0.3024 -0.9425
vn -0.1420 -0.3025 -0.9425
vn -0.1419 -0.3034 -0.9422
vn -0.1417 -0.3054 -0.9416
vn -0.1413 -0.3084 -0.9407
vn -0.1405 -0.3125 -0.9395
vn -0.1392 -0.3184 -0.9377
vn -0.1373 -0.3270 -0.9350
vn -0.1353 -0.3446 -0.9290
vn 0.3097 -0.2873 -0.9064
vn 0.2163 -0.2981 -0.9297
vn 0.1934 -0.3002 -0.9341
vn 0.1872 -0.3014 -0.9349
vn 0.1791 -0.3024 -0.9362
vn 0.1659 -0.3033 -0.9383
vn 0.1502 -0.3040 -0.9408
vn 0.1330 -0.3007 -0.9444
vn 0.1329 -0.3009 -0.9444
vn 0.1328 -0.3013 -0.9442
vn 0.1328 -0.3018 -0.9441
vn 0.1327 -0.3024 -0.9439
vn 0.1327 -0.3030 -0.9437
vn 0.1326 -0.3037 -0.9435
vn 0.1323 -0.3058 -0.9429
vn 0.1320 -0.3081 -0.9421
vn 0.1314 -0.3114 -0.9411
vn 0.1305 -0.3157 -0.9398
vn 0.1290 -0.3216 -0.9381
vn 0.1271 -0.3298 -0.9355
vn 0.1252 -0.3460 -0.9298
vn -0.1396 -0.3017 -0.9431
vn -0.1399 -0.3016 -0.9431
vn -0.1402 -0.3017 -0.9430
vn -0.1406 -0.3017 -0.9430
vn -0.1408 -0.3017 -0.9429
vn -0.1411 -0.3018 -0.9429
vn -0.1413 -0.3019 -0.9428
vn 0.1348 -0.3010 -0.9441
vn 0.1345 -0.3010 -0.9441
vn 0.1343 -0.3010 -0.9441
vn 0.1340 -0.3010 -0.9442
vn 0.1337 -0.3009 -0.9442
vn 0.1335 -0.3009 -0.9443
vn 0.1333 -0.3008 -0.9443
vn 0.1148 -0.3014 -0.9466
vn 0.0966 -0.3020 -0.9484
vn 0.0788 -0.3026 -0.9499
vn 0.0615 -0.3031 -0.9510
vn 0.0446 -0.3035 -0.9518
vn 0.0282 -0.3038 -0.9523
vn 0.0123 -0.3041 -0.9526
vn -0.1608 -0.3009 -0.9400
vn -0.1781 -0.2997 -0.9373
vn -0.1929 -0.2984 -0.9347
vn -0.2052 -0.2972 -0.9325
vn -0.2148 -0.2959 -0.9308
vn -0.2476 -0.2918 -0.9239
vn -0.3542 -0.2959 -0.8872
vn 0.3257 -0.2933 -0.8988
vn 0.2167 -0.2980 -0.9296
vn 0.1921 -0.2996 -0.9345
vn 0.1862 -0.2994 -0.9358
vn 0.1786 -0.2993 -0.9373
vn 0.1657 -0.2996 -0.9396
vn 0.1505 -0.3001 -0.9420
vn -0.0185 -0.3043 -0.9524
vn -0.0342 -0.3043 -0.9519
vn -0.0503 -0.3043 -0.9513
vn -0.0844 -0.3038 -0.9490
vn -0.1026 -0.3034 -0.9473
vn -0.1217 -0.3028 -0.9453
vn 0.1503 -0.3054 -0.9403
vn 0.1662 -0.3046 -0.9379
vn 0.1797 -0.3035 -0.9357
vn 0.1879 -0.3023 -0.9345
vn 0.1944 -0.3009 -0.9336
vn 0.2159 -0.2996 -0.9293
vn 0.3157 -0.2928 -0.9026
vn 0.1505 -0.3077 -0.9395
vn 0.1668 -0.3066 -0.9371
vn 0.1806 -0.3051 -0.9350
vn 0.1890 -0.3035 -0.9339
vn 0.1956 -0.3018 -0.9331
vn 0.2124 -0.3013 -0.9296
vn 0.3183 -0.2976 -0.9001
vn 0.1508 -0.3109 -0.9384
vn 0.1679 -0.3094 -0.9360
vn 0.1822 -0.3072 -0.9340
vn 0.1914 -0.3039 -0.9333
vn 0.1975 -0.3003 -0.9332
vn 0.2075 -0.3004 -0.9310
vn 0.3063 -0.2973 -0.9043
vn 0.1515 -0.3150 -0.9369
vn 0.1698 -0.3127 -0.9345
vn 0.1847 -0.3097 -0.9327
vn 0.1960 -0.3065 -0.9315
vn 0.2008 -0.3023 -0.9318
vn 0.2049 -0.2982 -0.9323
vn 0.2951 -0.2911 -0.9101
vn 0.1531 -0.3201 -0.9349
vn 0.1732 -0.3164 -0.9327
vn 0.1886 -0.3121 -0.9311
vn 0.1994 -0.3081 -0.9302
vn 0.2032 -0.3054 -0.9303
vn 0.2077 -0.3031 -0.9301
vn 0.2680 -0.2974 -0.9164
vn 0.1572 -0.3264 -0.9321
vn 0.1797 -0.3202 -0.9302
vn 0.1946 -0.3140 -0.9292
vn 0.2041 -0.3090 -0.9289
vn 0.2047 -0.3065 -0.9296
vn 0.2067 -0.3064 -0.9292
vn 0.2533 -0.2919 -0.9223
vn 0.1668 -0.3345 -0.9275
vn 0.1908 -0.3244 -0.9265
vn 0.2030 -0.3160 -0.9268
vn 0.2101 -0.3099 -0.9273
vn 0.2097 -0.3047 -0.9291
vn 0.2080 -0.3001 -0.9309
vn 0.2381 -0.3163 -0.9183
vn -0.1218 -0.3040 -0.9449
vn -0.1026 -0.3043 -0.9470
vn -0.0843 -0.3044 -0.9488
vn -0.0668 -0.3044 -0.9502
vn -0.0501 -0.3043 -0.9513
vn -0.0340 -0.3043 -0.9520
vn -0.1214 -0.3058 -0.9443
vn -0.1020 -0.3057 -0.9467
vn -0.0837 -0.3053 -0.9486
vn -0.0663 -0.3049 -0.9501
vn -0.0498 -0.3045 -0.9512
vn -0.0338 -0.3043 -0.9520
vn -0.0183 -0.3042 -0.9524
vn -0.1202 -0.3085 -0.9436
vn -0.1005 -0.3078 -0.9461
vn -0.0822 -0.3067 -0.9482
vn -0.0652 -0.3056 -0.9499
vn -0.0491 -0.3049 -0.9511
vn -0.0334 -0.3045 -0.9519
vn -0.0181 -0.3043 -0.9524
vn -0.1181 -0.3123 -0.9426
vn -0.0977 -0.3106 -0.9455
vn -0.0795 -0.3085 -0.9479
vn -0.0632 -0.3066 -0.9497
vn -0.0478 -0.3053 -0.9511
vn -0.0328 -0.3046 -0.9519
vn -0.0179 -0.3043 -0.9524
vn -0.1142 -0.3175 -0.9414
vn -0.0929 -0.3141 -0.9448
vn -0.0752 -0.3104 -0.9476
vn -0.0600 -0.3075 -0.9496
vn -0.0460 -0.3057 -0.9510
vn -0.0319 -0.3047 -0.9519
vn -0.0176 -0.3043 -0.9524
vn -0.1064 -0.3245 -0.9399
vn -0.0845 -0.3178 -0.9444
vn -0.0690 -0.3120 -0.9476
vn -0.0560 -0.3082 -0.9497
vn -0.0437 -0.3060 -0.9510
vn -0.0308 -0.3048 -0.9519
vn -0.0172 -0.3043 -0.9524
vn -0.0895 -0.3336 -0.9384
vn -0.0717 -0.3200 -0.9447
vn -0.0611 -0.3125 -0.9480
vn -0.0513 -0.3083 -0.9499
vn -0.0411 -0.3060 -0.9512
vn -0.0296 -0.3048 -0.9520
vn -0.0168 -0.3043 -0.9524
vn -0.1218 -0.3029 -0.9452
vn -0.1027 -0.3034 -0.9473
vn -0.0845 -0.3039 -0.9490
vn -0.0671 -0.3041 -0.9503
vn -0.1219 -0.3029 -0.9452
vn -0.1027 -0.3035 -0.9473
vn -0.0504 -0.3043 -0.9513
vn -0.0342 -0.3043 -0.9520
vn -0.1219 -0.3030 -0.9452
vn -0.1028 -0.3035 -0.9473
vn -0.1220 -0.3031 -0.9451
vn -0.0845 -0.3039 -0.9489
vn -0.1028 -0.3036 -0.9473
vn -0.0503 -0.3042 -0.9513
vn -0.0341 -0.3043 -0.9520
vn -0.1027 -0.3036 -0.9473
vn -0.0185 -0.3042 -0.9524
vn 0.1503 -0.3001 -0.9420
vn 0.1655 -0.2995 -0.9396
vn 0.1783 -0.2991 -0.9374
vn 0.1859 -0.2990 -0.9360
vn 0.1917 -0.2991 -0.9348
vn 0.2154 -0.2988 -0.9297
vn 0.3035 -0.3002 -0.9043
vn 0.1502 -0.3002 -0.9420
vn 0.1653 -0.2996 -0.9396
vn 0.1781 -0.2991 -0.9375
vn 0.1857 -0.2988 -0.9361
vn 0.1915 -0.2987 -0.9349
vn 0.2136 -0.2981 -0.9303
vn 0.2973 -0.2964 -0.9076
vn 0.1501 -0.3006 -0.9419
vn 0.1652 -0.2999 -0.9396
vn 0.1780 -0.2993 -0.9374
vn 0.1856 -0.2989 -0.9361
vn 0.1914 -0.2986 -0.9350
vn 0.2124 -0.2953 -0.9315
vn 0.3124 -0.2755 -0.9091
vn 0.1500 -0.3011 -0.9417
vn 0.1652 -0.3004 -0.9394
vn 0.1780 -0.2996 -0.9373
vn 0.1857 -0.2991 -0.9360
vn 0.2199 -0.2966 -0.9294
vn 0.2935 -0.2938 -0.9097
vn 0.1500 -0.3017 -0.9415
vn 0.1653 -0.3010 -0.9392
vn 0.1781 -0.3002 -0.9371
vn 0.1858 -0.2995 -0.9358
vn 0.1917 -0.2988 -0.9349
vn 0.2133 -0.2996 -0.9299
vn 0.3040 -0.2929 -0.9065
vn 0.1501 -0.3024 -0.9413
vn 0.1654 -0.3017 -0.9389
vn 0.1784 -0.3009 -0.9368
vn 0.1861 -0.3000 -0.9356
vn 0.1921 -0.2992 -0.9347
vn 0.2152 -0.2959 -0.9307
vn 0.3021 -0.2900 -0.9081
vn 0.1502 -0.3032 -0.9410
vn 0.1656 -0.3025 -0.9387
vn 0.1787 -0.3016 -0.9365
vn 0.1866 -0.3007 -0.9353
vn 0.1927 -0.2997 -0.9344
vn 0.2145 -0.2977 -0.9302
vn 0.3053 -0.2901 -0.9070
vn -0.3756 -0.2870 -0.8813
vn -0.2410 -0.2971 -0.9239
vn -0.2152 -0.2966 -0.9304
vn -0.2056 -0.2977 -0.9323
vn -0.1932 -0.2988 -0.9345
vn -0.1783 -0.3000 -0.9371
vn -0.1610 -0.3011 -0.9399
vn -0.3825 -0.2771 -0.8814
vn -0.2385 -0.2955 -0.9251
vn -0.2156 -0.2972 -0.9302
vn -0.2059 -0.2982 -0.9320
vn -0.1935 -0.2992 -0.9344
vn -0.1785 -0.3003 -0.9370
vn -0.1612 -0.3013 -0.9398
vn -0.3663 -0.2778 -0.8881
vn -0.2411 -0.2947 -0.9247
vn -0.2158 -0.2978 -0.9299
vn -0.2061 -0.2986 -0.9319
vn -0.1937 -0.2995 -0.9342
vn -0.1787 -0.3005 -0.9369
vn -0.1613 -0.3014 -0.9398
vn -0.3526 -0.2883 -0.8903
vn -0.2474 -0.2938 -0.9233
vn -0.2160 -0.2982 -0.9297
vn -0.2062 -0.2990 -0.9317
vn -0.1938 -0.2998 -0.9341
vn -0.1788 -0.3007 -0.9368
vn -0.1613 -0.3015 -0.9397
vn -0.3706 -0.2756 -0.8870
vn -0.2442 -0.2960 -0.9234
vn -0.2161 -0.2987 -0.9296
vn -0.2063 -0.2993 -0.9316
vn -0.1938 -0.3000 -0.9340
vn -0.1788 -0.3008 -0.9368
vn -0.1614 -0.3017 -0.9397
vn -0.3413 -0.2888 -0.8945
vn -0.2522 -0.2965 -0.9211
vn -0.2161 -0.2989 -0.9295
vn -0.2063 -0.2995 -0.9315
vn -0.1939 -0.3002 -0.9340
vn -0.1789 -0.3009 -0.9367
vn -0.1614 -0.3017 -0.9396
vn -0.3473 -0.3068 -0.8861
vn -0.2481 -0.3020 -0.9205
vn -0.2161 -0.2990 -0.9294
vn -0.2063 -0.2996 -0.9315
vn -0.1939 -0.3003 -0.9339
vn -0.1789 -0.3010 -0.9367
vn -0.1614 -0.3018 -0.9396
vn -0.3723 -0.2788 -0.8852
vn -0.2424 -0.2968 -0.9236
vn -0.2162 -0.2992 -0.9294
vn -0.2064 -0.2999 -0.9314
vn -0.1940 -0.3008 -0.9338
vn -0.1789 -0.3017 -0.9365
vn -0.1614 -0.3026 -0.9393
vn -0.3551 -0.2839 -0.8907
vn -0.2436 -0.2980 -0.9229
vn -0.2163 -0.2996 -0.9292
vn -0.2066 -0.3006 -0.9311
vn -0.1943 -0.3018 -0.9334
vn -0.1792 -0.3032 -0.9359
vn -0.1615 -0.3045 -0.9387
vn -0.3543 -0.2933 -0.8880
vn -0.2405 -0.2991 -0.9234
vn -0.2167 -0.3001 -0.9290
vn -0.2073 -0.3016 -0.9306
vn -0.1952 -0.3035 -0.9326
vn -0.1799 -0.3056 -0.9350
vn -0.1618 -0.3073 -0.9377
vn -0.3301 -0.2921 -0.8976
vn -0.2368 -0.2982 -0.9247
vn -0.2175 -0.3008 -0.9286
vn -0.2088 -0.3029 -0.9299
vn -0.1970 -0.3056 -0.9316
vn -0.1815 -0.3086 -0.9337
vn -0.1624 -0.3111 -0.9364
vn -0.3002 -0.2979 -0.9062
vn -0.2340 -0.3009 -0.9245
vn -0.2189 -0.3014 -0.9280
vn -0.2112 -0.3041 -0.9290
vn -0.2001 -0.3077 -0.9302
vn -0.1844 -0.3119 -0.9320
vn -0.1639 -0.3161 -0.9345
vn -0.2694 -0.3117 -0.9112
vn -0.2278 -0.3011 -0.9260
vn -0.2209 -0.3018 -0.9274
vn -0.2147 -0.3048 -0.9279
vn -0.2051 -0.3093 -0.9286
vn -0.1903 -0.3155 -0.9297
vn -0.1679 -0.3224 -0.9316
vn -0.2283 -0.3005 -0.9260
vn -0.2263 -0.3000 -0.9267
vn -0.2234 -0.3020 -0.9268
vn -0.2192 -0.3054 -0.9267
vn -0.2124 -0.3109 -0.9264
vn -0.2007 -0.3193 -0.9262
vn -0.1772 -0.3305 -0.9270
vn 0.0614 -0.3031 -0.9510
vn 0.0965 -0.3020 -0.9484
vn 0.1147 -0.3014 -0.9466
vn 0.0614 -0.3032 -0.9510
vn 0.0787 -0.3027 -0.9498
vn 0.0965 -0.3022 -0.9484
vn 0.1146 -0.3016 -0.9465
vn 0.0282 -0.3039 -0.9523
vn 0.0445 -0.3036 -0.9517
vn 0.0614 -0.3033 -0.9509
vn 0.0787 -0.3029 -0.9498
vn 0.0964 -0.3025 -0.9483
vn 0.1145 -0.3019 -0.9464
vn 0.0281 -0.3039 -0.9523
vn 0.0445 -0.3037 -0.9517
vn 0.0613 -0.3035 -0.9509
vn 0.0786 -0.3032 -0.9497
vn 0.0963 -0.3028 -0.9482
vn 0.1145 -0.3023 -0.9463
vn 0.0122 -0.3041 -0.9526
vn 0.0281 -0.3040 -0.9523
vn 0.0444 -0.3039 -0.9517
vn 0.0612 -0.3037 -0.9508
vn 0.0785 -0.3035 -0.9496
vn 0.0962 -0.3032 -0.9480
vn 0.1144 -0.3029 -0.9461
vn 0.0280 -0.3041 -0.9522
vn 0.0443 -0.3040 -0.9516
vn 0.0611 -0.3039 -0.9507
vn 0.0784 -0.3038 -0.9495
vn 0.0961 -0.3037 -0.9479
vn 0.1143 -0.3034 -0.9460
vn 0.0279 -0.3041 -0.9522
vn 0.0442 -0.3041 -0.9516
vn 0.0610 -0.3041 -0.9507
vn 0.0782 -0.3041 -0.9494
vn 0.0959 -0.3041 -0.9478
vn 0.1141 -0.3040 -0.9458
vn 0.0121 -0.3042 -0.9525
vn 0.0277 -0.3043 -0.9522
vn 0.0438 -0.3045 -0.9515
vn 0.0604 -0.3048 -0.9505
vn 0.0775 -0.3052 -0.9491
vn 0.0952 -0.3055 -0.9474
vn 0.1136 -0.3058 -0.9453
vn 0.0120 -0.3042 -0.9525
vn 0.0274 -0.3044 -0.9522
vn 0.0433 -0.3048 -0.9514
vn 0.0596 -0.3054 -0.9504
vn 0.0766 -0.3063 -0.9489
vn 0.0943 -0.3072 -0.9470
vn 0.1128 -0.3079 -0.9447
vn 0.0119 -0.3043 -0.9525
vn 0.0270 -0.3045 -0.9521
vn 0.0424 -0.3052 -0.9514
vn 0.0583 -0.3063 -0.9502
vn 0.0748 -0.3078 -0.9485
vn 0.0925 -0.3095 -0.9464
vn 0.1114 -0.3108 -0.9439
vn 0.0117 -0.3043 -0.9525
vn 0.0262 -0.3047 -0.9521
vn 0.0410 -0.3056 -0.9513
vn 0.0560 -0.3072 -0.9500
vn 0.0718 -0.3096 -0.9482
vn 0.0894 -0.3123 -0.9458
vn 0.1090 -0.3146 -0.9429
vn 0.0114 -0.3043 -0.9525
vn 0.0253 -0.3048 -0.9521
vn 0.0390 -0.3060 -0.9512
vn 0.0526 -0.3081 -0.9499
vn 0.0673 -0.3114 -0.9479
vn 0.0843 -0.3156 -0.9451
vn 0.1048 -0.3197 -0.9417
vn 0.0110 -0.3043 -0.9525
vn 0.0241 -0.3049 -0.9521
vn 0.0366 -0.3062 -0.9513
vn 0.0484 -0.3087 -0.9499
vn 0.0609 -0.3128 -0.9479
vn 0.0760 -0.3190 -0.9447
vn 0.0971 -0.3263 -0.9403
vn 0.0106 -0.3044 -0.9525
vn 0.0228 -0.3049 -0.9521
vn 0.0339 -0.3062 -0.9514
vn 0.0437 -0.3088 -0.9501
vn 0.0530 -0.3132 -0.9482
vn 0.0635 -0.3207 -0.9450
vn 0.0813 -0.3343 -0.9390
vn 0.0447 -0.3035 -0.9518
vn 0.0617 -0.3031 -0.9510
vn 0.0792 -0.3026 -0.9498
vn 0.0973 -0.3021 -0.9483
vn 0.1159 -0.3015 -0.9464
vn 0.0616 -0.3031 -0.9510
vn 0.0791 -0.3026 -0.9498
vn 0.0972 -0.3021 -0.9483
vn 0.1157 -0.3015 -0.9464
vn 0.0123 -0.3040 -0.9526
vn 0.0971 -0.3021 -0.9483
vn 0.1155 -0.3015 -0.9464
vn 0.0790 -0.3026 -0.9498
vn 0.0969 -0.3021 -0.9483
vn 0.1154 -0.3015 -0.9465
vn 0.0789 -0.3026 -0.9498
vn 0.0968 -0.3021 -0.9484
vn 0.1152 -0.3015 -0.9465
vn 0.0789 -0.3026 -0.9499
vn 0.0967 -0.3020 -0.9484
vn 0.1150 -0.3015 -0.9465
vn 0.1149 -0.3014 -0.9465
vn -0.2831 -0.3009 -0.9107
vn -0.2158 -0.2910 -0.9321
vn -0.2075 -0.2930 -0.9333
vn -0.1983 -0.2949 -0.9347
vn -0.1870 -0.2969 -0.9364
vn -0.1735 -0.2988 -0.9384
vn -0.1577 -0.3004 -0.9407
vn -0.3169 -0.2777 -0.9069
vn -0.2189 -0.2918 -0.9311
vn -0.2091 -0.2931 -0.9329
vn -0.1997 -0.2949 -0.9344
vn -0.1882 -0.2968 -0.9362
vn -0.1744 -0.2987 -0.9383
vn -0.1583 -0.3003 -0.9406
vn -0.3466 -0.2818 -0.8947
vn -0.2255 -0.2895 -0.9302
vn -0.2105 -0.2934 -0.9325
vn -0.2011 -0.2951 -0.9341
vn -0.1894 -0.2970 -0.9359
vn -0.1753 -0.2988 -0.9381
vn -0.1588 -0.3004 -0.9405
vn -0.3741 -0.2856 -0.8823
vn -0.2304 -0.2920 -0.9282
vn -0.2117 -0.2938 -0.9321
vn -0.2023 -0.2954 -0.9337
vn -0.1904 -0.2972 -0.9356
vn -0.1761 -0.2989 -0.9379
vn -0.1593 -0.3004 -0.9404
vn -0.3874 -0.2673 -0.8823
vn -0.2342 -0.2912 -0.9275
vn -0.2127 -0.2942 -0.9318
vn -0.2032 -0.2958 -0.9334
vn -0.1912 -0.2975 -0.9354
vn -0.1767 -0.2991 -0.9377
vn -0.1598 -0.3005 -0.9403
vn -0.3813 -0.2698 -0.8842
vn -0.2434 -0.2886 -0.9260
vn -0.2135 -0.2947 -0.9314
vn -0.2040 -0.2962 -0.9331
vn -0.1919 -0.2978 -0.9352
vn -0.1773 -0.2993 -0.9376
vn -0.1602 -0.3006 -0.9402
vn -0.3837 -0.2780 -0.8806
vn -0.2454 -0.2926 -0.9242
vn -0.2142 -0.2952 -0.9311
vn -0.2046 -0.2967 -0.9328
vn -0.1924 -0.2981 -0.9349
vn -0.1777 -0.2995 -0.9374
vn -0.1605 -0.3007 -0.9401
vn 0.1525 -0.3005 -0.9415
vn 0.1677 -0.3001 -0.9391
vn 0.1804 -0.2998 -0.9368
vn 0.1909 -0.2997 -0.9348
vn 0.1936 -0.3001 -0.9341
vn 0.1961 -0.2998 -0.9336
vn 0.2542 -0.2983 -0.9200
vn 0.1522 -0.3005 -0.9416
vn 0.1675 -0.3001 -0.9391
vn 0.1908 -0.2996 -0.9348
vn 0.1941 -0.2987 -0.9344
vn 0.2014 -0.2951 -0.9340
vn 0.2531 -0.2926 -0.9221
vn 0.1519 -0.3005 -0.9416
vn 0.1673 -0.3001 -0.9391
vn 0.1802 -0.2998 -0.9368
vn 0.1952 -0.2997 -0.9338
vn 0.2099 -0.2969 -0.9315
vn 0.2643 -0.2883 -0.9203
vn 0.1516 -0.3005 -0.9417
vn 0.1670 -0.3001 -0.9392
vn 0.1800 -0.2998 -0.9368
vn 0.1904 -0.3000 -0.9347
vn 0.1951 -0.3029 -0.9328
vn 0.2174 -0.3021 -0.9281
vn 0.2786 -0.2965 -0.9135
vn 0.1513 -0.3004 -0.9417
vn 0.1667 -0.3000 -0.9392
vn 0.1797 -0.2998 -0.9369
vn 0.1881 -0.3009 -0.9349
vn 0.1937 -0.3036 -0.9329
vn 0.2216 -0.3029 -0.9269
vn 0.2954 -0.2997 -0.9072
vn 0.1510 -0.3003 -0.9418
vn 0.1663 -0.3000 -0.9393
vn 0.1793 -0.2998 -0.9370
vn 0.1870 -0.2999 -0.9355
vn 0.1931 -0.3002 -0.9341
vn 0.2194 -0.3011 -0.9280
vn 0.3049 -0.3018 -0.9033
vn 0.1507 -0.3002 -0.9419
vn 0.1660 -0.2998 -0.9394
vn 0.1789 -0.2996 -0.9371
vn 0.1866 -0.2997 -0.9356
vn 0.1926 -0.3000 -0.9343
vn 0.2160 -0.3006 -0.9290
vn 0.3340 -0.2857 -0.8982
vn -0.1205 -0.3026 -0.9455
vn -0.1019 -0.3033 -0.9474
vn -0.0840 -0.3038 -0.9490
vn -0.0668 -0.3041 -0.9503
vn -0.0502 -0.3043 -0.9513
vn -0.1207 -0.3026 -0.9454
vn -0.1020 -0.3033 -0.9474
vn -0.0841 -0.3038 -0.9490
vn -0.0669 -0.3041 -0.9503
vn -0.1209 -0.3026 -0.9454
vn -0.1021 -0.3033 -0.9474
vn -0.1211 -0.3026 -0.9454
vn -0.1022 -0.3033 -0.9474
vn -0.0842 -0.3038 -0.9490
vn -0.1213 -0.3027 -0.9454
vn -0.1023 -0.3033 -0.9474
vn -0.0843 -0.3038 -0.9490
vn -0.1214 -0.3027 -0.9453
vn -0.1024 -0.3034 -0.9474
vn -0.1216 -0.3027 -0.9453
vn -0.1025 -0.3034 -0.9473
vn -0.6171 -0.5930 0.5173
vn -0.1282 -0.0608 0.9899
vn -0.5879 -0.5568 0.5868
vn -0.4817 -0.4369 0.7597
vn 0.6388 -0.6744 0.3702
vn 0.1298 -0.0643 0.9895
vn 0.6015 -0.6183 0.5058
vn 0.4846 -0.4680 0.7390
vn -0.7501 0.6256 0.2144
vn -0.1560 0.5170 0.8417
vn -0.7122 0.6393 0.2899
vn -0.5771 0.6544 0.4885
vn 0.8249 0.5648 0.0240
vn 0.1707 0.5075 0.8445
vn 0.7755 0.6045 0.1819
vn 0.6190 0.6350 0.4622
vn 0.0004 -0.9251 0.3797
vn 0.0031 0.0998 0.9950
vn 0.0012 -0.7887 0.6147
vn 0.0024 -0.4013 0.9159
vn -0.0457 0.9833 -0.1763
vn -0.0030 0.4260 0.9047
vn -0.0388 0.9759 0.2148
vn -0.0206 0.7386 0.6738
vn -0.9327 0.0941 0.3482
vn 0.0327 0.3077 0.9509
vn -0.7995 0.1783 0.5736
vn -0.4408 0.2775 0.8536
vn 0.0157 0.2985 0.9543
vn 0.9922 0.0340 0.1200
vn 0.5509 0.2413 0.7989
vn 0.9216 0.1089 0.3726
vn 0.0834 0.4861 0.8699
vn -0.2508 0.9541 -0.1639
vn -0.0512 0.7776 0.6267
vn -0.1839 0.9638 0.1929
vn 0.1060 0.0818 0.9910
vn -0.1199 -0.9065 0.4049
vn 0.0104 -0.4231 0.9060
vn -0.0794 -0.7834 0.6164
vn -0.1013 0.0814 0.9915
vn 0.1224 -0.9068 0.4035
vn -0.0059 -0.4232 0.9060
vn 0.0828 -0.7836 0.6157
vn 0.0975 0.9778 -0.1856
vn -0.0729 0.4905 0.8684
vn 0.3977 0.9146 -0.0733
vn 0.0407 0.9779 0.2049
vn 0.1895 0.9660 -0.1759
vn 0.1321 0.9840 0.1192
vn 0.0760 0.7126 0.6974
vn -0.0322 0.7209 0.6923
vn 0.0870 0.8512 0.5176
vn 0.3105 0.9398 -0.1428
vn 0.3162 0.9002 0.2995
vn 0.2784 0.9464 0.1637
vn 0.0294 0.2982 0.9540
vn -0.9375 0.1019 0.3327
vn -0.4519 0.2662 0.8514
vn -0.8371 0.1640 0.5218
vn 0.0318 0.3012 0.9530
vn 0.9972 -0.0076 0.0742
vn 0.6142 0.2333 0.7539
vn 0.9589 0.0687 0.2754
vn -0.9429 0.0807 0.3232
vn 0.0033 0.3052 0.9523
vn -0.8424 0.1516 0.5170
vn -0.4864 0.2656 0.8324
vn -0.9539 0.0747 0.2906
vn 0.0215 0.2944 0.9554
vn -0.8645 0.1360 0.4838
vn -0.4779 0.2512 0.8417
vn -0.9422 0.0511 0.3312
vn 0.0152 0.2858 0.9582
vn -0.8452 0.0960 0.5258
vn -0.4864 0.2164 0.8465
vn -0.9088 0.0572 0.4133
vn 0.0183 0.2671 0.9635
vn -0.8358 0.0841 0.5426
vn -0.4715 0.1898 0.8612
vn -0.8514 -0.0035 0.5245
vn 0.0042 0.2401 0.9707
vn -0.7636 -0.0072 0.6457
vn -0.4156 0.1101 0.9029
vn -0.8026 -0.2533 0.5401
vn -0.0227 0.1946 0.9806
vn -0.7127 -0.1794 0.6781
vn -0.4468 0.0008 0.8946
vn -0.7370 -0.4113 0.5364
vn -0.0772 0.1129 0.9906
vn -0.6897 -0.3427 0.6379
vn -0.5004 -0.1544 0.8519
vn 0.1376 -0.9013 0.4107
vn -0.1135 0.0762 0.9906
vn 0.0938 -0.7816 0.6167
vn -0.0052 -0.4286 0.9035
vn 0.1609 -0.8932 0.4199
vn -0.1209 0.0699 0.9902
vn 0.1133 -0.7776 0.6184
vn 0.0036 -0.4342 0.9008
vn 0.1941 -0.8810 0.4315
vn -0.1224 0.0619 0.9906
vn 0.1434 -0.7710 0.6205
vn 0.0226 -0.4405 0.8975
vn 0.2381 -0.8632 0.4452
vn -0.1137 0.0530 0.9921
vn 0.1847 -0.7612 0.6217
vn 0.0533 -0.4471 0.8929
vn 0.2776 -0.8488 0.4499
vn -0.0856 0.0516 0.9950
vn 0.2237 -0.7571 0.6139
vn 0.0902 -0.4566 0.8851
vn 0.3423 -0.8381 0.4247
vn -0.0412 0.0135 0.9991
vn 0.2877 -0.7630 0.5789
vn 0.1580 -0.4963 0.8536
vn 0.4599 -0.8000 0.3854
vn 0.0210 -0.0573 0.9981
vn 0.4105 -0.7447 0.5262
vn 0.2776 -0.5390 0.7952
vn 0.9906 0.0443 0.1295
vn -0.0228 0.3074 0.9513
vn 0.9235 0.1242 0.3630
vn 0.5129 0.2697 0.8150
vn 0.9901 0.0510 0.1306
vn -0.0149 0.3101 0.9506
vn 0.9115 0.1314 0.3898
vn 0.4986 0.2751 0.8220
vn 0.9913 0.0564 0.1189
vn -0.0177 0.3187 0.9477
vn 0.8908 0.1628 0.4242
vn 0.4538 0.3018 0.8384
vn 0.9820 0.0927 0.1648
vn -0.0095 0.3305 0.9438
vn 0.8304 0.2452 0.5002
vn 0.4094 0.3489 0.8430
vn 0.9530 0.2707 0.1358
vn 0.0060 0.3481 0.9374
vn 0.7748 0.3738 0.5099
vn 0.4364 0.3913 0.8102
vn 0.9200 0.3701 0.1292
vn 0.0365 0.3761 0.9259
vn 0.8227 0.4148 0.3888
vn 0.5009 0.4371 0.7470
vn 0.9003 0.4258 0.0905
vn 0.0996 0.4230 0.9006
vn 0.8318 0.4699 0.2955
vn 0.5783 0.4948 0.6487
vn -0.3636 0.9289 -0.0700
vn 0.1250 0.4711 0.8732
vn -0.2557 0.9330 0.2531
vn -0.0516 0.7576 0.6507
vn -0.3849 0.9225 -0.0289
vn 0.1341 0.4622 0.8766
vn -0.2761 0.9231 0.2675
vn -0.0643 0.7554 0.6521
vn -0.4171 0.9089 0.0019
vn 0.1304 0.4614 0.8775
vn -0.3087 0.9106 0.2748
vn -0.0898 0.7556 0.6488
vn -0.4605 0.8871 0.0319
vn 0.1173 0.4659 0.8770
vn -0.3550 0.8922 0.2793
vn -0.1291 0.7557 0.6420
vn -0.5172 0.8533 0.0658
vn 0.0924 0.4756 0.8748
vn -0.4175 0.8639 0.2816
vn -0.1863 0.7541 0.6298
vn -0.5870 0.8026 0.1058
vn 0.0477 0.4927 0.8689
vn -0.4989 0.8205 0.2790
vn -0.2693 0.7491 0.6052
vn -0.6609 0.7360 0.1463
vn -0.0359 0.5238 0.8511
vn -0.5950 0.7596 0.2626
vn -0.3898 0.7411 0.5467
vn -0.1080 -0.9104 0.3994
vn 0.0912 0.0865 0.9921
vn -0.0720 -0.7843 0.6161
vn 0.0074 -0.4178 0.9085
vn -0.0958 -0.9139 0.3945
vn 0.0767 0.0903 0.9930
vn -0.0647 -0.7852 0.6159
vn 0.0043 -0.4132 0.9106
vn -0.0827 -0.9170 0.3903
vn 0.0628 0.0934 0.9936
vn -0.0563 -0.7860 0.6157
vn 0.0019 -0.4094 0.9123
vn -0.0684 -0.9196 0.3868
vn 0.0497 0.0958 0.9942
vn -0.0470 -0.7867 0.6155
vn 0.0003 -0.4064 0.9137
vn -0.0529 -0.9218 0.3839
vn 0.0372 0.0977 0.9945
vn -0.0366 -0.7874 0.6153
vn -0.0005 -0.4041 0.9147
vn -0.0363 -0.9235 0.3818
vn 0.0253 0.0989 0.9948
vn -0.0251 -0.7880 0.6151
vn -0.0004 -0.4025 0.9154
vn -0.0185 -0.9246 0.3804
vn 0.0140 0.0997 0.9949
vn -0.0125 -0.7885 0.6149
vn 0.0006 -0.4016 0.9158
vn 0.0555 0.9791 -0.1958
vn -0.0511 0.4506 0.8913
vn 0.0331 0.9766 0.2126
vn -0.0090 0.7453 0.6667
vn 0.0492 0.9814 -0.1855
vn -0.0473 0.4381 0.8977
vn 0.0218 0.9773 0.2109
vn -0.0177 0.7430 0.6691
vn 0.0386 0.9829 -0.1801
vn -0.0422 0.4322 0.9008
vn 0.0151 0.9769 0.2133
vn -0.0187 0.7407 0.6716
vn 0.0267 0.9837 -0.1778
vn -0.0366 0.4287 0.9027
vn 0.0074 0.9766 0.2151
vn -0.0192 0.7390 0.6734
vn 0.0126 0.9841 -0.1770
vn -0.0300 0.4267 0.9039
vn -0.0015 0.9764 0.2159
vn -0.0195 0.7380 0.6745
vn -0.0042 0.9842 -0.1770
vn -0.0221 0.4258 0.9046
vn -0.0123 0.9763 0.2159
vn -0.0197 0.7377 0.6748
vn -0.0237 0.9839 -0.1770
vn -0.0132 0.4256 0.9048
vn -0.0247 0.9762 0.2154
vn -0.0202 0.7380 0.6745
vn -0.8118 0.5013 0.2993
vn -0.0868 0.4259 0.9006
vn -0.7542 0.5092 0.4145
vn -0.5400 0.5048 0.6735
vn -0.8366 0.4141 0.3587
vn -0.0256 0.3769 0.9259
vn -0.7443 0.4338 0.5077
vn -0.4657 0.4395 0.7681
vn -0.8627 0.3060 0.4027
vn 0.0039 0.3482 0.9374
vn -0.7359 0.3634 0.5713
vn -0.4244 0.3862 0.8190
vn -0.9332 0.1844 0.3085
vn 0.0190 0.3304 0.9437
vn -0.7520 0.2892 0.5923
vn -0.4012 0.3462 0.8480
vn -0.9511 0.1224 0.2836
vn 0.0272 0.3186 0.9475
vn -0.7810 0.2333 0.5793
vn -0.3880 0.3169 0.8655
vn -0.9465 0.0989 0.3073
vn 0.0315 0.3109 0.9499
vn -0.8048 0.1741 0.5674
vn -0.4258 0.2788 0.8608
vn -0.9380 0.1061 0.3299
vn 0.0134 0.3035 0.9527
vn -0.7961 0.1791 0.5781
vn -0.4569 0.2668 0.8486
vn 0.9949 0.0110 0.1006
vn 0.0789 0.3123 0.9467
vn 0.9402 0.1005 0.3254
vn 0.6524 0.2463 0.7167
vn 0.9866 0.0429 0.1573
vn 0.1078 0.3072 0.9455
vn 0.9277 0.1057 0.3580
vn 0.6621 0.2247 0.7149
vn 0.9930 0.0406 0.1110
vn 0.0646 0.2941 0.9536
vn 0.9487 0.0959 0.3013
vn 0.6400 0.2217 0.7357
vn 0.9946 0.0267 0.1008
vn 0.0784 0.3073 0.9484
vn 0.9383 0.1034 0.3299
vn 0.6427 0.2417 0.7270
vn 0.9944 0.0246 0.1026
vn 0.0913 0.3056 0.9478
vn 0.9262 0.1097 0.3606
vn 0.6333 0.2367 0.7369
vn 0.9887 0.0326 0.1465
vn 0.0692 0.2997 0.9515
vn 0.9213 0.1062 0.3742
vn 0.6051 0.2298 0.7622
vn 0.9905 0.0352 0.1329
vn 0.0256 0.2972 0.9545
vn 0.9300 0.1053 0.3523
vn 0.5703 0.2382 0.7861
vn -0.0681 0.9823 -0.1747
vn 0.0073 0.4265 0.9044
vn -0.0531 0.9753 0.2146
vn -0.0210 0.7394 0.6729
vn -0.0883 0.9810 -0.1727
vn 0.0166 0.4276 0.9038
vn -0.0661 0.9746 0.2142
vn -0.0215 0.7406 0.6716
vn -0.1059 0.9796 -0.1711
vn 0.0247 0.4295 0.9027
vn -0.0775 0.9740 0.2129
vn -0.0221 0.7426 0.6694
vn -0.1210 0.9779 -0.1704
vn 0.0316 0.4324 0.9011
vn -0.0874 0.9737 0.2103
vn -0.0229 0.7454 0.6662
vn -0.1340 0.9760 -0.1716
vn 0.0373 0.4371 0.8987
vn -0.0962 0.9738 0.2061
vn -0.0241 0.7494 0.6617
vn -0.1460 0.9735 -0.1760
vn 0.0423 0.4445 0.8948
vn -0.1044 0.9743 0.1994
vn -0.0257 0.7547 0.6556
vn -0.1500 0.9708 -0.1874
vn 0.0484 0.4572 0.8881
vn -0.1076 0.9758 0.1906
vn -0.0263 0.7614 0.6477
vn -0.4795 -0.7236 0.4965
vn 0.0007 -0.0473 0.9989
vn -0.4322 -0.6790 0.5935
vn -0.2840 -0.5027 0.8165
vn -0.3846 -0.7876 0.4814
vn 0.0709 0.0034 0.9975
vn -0.3295 -0.7159 0.6156
vn -0.1745 -0.4723 0.8640
vn -0.3027 -0.8333 0.4626
vn 0.1060 0.0304 0.9939
vn -0.2465 -0.7432 0.6221
vn -0.0999 -0.4582 0.8832
vn -0.2405 -0.8623 0.4457
vn 0.1224 0.0473 0.9914
vn -0.1856 -0.7605 0.6222
vn -0.0506 -0.4492 0.8920
vn -0.1939 -0.8810 0.4317
vn 0.1281 0.0594 0.9900
vn -0.1416 -0.7713 0.6205
vn -0.0185 -0.4417 0.8969
vn -0.1597 -0.8931 0.4205
vn 0.1263 0.0686 0.9896
vn -0.1108 -0.7778 0.6187
vn 0.0007 -0.4351 0.9004
vn -0.1357 -0.9011 0.4117
vn 0.1186 0.0759 0.9900
vn -0.0908 -0.7815 0.6172
vn 0.0096 -0.4289 0.9033
vn 0.0194 -0.9248 0.3799
vn -0.0078 0.0994 0.9950
vn 0.0149 -0.7887 0.6146
vn 0.0042 -0.4018 0.9157
vn 0.0376 -0.9239 0.3809
vn -0.0194 0.0985 0.9949
vn 0.0278 -0.7884 0.6145
vn 0.0052 -0.4028 0.9153
vn 0.0546 -0.9223 0.3827
vn -0.0315 0.0970 0.9948
vn 0.0396 -0.7879 0.6145
vn 0.0053 -0.4045 0.9145
vn 0.0705 -0.9201 0.3853
vn -0.0444 0.0950 0.9945
vn 0.0503 -0.7873 0.6145
vn 0.0045 -0.4070 0.9134
vn 0.0852 -0.9174 0.3887
vn -0.0578 0.0924 0.9940
vn 0.0599 -0.7865 0.6147
vn 0.0029 -0.4100 0.9121
vn 0.0986 -0.9143 0.3928
vn -0.0719 0.0893 0.9934
vn 0.0684 -0.7857 0.6149
vn 0.0005 -0.4138 0.9104
vn 0.1107 -0.9108 0.3978
vn -0.0865 0.0856 0.9926
vn 0.0757 -0.7847 0.6152
vn -0.0027 -0.4182 0.9084
vn 0.6881 0.7249 -0.0321
vn 0.0807 0.5249 0.8473
vn 0.6176 0.7735 0.1421
vn 0.4228 0.7509 0.5074
vn 0.5973 0.8014 0.0330
vn -0.0091 0.4821 0.8761
vn 0.5046 0.8356 0.2169
vn 0.2817 0.7622 0.5829
vn 0.5586 0.8253 0.0823
vn -0.0728 0.4560 0.8870
vn 0.4534 0.8400 0.2980
vn 0.2072 0.7341 0.6466
vn 0.5241 0.8494 0.0624
vn -0.0981 0.4601 0.8824
vn 0.4122 0.8572 0.3088
vn 0.1686 0.7304 0.6619
vn 0.4868 0.8728 0.0353
vn -0.1118 0.4560 0.8829
vn 0.3690 0.8764 0.3095
vn 0.1292 0.7296 0.6715
vn 0.4590 0.8884 0.0065
vn -0.1161 0.4562 0.8823
vn 0.3374 0.8897 0.3076
vn 0.1021 0.7281 0.6778
vn 0.4347 0.9001 -0.0301
vn -0.1083 0.4633 0.8796
vn 0.3037 0.9053 0.2970
vn 0.0820 0.7317 0.6766
vn -0.9462 0.0921 0.3102
vn 0.0345 0.3043 0.9519
vn -0.8110 0.1833 0.5556
vn -0.4292 0.2750 0.8603
vn -0.9573 0.0944 0.2731
vn -0.8010 0.1836 0.5699
vn -0.4126 0.2731 0.8690
vn -0.9549 0.0866 0.2839
vn 0.0345 0.3042 0.9520
vn -0.7935 0.1814 0.5809
vn -0.4139 0.2763 0.8673
vn -0.9553 0.0778 0.2851
vn 0.0345 0.3041 0.9520
vn -0.7987 0.1658 0.5784
vn -0.4096 0.2694 0.8716
vn -0.9384 0.0842 0.3351
vn -0.8139 0.1621 0.5579
vn -0.4355 0.2731 0.8578
vn -0.9370 0.1029 0.3337
vn 0.0345 0.3039 0.9521
vn -0.8209 0.1733 0.5441
vn -0.4378 0.2754 0.8559
vn -0.9380 0.1018 0.3314
vn 0.0342 0.3035 0.9522
vn -0.8292 0.1688 0.5328
vn -0.4391 0.2735 0.8558
vn 0.7783 -0.5137 0.3611
vn 0.0820 0.1080 0.9908
vn 0.7284 -0.4197 0.5416
vn 0.5145 -0.1937 0.8353
vn 0.8199 -0.3928 0.4166
vn 0.0292 0.1922 0.9809
vn 0.7549 -0.2769 0.5945
vn 0.4665 -0.0378 0.8837
vn 0.9083 -0.1795 0.3779
vn 0.0034 0.2392 0.9710
vn 0.7567 -0.1034 0.6455
vn 0.4199 0.0769 0.9043
vn 0.9837 0.0176 0.1789
vn -0.0098 0.2671 0.9636
vn 0.8686 0.0462 0.4934
vn 0.4548 0.1641 0.8754
vn 0.9963 -0.0037 0.0862
vn 0.0066 0.2869 0.9579
vn 0.9262 0.0662 0.3713
vn 0.5315 0.2055 0.8217
vn 0.9977 0.0034 0.0672
vn 0.0375 0.2983 0.9537
vn 0.9502 0.0691 0.3040
vn 0.5908 0.2173 0.7770
vn 0.9968 -0.0025 0.0804
vn 0.0418 0.3001 0.9530
vn 0.9585 0.0653 0.2776
vn 0.6201 0.2215 0.7526
vn -0.6483 -0.5239 -0.5525
vn -0.6380 -0.6161 0.4620
vn -0.7626 -0.6462 0.0295
vn -0.6927 -0.6491 0.3144
vn 0.5607 -0.5264 -0.6392
vn 0.6531 -0.6957 0.2991
vn 0.7040 -0.6954 -0.1440
vn 0.6767 -0.7176 0.1645
vn -0.6205 0.0368 -0.7834
vn -0.7687 0.6167 0.1695
vn -0.8412 0.5065 -0.1891
vn -0.7970 0.5980 0.0846
vn 0.6052 -0.0567 -0.7941
vn 0.8432 0.5346 -0.0568
vn 0.8667 0.3556 -0.3499
vn 0.8615 0.4880 -0.1405
vn -0.0031 -0.4948 -0.8690
vn -0.0001 -0.9742 0.2257
vn -0.0022 -0.8565 -0.5162
vn -0.0009 -0.9989 -0.0462
vn -0.0088 -0.1774 -0.9841
vn -0.0463 0.9029 -0.4274
vn -0.0249 0.2100 -0.9774
vn -0.0409 0.6690 -0.7422
vn -0.6399 -0.2275 -0.7340
vn -0.9970 0.0071 0.0768
vn -0.8408 -0.1561 -0.5184
vn -0.9796 -0.0644 -0.1904
vn 0.9976 -0.0262 -0.0638
vn 0.4365 -0.2667 -0.8593
vn 0.9453 -0.1085 -0.3077
vn 0.6917 -0.2193 -0.6881
vn -0.2806 0.8721 -0.4009
vn -0.1692 -0.2237 -0.9599
vn -0.2912 0.6412 -0.7100
vn -0.2488 0.1765 -0.9523
vn -0.1398 -0.9534 0.2672
vn -0.1640 -0.5070 -0.8462
vn -0.1659 -0.9860 0.0179
vn -0.1880 -0.8702 -0.4553
vn 0.1415 -0.9537 0.2655
vn 0.1599 -0.5061 -0.8475
vn 0.1663 -0.9860 0.0157
vn 0.1859 -0.8695 -0.4576
vn 0.1222 0.8785 -0.4619
vn 0.4431 0.8300 -0.3386
vn 0.1628 -0.2039 -0.9654
vn 0.2189 0.8841 -0.4129
vn 0.1273 0.6230 -0.7718
vn 0.2203 0.7149 -0.6636
vn 0.4711 0.5891 -0.6565
vn 0.3376 0.8700 -0.3594
vn 0.3772 0.6988 -0.6078
vn 0.1374 0.1043 -0.9850
vn 0.3364 0.1222 -0.9338
vn 0.2696 0.3531 -0.8959
vn -0.9966 0.0135 0.0819
vn -0.5997 -0.2615 -0.7563
vn -0.9686 -0.0889 -0.2322
vn -0.8495 -0.1690 -0.4998
vn 0.9861 -0.0869 -0.1416
vn 0.5113 -0.2855 -0.8106
vn 0.8843 -0.1842 -0.4291
vn 0.7093 -0.2481 -0.6598
vn -0.5990 -0.2540 -0.7594
vn -0.9967 0.0042 0.0816
vn -0.8082 -0.1925 -0.5566
vn -0.9613 -0.0922 -0.2598
vn -0.5858 -0.2446 -0.7727
vn -0.9917 0.0258 0.1261
vn -0.7849 -0.1931 -0.5888
vn -0.9689 -0.0801 -0.2343
vn -0.6028 -0.2248 -0.7656
vn -0.9944 -0.0004 0.1057
vn -0.8008 -0.1723 -0.5737
vn -0.9640 -0.0954 -0.2482
vn -0.5676 -0.2571 -0.7821
vn -0.9832 0.0277 0.1806
vn -0.7736 -0.1843 -0.6063
vn -0.9702 -0.0672 -0.2329
vn -0.5272 -0.2783 -0.8029
vn -0.9372 -0.0593 0.3438
vn -0.7009 -0.2575 -0.6652
vn -0.9563 -0.1830 -0.2281
vn -0.5363 -0.2703 -0.7996
vn -0.8634 -0.2881 0.4141
vn -0.7200 -0.3322 -0.6093
vn -0.9277 -0.3608 -0.0958
vn -0.5647 -0.3813 -0.7320
vn -0.7687 -0.4439 0.4605
vn -0.8413 -0.4381 -0.3167
vn -0.8544 -0.4862 0.1833
vn 0.1817 -0.5103 -0.8406
vn 0.1589 -0.9477 0.2769
vn 0.2103 -0.8732 -0.4397
vn 0.1867 -0.9818 0.0333
vn 0.2032 -0.5156 -0.8324
vn 0.1838 -0.9388 0.2912
vn 0.2384 -0.8769 -0.4174
vn 0.2135 -0.9754 0.0552
vn 0.2256 -0.5226 -0.8222
vn 0.2180 -0.9256 0.3093
vn 0.2719 -0.8805 -0.3884
vn 0.2481 -0.9652 0.0830
vn 0.2507 -0.5326 -0.8084
vn 0.2623 -0.9061 0.3319
vn 0.3130 -0.8834 -0.3488
vn 0.2921 -0.9490 0.1188
vn 0.2730 -0.5468 -0.7915
vn 0.3010 -0.8877 0.3485
vn 0.3525 -0.8863 -0.3004
vn 0.3321 -0.9306 0.1542
vn 0.3048 -0.5666 -0.7655
vn 0.3692 -0.8687 0.3303
vn 0.4069 -0.8775 -0.2538
vn 0.3989 -0.9025 0.1624
vn 0.4124 -0.5936 -0.6911
vn 0.4789 -0.8214 0.3099
vn 0.5014 -0.8526 -0.1472
vn 0.4927 -0.8472 0.1987
vn 0.4447 -0.2670 -0.8550
vn 0.9988 -0.0153 -0.0463
vn 0.6657 -0.2092 -0.7163
vn 0.9354 -0.0995 -0.3394
vn 0.4730 -0.2842 -0.8340
vn 0.9961 -0.0128 -0.0877
vn 0.6736 -0.2296 -0.7026
vn 0.9033 -0.1120 -0.4142
vn 0.4430 -0.2766 -0.8528
vn 0.9983 -0.0154 -0.0566
vn 0.6793 -0.2370 -0.6946
vn 0.9369 -0.1263 -0.3259
vn 0.4585 -0.2746 -0.8452
vn 0.9993 0.0288 -0.0257
vn 0.6511 -0.2019 -0.7316
vn 0.9007 -0.0779 -0.4274
vn 0.4125 -0.2790 -0.8672
vn 0.9691 0.1516 -0.1946
vn 0.7041 -0.1734 -0.6886
vn 0.9166 0.0245 -0.3992
vn 0.4011 -0.2280 -0.8872
vn 0.9521 0.3058 -0.0104
vn 0.7384 -0.0745 -0.6703
vn 0.9638 0.1801 -0.1968
vn 0.5200 -0.1998 -0.8305
vn 0.9206 0.3899 -0.0205
vn 0.8296 0.0808 -0.5524
vn 0.9272 0.3123 -0.2067
vn -0.2410 -0.1936 -0.9510
vn -0.4065 0.8682 -0.2847
vn -0.3676 0.2332 -0.9003
vn -0.4275 0.6811 -0.5945
vn -0.2729 -0.1656 -0.9477
vn -0.4315 0.8736 -0.2251
vn -0.4134 0.2794 -0.8666
vn -0.4644 0.7113 -0.5276
vn -0.2955 -0.1446 -0.9443
vn -0.4646 0.8678 -0.1765
vn -0.4545 0.3153 -0.8331
vn -0.5028 0.7274 -0.4669
vn -0.3193 -0.1247 -0.9394
vn -0.5065 0.8527 -0.1278
vn -0.5007 0.3496 -0.7919
vn -0.5465 0.7352 -0.4010
vn -0.3507 -0.1014 -0.9310
vn -0.5598 0.8256 -0.0713
vn -0.5594 0.3870 -0.7330
vn -0.5994 0.7342 -0.3188
vn -0.4006 -0.0665 -0.9138
vn -0.6235 0.7818 -0.0021
vn -0.6354 0.4346 -0.6383
vn -0.6601 0.7213 -0.2097
vn -0.4892 -0.0011 -0.8722
vn -0.6869 0.7228 0.0757
vn -0.7226 0.5049 -0.4722
vn -0.7155 0.6950 -0.0706
vn -0.1420 -0.5044 -0.8517
vn -0.1254 -0.9580 0.2580
vn -0.1650 -0.8673 -0.4696
vn -0.1478 -0.9890 0.0035
vn -0.1207 -0.5021 -0.8563
vn -0.1108 -0.9619 0.2500
vn -0.1423 -0.8647 -0.4817
vn -0.1296 -0.9915 -0.0090
vn -0.1001 -0.5001 -0.8602
vn -0.0952 -0.9653 0.2430
vn -0.1196 -0.8624 -0.4920
vn -0.1105 -0.9937 -0.0198
vn -0.0800 -0.4983 -0.8633
vn -0.0785 -0.9683 0.2371
vn -0.0968 -0.8604 -0.5004
vn -0.0905 -0.9955 -0.0289
vn -0.0604 -0.4969 -0.8657
vn -0.0606 -0.9707 0.2323
vn -0.0737 -0.8588 -0.5071
vn -0.0696 -0.9969 -0.0361
vn -0.0411 -0.4958 -0.8674
vn -0.0416 -0.9726 0.2288
vn -0.0503 -0.8576 -0.5119
vn -0.0477 -0.9980 -0.0415
vn -0.0220 -0.4951 -0.8685
vn -0.0214 -0.9738 0.2266
vn -0.0265 -0.8568 -0.5150
vn -0.0248 -0.9987 -0.0449
vn 0.0800 -0.2120 -0.9740
vn 0.0717 0.8878 -0.4547
vn 0.0999 0.1606 -0.9819
vn 0.0967 0.6300 -0.7706
vn 0.0645 -0.1972 -0.9782
vn 0.0644 0.8958 -0.4398
vn 0.0787 0.1850 -0.9796
vn 0.0792 0.6515 -0.7545
vn 0.0549 -0.1883 -0.9806
vn 0.0515 0.8998 -0.4333
vn 0.0655 0.1964 -0.9783
vn 0.0643 0.6602 -0.7483
vn 0.0454 -0.1834 -0.9820
vn 0.0375 0.9019 -0.4304
vn 0.0520 0.2022 -0.9780
vn 0.0489 0.6644 -0.7457
vn 0.0346 -0.1806 -0.9830
vn 0.0211 0.9029 -0.4294
vn 0.0367 0.2054 -0.9780
vn 0.0311 0.6665 -0.7448
vn 0.0219 -0.1790 -0.9836
vn 0.0017 0.9032 -0.4292
vn 0.0188 0.2073 -0.9781
vn 0.0102 0.6676 -0.7445
vn 0.0075 -0.1781 -0.9840
vn -0.0209 0.9031 -0.4288
vn -0.0017 0.2085 -0.9780
vn -0.0138 0.6682 -0.7439
vn -0.5619 -0.1327 -0.8165
vn -0.8411 0.4869 0.2355
vn -0.9304 0.1605 -0.3295
vn -0.9027 0.4176 0.1035
vn -0.4711 -0.2617 -0.8424
vn -0.8895 0.3745 0.2617
vn -0.8162 -0.0576 -0.5749
vn -0.9735 0.2242 -0.0447
vn -0.4907 -0.2647 -0.8302
vn -0.9481 0.2300 0.2195
vn -0.7919 -0.1513 -0.5916
vn -0.9852 0.0639 -0.1592
vn -0.5393 -0.2657 -0.7991
vn -0.9892 0.0932 0.1135
vn -0.7983 -0.1748 -0.5764
vn -0.9868 -0.0180 -0.1609
vn -0.5353 -0.2603 -0.8036
vn -0.9982 0.0361 0.0470
vn -0.8201 -0.1670 -0.5473
vn -0.9881 -0.0344 -0.1502
vn -0.5388 -0.2553 -0.8028
vn -0.9974 0.0189 0.0690
vn -0.8510 -0.1764 -0.4946
vn -0.9940 -0.0495 -0.0974
vn -0.6098 -0.2523 -0.7513
vn -0.9991 0.0195 0.0381
vn -0.8502 -0.1798 -0.4948
vn -0.9749 -0.0650 -0.2131
vn 0.5004 -0.2877 -0.8166
vn 0.9924 -0.0678 -0.1026
vn 0.7202 -0.2433 -0.6497
vn 0.9047 -0.1651 -0.3928
vn 0.4926 -0.2659 -0.8287
vn 0.9948 -0.0379 -0.0942
vn 0.7020 -0.2287 -0.6745
vn 0.8988 -0.1456 -0.4135
vn 0.4760 -0.2625 -0.8394
vn 0.9936 -0.0231 -0.1110
vn 0.7171 -0.2144 -0.6632
vn 0.9302 -0.1023 -0.3525
vn 0.4578 -0.2762 -0.8451
vn 0.9952 -0.0339 -0.0914
vn 0.7108 -0.2175 -0.6689
vn 0.9256 -0.1217 -0.3583
vn 0.4727 -0.2670 -0.8398
vn 0.9946 -0.0463 -0.0927
vn 0.7102 -0.2311 -0.6650
vn 0.9314 -0.1350 -0.3381
vn 0.4355 -0.2827 -0.8546
vn 0.9976 -0.0344 -0.0593
vn 0.6999 -0.2356 -0.6742
vn 0.9479 -0.1118 -0.2983
vn 0.4458 -0.2731 -0.8524
vn 0.9975 -0.0243 -0.0668
vn 0.7125 -0.2144 -0.6682
vn 0.9483 -0.0969 -0.3023
vn -0.0253 -0.1769 -0.9839
vn -0.0720 0.9026 -0.4245
vn -0.0485 0.2118 -0.9761
vn -0.0684 0.6703 -0.7390
vn -0.0404 -0.1765 -0.9835
vn -0.0954 0.9022 -0.4205
vn -0.0701 0.2140 -0.9743
vn -0.0935 0.6720 -0.7347
vn -0.0538 -0.1767 -0.9828
vn -0.1158 0.9017 -0.4166
vn -0.0893 0.2159 -0.9723
vn -0.1156 0.6735 -0.7301
vn -0.0654 -0.1781 -0.9818
vn -0.1332 0.9007 -0.4136
vn -0.1059 0.2169 -0.9704
vn -0.1347 0.6743 -0.7261
vn -0.0756 -0.1813 -0.9805
vn -0.1482 0.8988 -0.4125
vn -0.1206 0.2157 -0.9690
vn -0.1513 0.6735 -0.7235
vn -0.0853 -0.1883 -0.9784
vn -0.1620 0.8953 -0.4150
vn -0.1344 0.2099 -0.9684
vn -0.1669 0.6691 -0.7242
vn -0.0958 -0.2049 -0.9741
vn -0.1673 0.8890 -0.4262
vn -0.1428 0.1914 -0.9711
vn -0.1738 0.6573 -0.7333
vn -0.4791 -0.5891 -0.6507
vn -0.4969 -0.7494 0.4376
vn -0.5515 -0.8326 -0.0519
vn -0.5175 -0.7936 0.3199
vn -0.3370 -0.5621 -0.7553
vn -0.4071 -0.8226 0.3970
vn -0.4447 -0.8720 -0.2047
vn -0.4305 -0.8720 0.2330
vn -0.2905 -0.5402 -0.7898
vn -0.3273 -0.8733 0.3607
vn -0.3745 -0.8792 -0.2945
vn -0.3560 -0.9195 0.1664
vn -0.2581 -0.5277 -0.8093
vn -0.2657 -0.9051 0.3320
vn -0.3200 -0.8802 -0.3505
vn -0.2969 -0.9475 0.1185
vn -0.2319 -0.5198 -0.8222
vn -0.2187 -0.9254 0.3096
vn -0.2771 -0.8787 -0.3888
vn -0.2507 -0.9645 0.0830
vn -0.2086 -0.5144 -0.8318
vn -0.1835 -0.9386 0.2920
vn -0.2423 -0.8762 -0.4165
vn -0.2148 -0.9751 0.0560
vn -0.1863 -0.5104 -0.8395
vn -0.1578 -0.9475 0.2783
vn -0.2132 -0.8734 -0.4380
vn -0.1871 -0.9817 0.0349
vn 0.0160 -0.4948 -0.8689
vn 0.0213 -0.9739 0.2260
vn 0.0222 -0.8565 -0.5156
vn 0.0231 -0.9987 -0.0456
vn 0.0354 -0.4952 -0.8681
vn 0.0419 -0.9728 0.2277
vn 0.0464 -0.8570 -0.5131
vn 0.0464 -0.9980 -0.0429
vn 0.0552 -0.4960 -0.8666
vn 0.0615 -0.9711 0.2308
vn 0.0704 -0.8580 -0.5088
vn 0.0689 -0.9969 -0.0380
vn 0.0753 -0.4971 -0.8644
vn 0.0799 -0.9687 0.2352
vn 0.0941 -0.8594 -0.5026
vn 0.0905 -0.9954 -0.0312
vn 0.0959 -0.4987 -0.8615
vn 0.0971 -0.9657 0.2409
vn 0.1175 -0.8612 -0.4944
vn 0.1110 -0.9936 -0.0224
vn 0.1168 -0.5006 -0.8578
vn 0.1130 -0.9622 0.2479
vn 0.1406 -0.8635 -0.4843
vn 0.1304 -0.9914 -0.0116
vn 0.1382 -0.5030 -0.8532
vn 0.1275 -0.9582 0.2560
vn 0.1633 -0.8663 -0.4721
vn 0.1486 -0.9889 0.0010
vn 0.4697 -0.0247 -0.8825
vn 0.7189 0.6852 -0.1169
vn 0.7083 0.4278 -0.5615
vn 0.7413 0.6249 -0.2449
vn 0.3867 -0.0745 -0.9192
vn 0.6367 0.7678 -0.0714
vn 0.6346 0.3998 -0.6614
vn 0.6761 0.6861 -0.2686
vn 0.3497 -0.1156 -0.9297
vn 0.6020 0.7966 -0.0549
vn 0.5869 0.3560 -0.7272
vn 0.6430 0.7017 -0.3068
vn 0.3227 -0.1397 -0.9361
vn 0.5713 0.8148 -0.0987
vn 0.5372 0.3157 -0.7821
vn 0.6079 0.6980 -0.3786
vn 0.2974 -0.1610 -0.9411
vn 0.5364 0.8310 -0.1475
vn 0.4900 0.2777 -0.8263
vn 0.5691 0.6887 -0.4492
vn 0.2727 -0.1832 -0.9445
vn 0.5083 0.8380 -0.1984
vn 0.4459 0.2374 -0.8630
vn 0.5329 0.6699 -0.5169
vn 0.2379 -0.2111 -0.9481
vn 0.4839 0.8325 -0.2697
vn 0.3884 0.1915 -0.9014
vn 0.4818 0.6366 -0.6021
vn -0.5917 -0.2478 -0.7671
vn -0.9968 0.0056 0.0800
vn -0.8783 -0.1439 -0.4560
vn -0.9907 -0.0593 -0.1227
vn -0.5574 -0.2647 -0.7869
vn -0.9983 0.0142 0.0567
vn -0.8865 -0.1439 -0.4398
vn -0.9961 -0.0300 -0.0829
vn -0.5856 -0.2533 -0.7700
vn -0.9996 0.0090 0.0263
vn -0.8634 -0.1781 -0.4720
vn -0.9918 -0.0484 -0.1181
vn -0.5859 -0.2426 -0.7732
vn -0.9992 0.0142 0.0368
vn -0.8631 -0.1428 -0.4843
vn -0.9837 -0.0493 -0.1729
vn -0.5635 -0.2571 -0.7851
vn -0.9928 0.0278 0.1168
vn -0.8584 -0.1497 -0.4907
vn -0.9940 -0.0238 -0.1072
vn -0.5829 -0.2586 -0.7703
vn -0.9936 0.0333 0.1082
vn -0.8294 -0.1960 -0.5231
vn -0.9895 -0.0515 -0.1350
vn -0.6158 -0.2362 -0.7517
vn -0.9918 0.0369 0.1226
vn -0.8236 -0.1929 -0.5334
vn -0.9753 -0.0852 -0.2040
vn 0.4523 -0.3885 -0.8028
vn 0.7890 -0.5531 0.2675
vn 0.7230 -0.5378 -0.4336
vn 0.8108 -0.5824 0.0585
vn 0.3798 -0.3276 -0.8651
vn 0.8681 -0.4231 0.2596
vn 0.6615 -0.3995 -0.6346
vn 0.8969 -0.4184 -0.1432
vn 0.4212 -0.2743 -0.8645
vn 0.9643 -0.2648 0.0055
vn 0.6542 -0.2601 -0.7101
vn 0.8481 -0.2858 -0.4460
vn 0.4732 -0.2750 -0.8370
vn 0.9833 -0.0778 -0.1645
vn 0.6884 -0.2332 -0.6868
vn 0.8291 -0.1949 -0.5240
vn 0.4933 -0.2801 -0.8235
vn 0.9852 -0.0602 -0.1604
vn 0.7052 -0.2360 -0.6686
vn 0.8681 -0.1599 -0.4699
vn 0.5260 -0.2595 -0.8099
vn 0.9847 -0.0741 -0.1578
vn 0.7230 -0.2177 -0.6556
vn 0.8761 -0.1703 -0.4509
vn 0.5095 -0.2655 -0.8185
vn 0.9875 -0.0666 -0.1427
vn 0.6959 -0.2362 -0.6782
vn 0.8945 -0.1504 -0.4209
vn -0.3451 -0.8848 0.3130
vn -0.5477 -0.0387 0.8358
vn -0.3513 -0.8503 -0.3919
vn -0.9870 -0.1607 -0.0000
vn 0.4840 -0.7885 0.3795
vn 0.4807 -0.7498 -0.4547
vn 0.9870 0.1607 -0.0000
vn -0.5261 -0.6769 -0.5149
vn 0.7237 -0.4783 -0.4975
vn 0.5562 0.1400 0.8192
vn -0.2677 -0.9535 -0.1387
vn 0.5630 -0.8189 -0.1112
vn -0.5719 -0.0436 0.8191
vn 0.6184 -0.0640 -0.7833
vn 0.5560 0.1412 0.8191
vn -0.5722 -0.0434 0.8189
vn -0.4670 -0.8842 -0.0089
vn 0.7291 -0.6844 -0.0087
vn -0.2554 -0.9541 0.1562
vn 0.5495 -0.8261 0.1248
vn -0.9869 -0.1614 0.0001
vn 0.9868 0.1618 -0.0001
vn 0.0754 -0.7594 -0.6463
vn 0.0782 -0.7889 0.6095
vn -0.0096 0.0587 0.9982
vn 0.1216 -0.7469 -0.6538
vn 0.1498 -0.9704 -0.1894
vn 0.0315 -0.1937 -0.9806
vn 0.1607 -0.9869 -0.0111
vn 0.1479 -0.9661 0.2114
vn 0.0227 -0.8050 -0.5928
vn 0.0248 -0.9786 -0.2044
vn -0.0097 0.0595 0.9982
vn 0.0248 -0.9733 0.2280
vn 0.0239 -0.8460 0.5326
vn -0.5670 -0.2456 -0.7863
vn 0.5895 0.1440 0.7948
vn 0.7410 -0.6291 -0.2348
vn -0.4924 -0.8356 -0.2436
vn 0.1529 -0.9395 -0.3066
vn 0.1530 -0.9395 -0.3066
vn -0.5719 -0.0437 0.8192
vn -0.5508 -0.4461 -0.7055
vn 0.6707 -0.2616 -0.6941
vn 0.0733 -0.4504 -0.8898
vn 0.5549 0.1265 -0.8223
vn -0.5660 -0.0578 -0.8224
vn -0.0071 0.0437 -0.9990
vn -0.0068 0.0417 -0.9991
vn -0.5730 -0.0558 -0.8177
vn 0.5613 0.1274 -0.8177
vn -0.4388 -0.8945 0.0853
vn 0.3956 0.8536 -0.3390
vn 0.6999 -0.7091 0.0853
vn -0.6332 0.6882 -0.3542
vn -0.1468 0.9019 -0.4062
vn 0.1598 -0.9816 0.1044
vn -0.4393 -0.8940 0.0878
vn 0.5283 0.7991 -0.2871
vn -0.1493 0.9168 -0.3704
vn 0.1597 -0.9813 0.1075
vn -0.1492 0.9168 -0.3704
vn -0.7681 0.5801 -0.2710
vn 0.7003 -0.7084 0.0877
vn 0.1598 -0.9813 0.1075
vn -0.4729 -0.8629 0.1780
vn 0.5309 0.8074 0.2575
vn -0.1515 0.9306 0.3333
vn 0.1567 -0.9624 0.2217
vn -0.7738 0.5853 0.2421
vn 0.7288 -0.6621 0.1747
vn 0.1563 -0.9623 0.2224
vn -0.5305 -0.5172 0.6716
vn 0.6142 0.2578 0.7458
vn -0.0360 0.2212 0.9746
vn 0.0871 -0.5352 0.8402
vn -0.6726 0.0780 0.7359
vn 0.6732 -0.3312 0.6612
vn -0.5652 -0.1295 -0.8147
vn 0.5778 0.0529 -0.8145
vn 0.0077 -0.0470 -0.9989
vn 0.5223 0.1509 0.8393
vn -0.0107 0.0660 0.9978
vn -0.5398 -0.0398 0.8408
vn -0.5390 -0.2681 -0.7985
vn 0.5967 -0.0848 -0.7980
vn 0.0351 -0.2157 -0.9758
vn 0.5696 0.0968 -0.8162
vn -0.0011 0.0067 -1.0000
vn 0.5748 0.0418 0.8172
vn 0.0099 -0.0608 0.9981
vn -0.5586 -0.1414 0.8173
vn -0.5714 -0.0858 -0.8162
vn -0.5502 -0.2294 -0.8029
vn 0.0276 -0.1696 -0.9851
vn 0.5955 -0.0469 -0.8020
vn -0.5535 -0.1873 -0.8115
vn 0.0191 -0.1173 -0.9929
vn 0.5849 -0.0044 -0.8111
vn 0.5947 0.1508 0.7897
vn -0.0460 0.2826 0.9581
vn -0.5862 0.1080 0.8029
vn -0.5553 -0.1626 -0.8156
vn 0.0141 -0.0867 -0.9961
vn 0.5785 0.0206 -0.8154
vn 0.5216 0.2933 0.8012
vn -0.0649 0.6019 0.7959
vn -0.2287 0.6282 0.7437
vn -0.3184 -0.8964 0.3084
vn -0.3114 -0.8567 -0.4113
vn 0.0184 -0.6579 0.7529
vn 0.0220 -0.7912 -0.6112
vn 0.0794 -0.7490 -0.6578
vn 0.4502 -0.7685 -0.4547
vn 0.4583 -0.8088 0.3684
vn 0.0628 -0.6084 0.7912
vn -0.2117 -0.9604 -0.1813
vn 0.0249 -0.9665 -0.2553
vn 0.5030 -0.8534 -0.1364
vn 0.1445 -0.9608 -0.2364
vn 0.7299 -0.5313 0.4301
vn 0.1192 -0.8136 0.5690
vn 0.5375 0.5975 0.5950
vn -0.1606 0.9867 -0.0267
vn -0.7148 0.6990 -0.0214
vn 0.6983 -0.7107 0.0849
vn 0.1598 -0.9817 0.1038
vn -0.4372 -0.8953 0.0848
vn 0.4524 0.8915 -0.0217
vn 0.9299 0.0947 0.3555
vn 0.5138 -0.8561 0.0554
vn 0.1474 -0.9773 0.1524
vn -0.5562 -0.0342 0.8304
vn -0.9289 -0.2008 0.3113
vn -0.2172 -0.9709 0.1009
vn 0.0254 -0.9852 0.1695
vn -0.0058 0.0354 -0.9994
vn 0.5610 0.1214 -0.8189
vn -0.5709 -0.0631 -0.8186
vn -0.5814 -0.2843 0.7623
vn 0.0403 -0.2476 0.9680
vn 0.6470 -0.1031 0.7555
vn 0.9868 0.1620 0.0001
vn -0.9869 -0.1614 -0.0000
vn 0.9868 0.1620 -0.0000
vn -0.5300 -0.7222 0.4445
vn -0.1052 0.6463 0.7558
vn 0.1321 -0.8115 0.5692
vn -0.7087 0.4045 0.5780
vn 0.3678 -0.3243 -0.8715
vn -0.4383 -0.4609 -0.7717
vn -0.0855 -0.2094 0.9741
vn 0.8797 -0.3371 0.3353
vn -0.7074 -0.6312 0.3180
vn -0.7657 -0.6425 -0.0300
vn 0.9436 -0.3302 -0.0244
vn -0.0497 -0.1430 -0.9885
vn -0.4391 -0.5385 0.7192
vn 0.0186 -0.3952 -0.9184
vn 0.3629 -0.3863 0.8480
vn 0.0246 -0.4802 0.8768
vn -0.4488 -0.5816 -0.6785
vn -0.8336 -0.5520 0.0228
vn 0.9725 -0.2327 0.0107
vn -0.1016 -0.2824 0.9539
vn 0.0287 -0.4654 -0.8846
vn 0.3994 -0.3484 -0.8480
vn 0.3602 -0.4227 0.8316
vn 0.9660 -0.2580 -0.0162
vn -0.8179 -0.5747 -0.0276
vn -0.0849 -0.2517 -0.9641
vn 0.0324 -0.5523 0.8330
vn -0.4299 -0.6231 0.6534
vn 0.6998 -0.7093 0.0848
vn -0.8868 0.4519 -0.0970
vn -0.4387 -0.8946 0.0848
vn 0.7060 0.7018 -0.0955
vn -0.1585 0.9739 -0.1626
vn -0.1585 0.9739 -0.1627
vn -0.0304 0.1867 -0.9819
vn -0.4496 0.0834 -0.8893
vn 0.3818 0.2522 -0.8892
vn 0.7347 0.5856 -0.3423
vn -0.8784 0.3239 -0.3515
vn -0.8768 0.3818 -0.2921
vn 0.7344 0.6191 -0.2782
vn -0.0597 0.3670 -0.9283
vn -0.0597 0.3669 -0.9283
vn -0.5395 0.2198 -0.8128
vn 0.4434 0.4167 -0.7936
vn -0.1309 0.8041 -0.5798
vn -0.1309 0.8042 -0.5798
vn -0.6097 0.6142 -0.5011
vn 0.4188 0.7649 -0.4894
vn -0.6382 0.5245 -0.5635
vn -0.1195 0.7342 -0.6683
vn 0.4432 0.7045 -0.5543
vn -0.0004 0.0038 -1.0000
vn -0.5517 -0.1861 0.8130
vn 0.0004 -0.0043 -1.0000
vn 0.5697 -0.0056 0.8218
vn 0.0104 -0.1012 0.9948
vn 0.5617 0.0759 -0.8238
vn -0.5530 -0.1009 -0.8270
vn 0.0085 -0.0952 0.9954
vn 0.9657 0.0374 0.2570
vn -0.9070 -0.3091 0.2862
vn -0.9530 -0.3027 0.0152
vn 0.9986 0.0511 0.0147
vn -0.5272 -0.2152 0.8220
vn -0.5376 -0.2955 -0.7897
vn -0.9586 -0.2846 -0.0018
vn 0.9981 0.0622 -0.0014
vn 0.0073 -0.0866 0.9962
vn 0.0189 -0.1942 -0.9808
vn 0.5654 -0.1002 -0.8187
vn 0.5454 -0.0383 0.8373
vn 0.9980 0.0624 0.0008
vn -0.9591 -0.2831 0.0001
vn 0.0149 -0.1717 -0.9850
vn 0.0115 -0.1200 0.9927
vn 0.3452 -0.8848 0.3129
vn 0.5477 -0.0387 0.8358
vn 0.3513 -0.8503 -0.3919
vn 0.9870 -0.1607 -0.0000
vn -0.4840 -0.7885 0.3795
vn -0.4807 -0.7498 -0.4547
vn -0.9870 0.1607 -0.0000
vn 0.5261 -0.6769 -0.5149
vn -0.7237 -0.4783 -0.4975
vn -0.5562 0.1400 0.8192
vn 0.2678 -0.9535 -0.1387
vn -0.5630 -0.8189 -0.1112
vn 0.5719 -0.0436 0.8191
vn -0.6184 -0.0640 -0.7833
vn -0.5560 0.1412 0.8191
vn 0.5722 -0.0434 0.8189
vn 0.4670 -0.8842 -0.0089
vn -0.7291 -0.6844 -0.0087
vn 0.2554 -0.9541 0.1562
vn -0.5495 -0.8261 0.1248
vn 0.9869 -0.1614 0.0001
vn -0.9868 0.1618 -0.0001
vn -0.0754 -0.7594 -0.6463
vn -0.0782 -0.7889 0.6095
vn 0.0096 0.0587 0.9982
vn -0.1216 -0.7468 -0.6538
vn -0.1498 -0.9704 -0.1894
vn -0.0315 -0.1937 -0.9806
vn -0.1607 -0.9869 -0.0111
vn -0.1479 -0.9661 0.2114
vn -0.0227 -0.8050 -0.5928
vn -0.0247 -0.9786 -0.2044
vn 0.0097 0.0595 0.9982
vn -0.0248 -0.9733 0.2280
vn -0.0239 -0.8460 0.5326
vn -0.1216 -0.7469 -0.6538
vn 0.5669 -0.2456 -0.7863
vn -0.5896 0.1440 0.7948
vn -0.7410 -0.6291 -0.2348
vn 0.4924 -0.8356 -0.2436
vn -0.1529 -0.9395 -0.3066
vn 0.5719 -0.0437 0.8192
vn 0.5507 -0.4461 -0.7055
vn -0.6706 -0.2616 -0.6941
vn -0.0733 -0.4504 -0.8898
vn -0.5549 0.1265 -0.8223
vn 0.5660 -0.0578 -0.8224
vn 0.0071 0.0437 -0.9990
vn 0.0068 0.0417 -0.9991
vn 0.5730 -0.0558 -0.8177
vn -0.5613 0.1274 -0.8177
vn 0.4388 -0.8945 0.0853
vn -0.3956 0.8536 -0.3390
vn -0.6999 -0.7091 0.0853
vn 0.6332 0.6882 -0.3542
vn 0.1468 0.9019 -0.4062
vn -0.1598 -0.9816 0.1044
vn 0.4393 -0.8940 0.0878
vn -0.5283 0.7991 -0.2871
vn 0.1492 0.9168 -0.3704
vn -0.1598 -0.9813 0.1075
vn 0.7681 0.5801 -0.2710
vn -0.7003 -0.7084 0.0877
vn -0.1597 -0.9813 0.1075
vn 0.4729 -0.8629 0.1780
vn -0.5309 0.8074 0.2575
vn 0.1515 0.9306 0.3333
vn -0.1567 -0.9624 0.2217
vn 0.7738 0.5853 0.2421
vn -0.7288 -0.6621 0.1747
vn -0.1563 -0.9623 0.2224
vn 0.5305 -0.5172 0.6716
vn -0.6142 0.2578 0.7458
vn 0.0360 0.2212 0.9746
vn -0.0871 -0.5352 0.8402
vn 0.6726 0.0780 0.7359
vn -0.6732 -0.3312 0.6612
vn 0.5652 -0.1295 -0.8147
vn -0.5778 0.0529 -0.8145
vn -0.0077 -0.0470 -0.9989
vn -0.0076 -0.0470 -0.9989
vn -0.5223 0.1509 0.8393
vn 0.0107 0.0660 0.9978
vn 0.5398 -0.0398 0.8408
vn 0.5390 -0.2681 -0.7985
vn -0.5966 -0.0848 -0.7980
vn -0.0351 -0.2157 -0.9758
vn -0.5696 0.0968 -0.8162
vn 0.0011 0.0067 -1.0000
vn -0.5748 0.0418 0.8172
vn -0.0099 -0.0608 0.9981
vn 0.5586 -0.1414 0.8173
vn 0.5714 -0.0858 -0.8162
vn 0.5502 -0.2294 -0.8029
vn -0.0276 -0.1696 -0.9851
vn -0.5955 -0.0469 -0.8020
vn 0.5535 -0.1873 -0.8115
vn -0.0191 -0.1173 -0.9929
vn -0.5849 -0.0044 -0.8111
vn -0.5947 0.1508 0.7897
vn 0.0460 0.2826 0.9581
vn 0.5863 0.1080 0.8029
vn 0.5553 -0.1626 -0.8156
vn -0.0141 -0.0867 -0.9961
vn -0.5785 0.0206 -0.8154
vn -0.5215 0.2932 0.8013
vn 0.0649 0.6019 0.7959
vn 0.1259 0.1403 0.9821
vn 0.3184 -0.8964 0.3084
vn 0.3114 -0.8567 -0.4113
vn -0.0184 -0.6579 0.7529
vn -0.0220 -0.7912 -0.6112
vn -0.0794 -0.7490 -0.6578
vn -0.4502 -0.7685 -0.4547
vn -0.4583 -0.8089 0.3684
vn -0.0628 -0.6084 0.7911
vn 0.2117 -0.9604 -0.1813
vn -0.0249 -0.9665 -0.2553
vn -0.5030 -0.8535 -0.1364
vn -0.1445 -0.9608 -0.2364
vn -0.7299 -0.5313 0.4301
vn -0.1192 -0.8136 0.5690
vn -0.5375 0.5975 0.5950
vn 0.1606 0.9867 -0.0267
vn 0.7148 0.6990 -0.0214
vn -0.6983 -0.7107 0.0849
vn -0.1598 -0.9817 0.1038
vn 0.4373 -0.8953 0.0848
vn -0.4524 0.8915 -0.0217
vn -0.9299 0.0947 0.3555
vn -0.5138 -0.8561 0.0554
vn -0.1474 -0.9773 0.1525
vn 0.5562 -0.0342 0.8304
vn 0.9289 -0.2008 0.3113
vn 0.2172 -0.9709 0.1009
vn -0.0254 -0.9852 0.1695
vn 0.0058 0.0354 -0.9994
vn -0.5610 0.1214 -0.8189
vn 0.5709 -0.0631 -0.8186
vn 0.5814 -0.2843 0.7623
vn -0.0403 -0.2476 0.9680
vn -0.6470 -0.1031 0.7555
vn -0.9868 0.1620 0.0001
vn 0.9869 -0.1614 -0.0000
vn -0.9868 0.1620 -0.0000
vn 0.5300 -0.7222 0.4445
vn 0.1052 0.6463 0.7558
vn -0.1321 -0.8115 0.5692
vn 0.7088 0.4045 0.5780
vn -0.3678 -0.3243 -0.8715
vn 0.4383 -0.4610 -0.7716
vn 0.0855 -0.2094 0.9741
vn -0.8797 -0.3371 0.3353
vn 0.7074 -0.6312 0.3180
vn 0.7657 -0.6424 -0.0300
vn -0.9436 -0.3302 -0.0244
vn 0.0497 -0.1430 -0.9885
vn 0.4391 -0.5385 0.7192
vn -0.0185 -0.3952 -0.9184
vn -0.3629 -0.3863 0.8480
vn -0.0246 -0.4802 0.8768
vn 0.4488 -0.5816 -0.6785
vn 0.8336 -0.5520 0.0228
vn -0.9725 -0.2327 0.0107
vn 0.1016 -0.2824 0.9539
vn -0.0287 -0.4654 -0.8846
vn -0.3994 -0.3484 -0.8480
vn -0.3602 -0.4228 0.8316
vn -0.9660 -0.2580 -0.0162
vn 0.8179 -0.5747 -0.0276
vn 0.0850 -0.2517 -0.9641
vn -0.0324 -0.5523 0.8330
vn 0.4299 -0.6231 0.6534
vn -0.6998 -0.7093 0.0848
vn 0.8868 0.4519 -0.0970
vn 0.4387 -0.8946 0.0848
vn -0.7060 0.7018 -0.0955
vn 0.1585 0.9739 -0.1627
vn 0.1585 0.9739 -0.1626
vn 0.0304 0.1867 -0.9819
vn 0.4496 0.0834 -0.8893
vn -0.3818 0.2522 -0.8892
vn -0.7347 0.5856 -0.3423
vn 0.8784 0.3239 -0.3515
vn 0.8768 0.3818 -0.2921
vn -0.7344 0.6191 -0.2782
vn 0.0597 0.3670 -0.9283
vn 0.0598 0.3669 -0.9283
vn 0.5395 0.2198 -0.8128
vn -0.4434 0.4167 -0.7936
vn 0.1309 0.8042 -0.5798
vn 0.6097 0.6142 -0.5011
vn -0.4188 0.7649 -0.4894
vn 0.6382 0.5245 -0.5635
vn 0.1195 0.7342 -0.6683
vn -0.4432 0.7045 -0.5543
vn 0.0004 0.0037 -1.0000
vn 0.5518 -0.1861 0.8130
vn -0.0004 -0.0043 -1.0000
vn -0.5697 -0.0056 0.8219
vn -0.0104 -0.1011 0.9948
vn -0.5617 0.0759 -0.8238
vn 0.5530 -0.1009 -0.8270
vn -0.0084 -0.0952 0.9954
vn -0.9657 0.0374 0.2570
vn 0.9070 -0.3091 0.2862
vn 0.9530 -0.3027 0.0152
vn -0.9986 0.0511 0.0147
vn 0.5273 -0.2151 0.8220
vn 0.5376 -0.2955 -0.7897
vn 0.9586 -0.2846 -0.0018
vn -0.9981 0.0622 -0.0014
vn -0.0073 -0.0866 0.9962
vn -0.0188 -0.1942 -0.9808
vn -0.5654 -0.1002 -0.8187
vn -0.5454 -0.0383 0.8373
vn -0.9980 0.0624 0.0008
vn 0.9591 -0.2831 0.0001
vn -0.0149 -0.1716 -0.9850
vn -0.0115 -0.1200 0.9927
vn 0.0032 1.0000 -0.0000
vn 0.1420 0.9899 -0.0016
vn -0.1325 0.9912 -0.0031
vn 0.1415 0.9899 -0.0009
vn -0.1331 0.9911 0.0008
vn 0.0031 1.0000 -0.0000
vn 0.1614 0.9869 -0.0018
vn 0.1789 0.9839 -0.0019
vn 0.1939 0.9810 -0.0020
vn 0.2064 0.9785 -0.0021
vn 0.2161 0.9764 -0.0022
vn 0.2232 0.9748 -0.0023
vn 0.2274 0.9738 -0.0023
vn -0.1139 0.9935 -0.0025
vn -0.0957 0.9954 -0.0019
vn -0.0779 0.9970 -0.0013
vn -0.0607 0.9982 -0.0008
vn -0.0440 0.9990 -0.0004
vn -0.0278 0.9996 -0.0001
vn -0.0122 0.9999 -0.0000
vn 0.0184 0.9998 -0.0001
vn 0.0341 0.9994 -0.0002
vn 0.0502 0.9987 -0.0004
vn 0.0670 0.9978 -0.0007
vn 0.0844 0.9964 -0.0009
vn 0.1027 0.9947 -0.0011
vn 0.1219 0.9925 -0.0014
vn 0.1417 0.9899 -0.0010
vn 0.1418 0.9899 -0.0011
vn 0.1419 0.9899 -0.0012
vn 0.1419 0.9899 -0.0013
vn 0.1420 0.9899 -0.0014
vn 0.1419 0.9899 -0.0024
vn 0.1417 0.9899 -0.0045
vn 0.1413 0.9899 -0.0077
vn 0.1405 0.9900 -0.0120
vn 0.1391 0.9901 -0.0181
vn 0.1372 0.9902 -0.0272
vn 0.1350 0.9898 -0.0454
vn -0.2084 0.9780 0.0005
vn -0.1834 0.9830 -0.0007
vn -0.1560 0.9878 -0.0017
vn -0.1687 0.9857 -0.0025
vn -0.1791 0.9838 -0.0033
vn -0.1659 0.9861 -0.0035
vn -0.1503 0.9886 -0.0034
vn -0.1330 0.9911 0.0008
vn -0.1329 0.9911 0.0006
vn -0.1328 0.9911 0.0002
vn -0.1328 0.9911 -0.0003
vn -0.1327 0.9912 -0.0009
vn -0.1327 0.9912 -0.0016
vn -0.1326 0.9912 -0.0023
vn -0.1324 0.9912 -0.0045
vn -0.1320 0.9912 -0.0070
vn -0.1314 0.9913 -0.0104
vn -0.1305 0.9913 -0.0149
vn -0.1290 0.9914 -0.0210
vn -0.1269 0.9915 -0.0297
vn -0.1250 0.9911 -0.0465
vn 0.1396 0.9902 -0.0005
vn 0.1399 0.9902 -0.0005
vn 0.1403 0.9901 -0.0005
vn 0.1406 0.9901 -0.0005
vn 0.1409 0.9900 -0.0006
vn 0.1411 0.9900 -0.0007
vn 0.1413 0.9900 -0.0008
vn -0.1348 0.9909 0.0005
vn -0.1346 0.9909 0.0005
vn -0.1343 0.9909 0.0005
vn -0.1340 0.9910 0.0005
vn -0.1337 0.9910 0.0006
vn -0.1335 0.9910 0.0006
vn -0.1333 0.9911 0.0007
vn -0.1148 0.9934 0.0008
vn -0.0966 0.9953 0.0008
vn -0.0788 0.9969 0.0007
vn -0.0614 0.9981 0.0006
vn -0.0446 0.9990 0.0004
vn -0.0282 0.9996 0.0003
vn -0.0123 0.9999 0.0001
vn 0.1608 0.9870 -0.0007
vn 0.1781 0.9840 -0.0004
vn 0.1929 0.9812 -0.0000
vn 0.2052 0.9787 0.0006
vn 0.2148 0.9767 0.0013
vn 0.2217 0.9751 0.0021
vn 0.2259 0.9742 0.0029
vn -0.2065 0.9784 -0.0026
vn -0.1819 0.9833 -0.0017
vn -0.1551 0.9879 -0.0007
vn -0.1680 0.9858 -0.0004
vn -0.1786 0.9839 -0.0000
vn -0.1657 0.9862 0.0004
vn -0.1505 0.9886 0.0006
vn 0.0185 0.9998 -0.0002
vn 0.0342 0.9994 -0.0003
vn 0.0503 0.9987 -0.0005
vn 0.0670 0.9977 -0.0006
vn 0.0844 0.9964 -0.0008
vn 0.1026 0.9947 -0.0009
vn 0.1217 0.9926 -0.0009
vn -0.1503 0.9886 -0.0049
vn -0.1662 0.9861 -0.0049
vn -0.1797 0.9837 -0.0045
vn -0.1692 0.9856 -0.0035
vn -0.1566 0.9877 -0.0025
vn -0.1845 0.9828 -0.0013
vn -0.2097 0.9778 0.0001
vn -0.1505 0.9886 -0.0073
vn -0.1668 0.9860 -0.0070
vn -0.1806 0.9835 -0.0062
vn -0.1699 0.9854 -0.0049
vn -0.1573 0.9875 -0.0037
vn -0.1857 0.9826 -0.0022
vn -0.2112 0.9774 -0.0004
vn -0.1508 0.9885 -0.0107
vn -0.1679 0.9857 -0.0100
vn -0.1822 0.9832 -0.0085
vn -0.1759 0.9844 -0.0003
vn -0.1624 0.9866 0.0138
vn -0.1848 0.9827 0.0103
vn -0.2129 0.9771 -0.0011
vn -0.1516 0.9883 -0.0150
vn -0.1699 0.9854 -0.0137
vn -0.1847 0.9827 -0.0113
vn -0.1911 0.9815 -0.0086
vn -0.1764 0.9843 0.0035
vn -0.1709 0.9852 0.0134
vn -0.1994 0.9799 0.0056
vn -0.1531 0.9880 -0.0205
vn -0.1733 0.9847 -0.0177
vn -0.1886 0.9819 -0.0141
vn -0.1923 0.9813 -0.0125
vn -0.1769 0.9841 -0.0130
vn -0.1659 0.9861 -0.0119
vn -0.1927 0.9812 -0.0054
vn -0.1573 0.9872 -0.0275
vn -0.1797 0.9835 -0.0221
vn -0.1947 0.9807 -0.0165
vn -0.1937 0.9810 -0.0113
vn -0.1715 0.9851 -0.0137
vn -0.1673 0.9858 -0.0175
vn -0.1955 0.9807 -0.0082
vn -0.1670 0.9853 -0.0365
vn -0.1909 0.9812 -0.0272
vn -0.2031 0.9790 -0.0191
vn -0.2062 0.9785 -0.0096
vn -0.1783 0.9840 0.0027
vn -0.1716 0.9852 0.0031
vn -0.2002 0.9797 -0.0093
vn 0.1218 0.9925 -0.0022
vn 0.1026 0.9947 -0.0018
vn 0.0843 0.9964 -0.0013
vn 0.0668 0.9978 -0.0009
vn 0.0501 0.9987 -0.0005
vn 0.0340 0.9994 -0.0003
vn 0.1214 0.9926 -0.0040
vn 0.1020 0.9948 -0.0032
vn 0.0837 0.9965 -0.0023
vn 0.0663 0.9978 -0.0014
vn 0.0498 0.9988 -0.0008
vn 0.0338 0.9994 -0.0003
vn 0.0183 0.9998 -0.0001
vn 0.1202 0.9927 -0.0069
vn 0.1005 0.9949 -0.0054
vn 0.0822 0.9966 -0.0037
vn 0.0652 0.9979 -0.0022
vn 0.0491 0.9988 -0.0011
vn 0.0334 0.9994 -0.0005
vn 0.0181 0.9998 -0.0001
vn 0.1181 0.9929 -0.0107
vn 0.0977 0.9952 -0.0083
vn 0.0795 0.9968 -0.0056
vn 0.0632 0.9980 -0.0032
vn 0.0478 0.9989 -0.0015
vn 0.0328 0.9995 -0.0006
vn 0.0179 0.9998 -0.0001
vn 0.1141 0.9933 -0.0161
vn 0.0929 0.9956 -0.0118
vn 0.0752 0.9971 -0.0074
vn 0.0600 0.9982 -0.0041
vn 0.0460 0.9989 -0.0019
vn 0.0319 0.9995 -0.0007
vn 0.0176 0.9998 -0.0002
vn 0.1063 0.9941 -0.0234
vn 0.0845 0.9963 -0.0155
vn 0.0690 0.9976 -0.0089
vn 0.0560 0.9984 -0.0047
vn 0.0437 0.9990 -0.0021
vn 0.0308 0.9995 -0.0008
vn 0.0172 0.9999 -0.0002
vn 0.0891 0.9955 -0.0328
vn 0.0717 0.9973 -0.0175
vn 0.0610 0.9981 -0.0093
vn 0.0514 0.9987 -0.0047
vn 0.0411 0.9992 -0.0021
vn 0.0296 0.9996 -0.0008
vn 0.0168 0.9999 -0.0002
vn 0.1218 0.9926 -0.0010
vn 0.1027 0.9947 -0.0009
vn 0.0845 0.9964 -0.0008
vn 0.0671 0.9977 -0.0007
vn 0.1218 0.9925 -0.0010
vn 0.1219 0.9925 -0.0011
vn 0.1027 0.9947 -0.0010
vn 0.0671 0.9977 -0.0006
vn 0.1220 0.9925 -0.0012
vn 0.1028 0.9947 -0.0010
vn 0.0185 0.9998 -0.0001
vn 0.0670 0.9978 -0.0006
vn 0.0503 0.9987 -0.0004
vn 0.0341 0.9994 -0.0003
vn -0.1503 0.9886 0.0007
vn -0.1655 0.9862 0.0005
vn -0.1783 0.9840 0.0002
vn -0.1678 0.9858 -0.0001
vn -0.1548 0.9879 -0.0004
vn -0.1814 0.9834 -0.0010
vn -0.2061 0.9785 -0.0016
vn -0.1502 0.9887 0.0006
vn -0.1653 0.9862 0.0004
vn -0.1781 0.9840 0.0003
vn -0.1677 0.9858 0.0001
vn -0.1546 0.9880 -0.0001
vn -0.1812 0.9834 -0.0004
vn -0.2057 0.9786 -0.0008
vn -0.1501 0.9887 0.0002
vn -0.1652 0.9863 0.0001
vn -0.1780 0.9840 0.0001
vn -0.1676 0.9859 -0.0000
vn -0.1546 0.9880 -0.0000
vn -0.1811 0.9835 -0.0000
vn -0.2057 0.9786 -0.0000
vn -0.1501 0.9887 -0.0003
vn -0.1652 0.9863 -0.0004
vn -0.1780 0.9840 -0.0003
vn -0.1676 0.9859 -0.0002
vn -0.1811 0.9835 0.0002
vn -0.2058 0.9786 0.0005
vn -0.1501 0.9887 -0.0010
vn -0.1653 0.9862 -0.0010
vn -0.1781 0.9840 -0.0009
vn -0.1677 0.9858 -0.0006
vn -0.1548 0.9879 -0.0003
vn -0.1814 0.9834 0.0002
vn -0.2061 0.9785 0.0008
vn -0.1501 0.9887 -0.0018
vn -0.1654 0.9862 -0.0018
vn -0.1784 0.9840 -0.0016
vn -0.1679 0.9858 -0.0012
vn -0.1819 0.9833 -0.0000
vn -0.2066 0.9784 0.0008
vn -0.1502 0.9887 -0.0025
vn -0.1656 0.9862 -0.0026
vn -0.1787 0.9839 -0.0024
vn -0.1683 0.9857 -0.0018
vn -0.1555 0.9878 -0.0011
vn -0.1825 0.9832 -0.0003
vn -0.2074 0.9783 0.0008
vn 0.2264 0.9740 0.0017
vn 0.2222 0.9750 0.0011
vn 0.2153 0.9766 0.0005
vn 0.2056 0.9786 -0.0000
vn 0.1932 0.9812 -0.0004
vn 0.1784 0.9840 -0.0007
vn 0.1610 0.9869 -0.0009
vn 0.2268 0.9739 0.0007
vn 0.2226 0.9749 0.0002
vn 0.2156 0.9765 -0.0002
vn 0.2059 0.9786 -0.0005
vn 0.1935 0.9811 -0.0008
vn 0.1786 0.9839 -0.0010
vn 0.1612 0.9869 -0.0011
vn 0.2271 0.9739 -0.0003
vn 0.2228 0.9749 -0.0005
vn 0.2158 0.9764 -0.0008
vn 0.2061 0.9785 -0.0010
vn 0.1937 0.9811 -0.0012
vn 0.1787 0.9839 -0.0012
vn 0.1613 0.9869 -0.0013
vn 0.2272 0.9738 -0.0010
vn 0.2230 0.9748 -0.0011
vn 0.2160 0.9764 -0.0013
vn 0.2062 0.9785 -0.0014
vn 0.1938 0.9810 -0.0014
vn 0.1788 0.9839 -0.0014
vn 0.1614 0.9869 -0.0014
vn 0.2274 0.9738 -0.0016
vn 0.2231 0.9748 -0.0017
vn 0.2161 0.9764 -0.0017
vn 0.2063 0.9785 -0.0017
vn 0.1939 0.9810 -0.0017
vn 0.1789 0.9839 -0.0016
vn 0.1614 0.9869 -0.0015
vn 0.2274 0.9738 -0.0020
vn 0.2232 0.9748 -0.0020
vn 0.2161 0.9764 -0.0020
vn 0.2064 0.9785 -0.0019
vn 0.1939 0.9810 -0.0019
vn 0.1789 0.9839 -0.0017
vn 0.1614 0.9869 -0.0016
vn 0.2274 0.9738 -0.0022
vn 0.2232 0.9748 -0.0022
vn 0.2161 0.9764 -0.0021
vn 0.1789 0.9839 -0.0018
vn 0.2162 0.9764 -0.0024
vn 0.2064 0.9785 -0.0024
vn 0.1940 0.9810 -0.0025
vn 0.1789 0.9839 -0.0026
vn 0.1614 0.9869 -0.0026
vn 0.2274 0.9738 -0.0024
vn 0.2233 0.9748 -0.0025
vn 0.2163 0.9763 -0.0027
vn 0.2067 0.9784 -0.0031
vn 0.1943 0.9809 -0.0036
vn 0.1792 0.9838 -0.0042
vn 0.1615 0.9869 -0.0045
vn 0.2275 0.9738 -0.0025
vn 0.2234 0.9747 -0.0028
vn 0.2167 0.9762 -0.0033
vn 0.2074 0.9783 -0.0042
vn 0.1952 0.9807 -0.0054
vn 0.1800 0.9836 -0.0067
vn 0.1618 0.9868 -0.0075
vn 0.2276 0.9738 -0.0026
vn 0.2238 0.9746 -0.0031
vn 0.2175 0.9760 -0.0041
vn 0.2088 0.9779 -0.0056
vn 0.1970 0.9804 -0.0077
vn 0.1815 0.9833 -0.0099
vn 0.1625 0.9866 -0.0116
vn 0.2278 0.9737 -0.0027
vn 0.2244 0.9745 -0.0035
vn 0.2189 0.9757 -0.0049
vn 0.2112 0.9774 -0.0071
vn 0.2001 0.9797 -0.0101
vn 0.1845 0.9827 -0.0137
vn 0.1639 0.9863 -0.0169
vn 0.2280 0.9737 -0.0028
vn 0.2252 0.9743 -0.0037
vn 0.2209 0.9753 -0.0054
vn 0.2147 0.9766 -0.0081
vn 0.2052 0.9786 -0.0122
vn 0.1904 0.9815 -0.0178
vn 0.1680 0.9855 -0.0238
vn 0.2283 0.9736 -0.0028
vn 0.2264 0.9740 -0.0038
vn 0.2234 0.9747 -0.0058
vn 0.2192 0.9756 -0.0090
vn 0.2125 0.9771 -0.0143
vn 0.2009 0.9794 -0.0224
vn 0.1774 0.9836 -0.0328
vn -0.0965 0.9953 0.0008
vn -0.1147 0.9934 0.0008
vn -0.0282 0.9996 0.0002
vn -0.0614 0.9981 0.0005
vn -0.0787 0.9969 0.0006
vn -0.0965 0.9953 0.0006
vn -0.1146 0.9934 0.0006
vn -0.0281 0.9996 0.0002
vn -0.0445 0.9990 0.0003
vn -0.0614 0.9981 0.0003
vn -0.0787 0.9969 0.0003
vn -0.0964 0.9953 0.0003
vn -0.1145 0.9934 0.0003
vn -0.0281 0.9996 0.0001
vn -0.0445 0.9990 0.0002
vn -0.0613 0.9981 0.0001
vn -0.0786 0.9969 0.0001
vn -0.0963 0.9953 -0.0000
vn -0.1145 0.9934 -0.0002
vn -0.0444 0.9990 -0.0000
vn -0.0612 0.9981 -0.0001
vn -0.0785 0.9969 -0.0003
vn -0.0962 0.9954 -0.0005
vn -0.1144 0.9934 -0.0007
vn -0.0280 0.9996 -0.0000
vn -0.0443 0.9990 -0.0001
vn -0.0611 0.9981 -0.0003
vn -0.0784 0.9969 -0.0006
vn -0.0961 0.9954 -0.0009
vn -0.1143 0.9934 -0.0013
vn -0.0279 0.9996 -0.0001
vn -0.0442 0.9990 -0.0003
vn -0.0610 0.9981 -0.0005
vn -0.0782 0.9969 -0.0009
vn -0.0959 0.9954 -0.0014
vn -0.1141 0.9935 -0.0019
vn -0.0121 0.9999 -0.0000
vn -0.0277 0.9996 -0.0002
vn -0.0438 0.9990 -0.0006
vn -0.0604 0.9982 -0.0012
vn -0.0775 0.9970 -0.0020
vn -0.0952 0.9955 -0.0029
vn -0.1136 0.9935 -0.0038
vn -0.0120 0.9999 -0.0001
vn -0.0274 0.9996 -0.0003
vn -0.0433 0.9991 -0.0009
vn -0.0596 0.9982 -0.0018
vn -0.0766 0.9971 -0.0031
vn -0.0943 0.9955 -0.0046
vn -0.1128 0.9936 -0.0059
vn -0.0119 0.9999 -0.0001
vn -0.0270 0.9996 -0.0005
vn -0.0424 0.9991 -0.0013
vn -0.0583 0.9983 -0.0027
vn -0.0748 0.9972 -0.0047
vn -0.0925 0.9957 -0.0069
vn -0.1114 0.9937 -0.0090
vn -0.0117 0.9999 -0.0001
vn -0.0262 0.9997 -0.0006
vn -0.0411 0.9992 -0.0018
vn -0.0560 0.9984 -0.0037
vn -0.0718 0.9974 -0.0065
vn -0.0894 0.9960 -0.0098
vn -0.1090 0.9940 -0.0129
vn -0.0114 0.9999 -0.0002
vn -0.0253 0.9997 -0.0008
vn -0.0390 0.9992 -0.0021
vn -0.0526 0.9986 -0.0046
vn -0.0673 0.9977 -0.0083
vn -0.0843 0.9964 -0.0132
vn -0.1048 0.9943 -0.0181
vn -0.0110 0.9999 -0.0002
vn -0.0241 0.9997 -0.0008
vn -0.0366 0.9993 -0.0024
vn -0.0484 0.9988 -0.0051
vn -0.0609 0.9981 -0.0096
vn -0.0760 0.9970 -0.0165
vn -0.0970 0.9950 -0.0249
vn -0.0106 0.9999 -0.0002
vn -0.0228 0.9997 -0.0008
vn -0.0339 0.9994 -0.0023
vn -0.0437 0.9990 -0.0051
vn -0.0530 0.9985 -0.0099
vn -0.0635 0.9978 -0.0181
vn -0.0810 0.9962 -0.0332
vn -0.0447 0.9990 0.0004
vn -0.0617 0.9981 0.0006
vn -0.0792 0.9969 0.0007
vn -0.0973 0.9953 0.0007
vn -0.1159 0.9933 0.0007
vn -0.0616 0.9981 0.0006
vn -0.0791 0.9969 0.0007
vn -0.0972 0.9953 0.0007
vn -0.1157 0.9933 0.0007
vn -0.0970 0.9953 0.0007
vn -0.1155 0.9933 0.0007
vn -0.0790 0.9969 0.0007
vn -0.0969 0.9953 0.0007
vn -0.1154 0.9933 0.0007
vn -0.0615 0.9981 0.0006
vn -0.0789 0.9969 0.0007
vn -0.0968 0.9953 0.0007
vn -0.1152 0.9933 0.0007
vn -0.0967 0.9953 0.0008
vn -0.1150 0.9934 0.0008
vn -0.1149 0.9934 0.0008
vn 0.2196 0.9756 0.0063
vn 0.2147 0.9767 0.0058
vn 0.2075 0.9782 0.0048
vn 0.1983 0.9801 0.0034
vn 0.1870 0.9824 0.0020
vn 0.1736 0.9848 0.0008
vn 0.1578 0.9875 -0.0000
vn 0.2208 0.9753 0.0060
vn 0.2162 0.9763 0.0055
vn 0.2091 0.9779 0.0046
vn 0.1997 0.9798 0.0033
vn 0.1882 0.9821 0.0020
vn 0.1745 0.9847 0.0008
vn 0.1583 0.9874 -0.0000
vn 0.2218 0.9751 0.0057
vn 0.2175 0.9761 0.0050
vn 0.2105 0.9776 0.0041
vn 0.2011 0.9796 0.0030
vn 0.1894 0.9819 0.0018
vn 0.1753 0.9845 0.0007
vn 0.1589 0.9873 -0.0001
vn 0.2227 0.9749 0.0055
vn 0.2186 0.9758 0.0046
vn 0.2117 0.9773 0.0037
vn 0.2023 0.9793 0.0026
vn 0.1904 0.9817 0.0015
vn 0.1761 0.9844 0.0006
vn 0.1594 0.9872 -0.0001
vn 0.2236 0.9747 0.0051
vn 0.2195 0.9756 0.0041
vn 0.2127 0.9771 0.0031
vn 0.2032 0.9791 0.0021
vn 0.1912 0.9815 0.0012
vn 0.1767 0.9843 0.0004
vn 0.1598 0.9871 -0.0002
vn 0.2245 0.9745 0.0046
vn 0.2203 0.9754 0.0036
vn 0.2135 0.9769 0.0026
vn 0.2040 0.9790 0.0017
vn 0.1919 0.9814 0.0008
vn 0.1773 0.9842 0.0001
vn 0.1602 0.9871 -0.0004
vn 0.2251 0.9743 0.0038
vn 0.2211 0.9753 0.0029
vn 0.2142 0.9768 0.0020
vn 0.2047 0.9788 0.0012
vn 0.1925 0.9813 0.0004
vn 0.1777 0.9841 -0.0001
vn 0.1606 0.9870 -0.0005
vn -0.1525 0.9883 0.0001
vn -0.1677 0.9858 -0.0002
vn -0.1804 0.9836 -0.0006
vn -0.1828 0.9832 -0.0023
vn -0.1615 0.9869 -0.0065
vn -0.1619 0.9868 -0.0008
vn -0.1940 0.9810 0.0033
vn -0.1522 0.9883 0.0001
vn -0.1675 0.9859 -0.0002
vn -0.1809 0.9835 -0.0004
vn -0.1634 0.9865 0.0092
vn -0.1626 0.9866 0.0160
vn -0.1918 0.9814 0.0028
vn -0.1519 0.9884 0.0002
vn -0.1673 0.9859 -0.0002
vn -0.1803 0.9836 -0.0006
vn -0.1850 0.9827 0.0016
vn -0.1686 0.9857 -0.0006
vn -0.1638 0.9865 -0.0008
vn -0.1924 0.9813 -0.0030
vn -0.1516 0.9884 0.0002
vn -0.1670 0.9860 -0.0002
vn -0.1801 0.9837 -0.0006
vn -0.1802 0.9836 -0.0047
vn -0.1637 0.9863 -0.0216
vn -0.1712 0.9850 -0.0224
vn -0.2001 0.9797 -0.0088
vn -0.1513 0.9885 0.0003
vn -0.1667 0.9860 -0.0001
vn -0.1797 0.9837 -0.0007
vn -0.1710 0.9853 -0.0042
vn -0.1574 0.9874 -0.0147
vn -0.1813 0.9833 -0.0150
vn -0.2085 0.9780 -0.0045
vn -0.1510 0.9885 0.0004
vn -0.1664 0.9861 -0.0000
vn -0.1793 0.9838 -0.0005
vn -0.1683 0.9857 -0.0006
vn -0.1556 0.9878 -0.0003
vn -0.1830 0.9831 -0.0022
vn -0.2078 0.9782 -0.0041
vn -0.1507 0.9886 0.0005
vn -0.1660 0.9861 0.0002
vn -0.1789 0.9839 -0.0003
vn -0.1682 0.9857 -0.0007
vn -0.1554 0.9879 -0.0008
vn -0.1824 0.9832 -0.0022
vn -0.2071 0.9783 -0.0035
vn 0.1205 0.9927 -0.0007
vn 0.1018 0.9948 -0.0008
vn 0.0840 0.9965 -0.0007
vn 0.0668 0.9978 -0.0006
vn 0.0502 0.9987 -0.0005
vn 0.1207 0.9927 -0.0007
vn 0.1020 0.9948 -0.0007
vn 0.0841 0.9965 -0.0007
vn 0.0669 0.9978 -0.0006
vn 0.1209 0.9927 -0.0007
vn 0.1021 0.9948 -0.0008
vn 0.1211 0.9926 -0.0007
vn 0.1022 0.9948 -0.0008
vn 0.0842 0.9964 -0.0007
vn 0.1212 0.9926 -0.0008
vn 0.1023 0.9948 -0.0008
vn 0.0843 0.9964 -0.0007
vn 0.1214 0.9926 -0.0008
vn 0.1024 0.9947 -0.0008
vn 0.1216 0.9926 -0.0008
vn 0.1025 0.9947 -0.0008
vn -0.0032 -1.0000 -0.0000
vn -0.1420 -0.9899 0.0016
vn 0.1325 -0.9912 0.0031
vn -0.1415 -0.9899 0.0009
vn 0.1331 -0.9911 -0.0008
vn -0.0031 -1.0000 -0.0000
vn -0.1614 -0.9869 0.0018
vn -0.1789 -0.9839 0.0019
vn -0.1939 -0.9810 0.0020
vn -0.2063 -0.9785 0.0021
vn -0.2161 -0.9764 0.0022
vn -0.2368 -0.9716 0.0005
vn -0.3947 -0.9188 0.0020
vn 0.1139 -0.9935 0.0025
vn 0.0957 -0.9954 0.0019
vn 0.0779 -0.9970 0.0013
vn 0.0607 -0.9982 0.0008
vn 0.0440 -0.9990 0.0004
vn 0.0278 -0.9996 0.0001
vn 0.0122 -0.9999 -0.0000
vn -0.0184 -0.9998 0.0001
vn -0.0341 -0.9994 0.0002
vn -0.0502 -0.9987 0.0004
vn -0.0670 -0.9978 0.0007
vn -0.0844 -0.9964 0.0009
vn -0.1027 -0.9947 0.0011
vn -0.1220 -0.9925 0.0014
vn -0.1417 -0.9899 0.0010
vn -0.1418 -0.9899 0.0011
vn -0.1419 -0.9899 0.0012
vn -0.1419 -0.9899 0.0013
vn -0.1419 -0.9899 0.0014
vn -0.1420 -0.9899 0.0014
vn -0.1419 -0.9899 0.0024
vn -0.1417 -0.9899 0.0045
vn -0.1413 -0.9899 0.0076
vn -0.1405 -0.9900 0.0120
vn -0.1392 -0.9901 0.0181
vn -0.1373 -0.9902 0.0271
vn -0.1353 -0.9898 0.0457
vn 0.3097 -0.9508 -0.0020
vn 0.2163 -0.9763 0.0011
vn 0.1934 -0.9811 0.0019
vn 0.1872 -0.9823 0.0027
vn 0.1791 -0.9838 0.0033
vn 0.1659 -0.9861 0.0035
vn 0.1502 -0.9886 0.0034
vn 0.1330 -0.9911 -0.0008
vn 0.1329 -0.9911 -0.0006
vn 0.1328 -0.9911 -0.0002
vn 0.1328 -0.9911 0.0003
vn 0.1327 -0.9912 0.0009
vn 0.1327 -0.9912 0.0016
vn 0.1326 -0.9912 0.0023
vn 0.1324 -0.9912 0.0045
vn 0.1320 -0.9912 0.0070
vn 0.1314 -0.9913 0.0104
vn 0.1305 -0.9913 0.0148
vn 0.1290 -0.9914 0.0210
vn 0.1271 -0.9914 0.0296
vn 0.1252 -0.9910 0.0468
vn -0.1396 -0.9902 0.0005
vn -0.1399 -0.9902 0.0005
vn -0.1402 -0.9901 0.0005
vn -0.1406 -0.9901 0.0005
vn -0.1408 -0.9900 0.0006
vn -0.1411 -0.9900 0.0007
vn -0.1413 -0.9900 0.0008
vn 0.1348 -0.9909 -0.0005
vn 0.1345 -0.9909 -0.0005
vn 0.1343 -0.9909 -0.0005
vn 0.1340 -0.9910 -0.0005
vn 0.1337 -0.9910 -0.0006
vn 0.1335 -0.9910 -0.0006
vn 0.1333 -0.9911 -0.0007
vn 0.1148 -0.9934 -0.0008
vn 0.0966 -0.9953 -0.0008
vn 0.0788 -0.9969 -0.0007
vn 0.0615 -0.9981 -0.0006
vn 0.0446 -0.9990 -0.0004
vn 0.0282 -0.9996 -0.0003
vn 0.0123 -0.9999 -0.0001
vn -0.1608 -0.9870 0.0007
vn -0.1781 -0.9840 0.0004
vn -0.1929 -0.9812 -0.0000
vn -0.2052 -0.9787 -0.0006
vn -0.2148 -0.9767 -0.0013
vn -0.2476 -0.9688 -0.0030
vn -0.3542 -0.9351 0.0120
vn 0.3257 -0.9455 0.0059
vn 0.2167 -0.9762 0.0011
vn 0.1921 -0.9814 0.0011
vn 0.1862 -0.9825 0.0005
vn 0.1786 -0.9839 -0.0000
vn 0.1657 -0.9862 -0.0004
vn 0.1505 -0.9886 -0.0006
vn -0.0185 -0.9998 0.0002
vn -0.0342 -0.9994 0.0003
vn -0.0503 -0.9987 0.0005
vn -0.0670 -0.9977 0.0006
vn -0.0844 -0.9964 0.0008
vn -0.1026 -0.9947 0.0009
vn -0.1217 -0.9926 0.0009
vn 0.1503 -0.9886 0.0049
vn 0.1662 -0.9861 0.0049
vn 0.1797 -0.9837 0.0045
vn 0.1879 -0.9822 0.0037
vn 0.1944 -0.9809 0.0026
vn 0.2159 -0.9764 0.0027
vn 0.3157 -0.9488 0.0044
vn 0.1505 -0.9886 0.0073
vn 0.1668 -0.9860 0.0070
vn 0.1806 -0.9835 0.0062
vn 0.1890 -0.9820 0.0050
vn 0.1956 -0.9807 0.0036
vn 0.2124 -0.9772 0.0042
vn 0.3183 -0.9479 0.0097
vn 0.1508 -0.9885 0.0107
vn 0.1679 -0.9858 0.0100
vn 0.1822 -0.9832 0.0085
vn 0.1914 -0.9815 0.0056
vn 0.1975 -0.9803 0.0022
vn 0.2075 -0.9782 0.0030
vn 0.3063 -0.9519 0.0081
vn 0.1515 -0.9883 0.0150
vn 0.1698 -0.9854 0.0137
vn 0.1847 -0.9827 0.0113
vn 0.1960 -0.9806 0.0086
vn 0.2008 -0.9796 0.0045
vn 0.2049 -0.9788 0.0004
vn 0.2951 -0.9555 0.0004
vn 0.1531 -0.9880 0.0205
vn 0.1732 -0.9847 0.0177
vn 0.1886 -0.9820 0.0141
vn 0.1994 -0.9799 0.0105
vn 0.2032 -0.9791 0.0079
vn 0.2077 -0.9782 0.0058
vn 0.2680 -0.9634 0.0046
vn 0.1572 -0.9872 0.0274
vn 0.1797 -0.9835 0.0220
vn 0.1946 -0.9807 0.0165
vn 0.2041 -0.9789 0.0118
vn 0.2047 -0.9788 0.0092
vn 0.2067 -0.9784 0.0092
vn 0.2533 -0.9674 -0.0025
vn 0.1668 -0.9853 0.0365
vn 0.1908 -0.9813 0.0272
vn 0.2030 -0.9790 0.0191
vn 0.2101 -0.9776 0.0131
vn 0.2097 -0.9777 0.0076
vn 0.2080 -0.9781 0.0027
vn 0.2381 -0.9710 0.0220
vn -0.1218 -0.9925 0.0022
vn -0.1026 -0.9947 0.0018
vn -0.0843 -0.9964 0.0013
vn -0.0668 -0.9978 0.0009
vn -0.0501 -0.9987 0.0005
vn -0.0340 -0.9994 0.0003
vn -0.1214 -0.9926 0.0040
vn -0.1020 -0.9948 0.0032
vn -0.0837 -0.9965 0.0023
vn -0.0663 -0.9978 0.0014
vn -0.0498 -0.9988 0.0008
vn -0.0338 -0.9994 0.0003
vn -0.0183 -0.9998 0.0001
vn -0.1202 -0.9927 0.0069
vn -0.1005 -0.9949 0.0054
vn -0.0822 -0.9966 0.0037
vn -0.0652 -0.9979 0.0022
vn -0.0491 -0.9988 0.0011
vn -0.0334 -0.9994 0.0005
vn -0.0181 -0.9998 0.0001
vn -0.1181 -0.9929 0.0107
vn -0.0977 -0.9952 0.0083
vn -0.0795 -0.9968 0.0056
vn -0.0632 -0.9980 0.0032
vn -0.0478 -0.9989 0.0015
vn -0.0328 -0.9995 0.0006
vn -0.0179 -0.9998 0.0001
vn -0.1142 -0.9933 0.0161
vn -0.0929 -0.9956 0.0118
vn -0.0752 -0.9971 0.0074
vn -0.0600 -0.9982 0.0041
vn -0.0460 -0.9989 0.0019
vn -0.0319 -0.9995 0.0007
vn -0.0176 -0.9998 0.0002
vn -0.1064 -0.9941 0.0232
vn -0.0845 -0.9963 0.0155
vn -0.0690 -0.9976 0.0089
vn -0.0560 -0.9984 0.0047
vn -0.0437 -0.9990 0.0022
vn -0.0308 -0.9995 0.0008
vn -0.0172 -0.9999 0.0002
vn -0.0895 -0.9955 0.0323
vn -0.0717 -0.9973 0.0174
vn -0.0611 -0.9981 0.0093
vn -0.0513 -0.9987 0.0047
vn -0.0411 -0.9992 0.0021
vn -0.0296 -0.9996 0.0008
vn -0.0168 -0.9999 0.0002
vn -0.1218 -0.9926 0.0010
vn -0.1027 -0.9947 0.0009
vn -0.0845 -0.9964 0.0008
vn -0.0671 -0.9977 0.0006
vn -0.1219 -0.9925 0.0010
vn -0.0671 -0.9977 0.0007
vn -0.0504 -0.9987 0.0005
vn -0.1219 -0.9925 0.0011
vn -0.1027 -0.9947 0.0010
vn -0.1028 -0.9947 0.0010
vn -0.1220 -0.9925 0.0012
vn -0.0185 -0.9998 0.0001
vn -0.0503 -0.9987 0.0004
vn -0.0341 -0.9994 0.0003
vn -0.0670 -0.9978 0.0006
vn 0.1503 -0.9886 -0.0007
vn 0.1655 -0.9862 -0.0005
vn 0.1783 -0.9840 -0.0002
vn 0.1859 -0.9826 0.0002
vn 0.1917 -0.9814 0.0006
vn 0.2154 -0.9765 0.0018
vn 0.3035 -0.9528 0.0109
vn 0.1502 -0.9887 -0.0006
vn 0.1653 -0.9862 -0.0004
vn 0.1781 -0.9840 -0.0003
vn 0.1857 -0.9826 -0.0001
vn 0.1915 -0.9815 0.0002
vn 0.2136 -0.9769 0.0010
vn 0.2973 -0.9548 0.0063
vn 0.1501 -0.9887 -0.0002
vn 0.1652 -0.9863 -0.0001
vn 0.1780 -0.9840 -0.0001
vn 0.1856 -0.9826 -0.0000
vn 0.1914 -0.9815 -0.0000
vn 0.2124 -0.9772 -0.0020
vn 0.3124 -0.9498 -0.0141
vn 0.1500 -0.9887 0.0003
vn 0.1652 -0.9863 0.0004
vn 0.1780 -0.9840 0.0003
vn 0.1857 -0.9826 0.0002
vn 0.2199 -0.9755 -0.0002
vn 0.2935 -0.9560 0.0031
vn 0.1500 -0.9887 0.0010
vn 0.1653 -0.9862 0.0010
vn 0.1781 -0.9840 0.0009
vn 0.1858 -0.9826 0.0006
vn 0.1917 -0.9815 0.0003
vn 0.2133 -0.9770 0.0025
vn 0.3040 -0.9527 0.0033
vn 0.1501 -0.9887 0.0018
vn 0.1654 -0.9862 0.0018
vn 0.1784 -0.9840 0.0016
vn 0.1861 -0.9825 0.0012
vn 0.1921 -0.9814 0.0007
vn 0.2152 -0.9766 -0.0013
vn 0.3021 -0.9533 -0.0000
vn 0.1502 -0.9887 0.0025
vn 0.1656 -0.9862 0.0026
vn 0.1787 -0.9839 0.0024
vn 0.1866 -0.9824 0.0019
vn 0.1927 -0.9813 0.0012
vn 0.2145 -0.9767 0.0007
vn 0.3053 -0.9523 0.0004
vn -0.3756 -0.9268 0.0053
vn -0.2410 -0.9705 0.0020
vn -0.2152 -0.9766 -0.0005
vn -0.2056 -0.9786 -0.0000
vn -0.1932 -0.9812 0.0004
vn -0.1783 -0.9840 0.0007
vn -0.1610 -0.9870 0.0009
vn -0.3825 -0.9239 -0.0041
vn -0.2385 -0.9712 0.0001
vn -0.2156 -0.9765 0.0002
vn -0.2059 -0.9786 0.0005
vn -0.1935 -0.9811 0.0008
vn -0.1785 -0.9839 0.0010
vn -0.1612 -0.9869 0.0011
vn -0.3663 -0.9305 -0.0055
vn -0.2411 -0.9705 -0.0005
vn -0.2158 -0.9764 0.0008
vn -0.2061 -0.9785 0.0010
vn -0.1937 -0.9811 0.0012
vn -0.1787 -0.9839 0.0012
vn -0.1613 -0.9869 0.0013
vn -0.3526 -0.9358 0.0038
vn -0.2474 -0.9689 -0.0009
vn -0.2160 -0.9764 0.0013
vn -0.2062 -0.9785 0.0014
vn -0.1938 -0.9810 0.0014
vn -0.1788 -0.9839 0.0014
vn -0.1613 -0.9869 0.0014
vn -0.3706 -0.9288 -0.0072
vn -0.2442 -0.9697 0.0010
vn -0.2161 -0.9764 0.0017
vn -0.2063 -0.9785 0.0017
vn -0.1938 -0.9810 0.0017
vn -0.1788 -0.9839 0.0016
vn -0.1614 -0.9869 0.0015
vn -0.3413 -0.9400 0.0030
vn -0.2522 -0.9677 0.0023
vn -0.2161 -0.9764 0.0020
vn -0.2063 -0.9785 0.0019
vn -0.1939 -0.9810 0.0019
vn -0.1789 -0.9839 0.0017
vn -0.1614 -0.9869 0.0016
vn -0.3473 -0.9375 0.0227
vn -0.2481 -0.9687 0.0077
vn -0.2161 -0.9764 0.0021
vn -0.1789 -0.9839 0.0018
vn -0.3723 -0.9281 -0.0037
vn -0.2424 -0.9702 0.0018
vn -0.2162 -0.9764 0.0024
vn -0.2064 -0.9785 0.0024
vn -0.1940 -0.9810 0.0025
vn -0.1789 -0.9839 0.0026
vn -0.1614 -0.9869 0.0026
vn -0.3551 -0.9348 -0.0005
vn -0.2436 -0.9699 0.0031
vn -0.2163 -0.9763 0.0027
vn -0.2066 -0.9784 0.0031
vn -0.1943 -0.9809 0.0036
vn -0.1792 -0.9838 0.0042
vn -0.1615 -0.9869 0.0045
vn -0.3543 -0.9351 0.0093
vn -0.2405 -0.9706 0.0040
vn -0.2167 -0.9762 0.0033
vn -0.2073 -0.9783 0.0042
vn -0.1952 -0.9808 0.0054
vn -0.1799 -0.9837 0.0067
vn -0.1618 -0.9868 0.0075
vn -0.3301 -0.9439 0.0052
vn -0.2368 -0.9716 0.0028
vn -0.2175 -0.9761 0.0041
vn -0.2088 -0.9780 0.0056
vn -0.1970 -0.9804 0.0077
vn -0.1815 -0.9833 0.0099
vn -0.1624 -0.9867 0.0116
vn -0.3002 -0.9538 0.0081
vn -0.2340 -0.9722 0.0055
vn -0.2189 -0.9757 0.0049
vn -0.2112 -0.9774 0.0071
vn -0.2001 -0.9797 0.0101
vn -0.1844 -0.9828 0.0136
vn -0.1639 -0.9863 0.0169
vn -0.2694 -0.9628 0.0197
vn -0.2278 -0.9737 0.0052
vn -0.2209 -0.9753 0.0054
vn -0.2147 -0.9767 0.0081
vn -0.2051 -0.9787 0.0122
vn -0.1903 -0.9816 0.0177
vn -0.1679 -0.9855 0.0238
vn -0.2283 -0.9736 0.0046
vn -0.2263 -0.9740 0.0039
vn -0.2234 -0.9747 0.0058
vn -0.2192 -0.9756 0.0091
vn -0.2124 -0.9771 0.0143
vn -0.2007 -0.9794 0.0224
vn -0.1772 -0.9836 0.0328
vn 0.0614 -0.9981 -0.0006
vn 0.0965 -0.9953 -0.0008
vn 0.1147 -0.9934 -0.0008
vn 0.0282 -0.9996 -0.0002
vn 0.0614 -0.9981 -0.0005
vn 0.0787 -0.9969 -0.0006
vn 0.0965 -0.9953 -0.0006
vn 0.1146 -0.9934 -0.0006
vn 0.0445 -0.9990 -0.0003
vn 0.0614 -0.9981 -0.0003
vn 0.0787 -0.9969 -0.0003
vn 0.0964 -0.9953 -0.0003
vn 0.1145 -0.9934 -0.0003
vn 0.0281 -0.9996 -0.0001
vn 0.0445 -0.9990 -0.0002
vn 0.0613 -0.9981 -0.0001
vn 0.0786 -0.9969 -0.0001
vn 0.0963 -0.9953 -0.0000
vn 0.1145 -0.9934 0.0002
vn 0.0444 -0.9990 -0.0000
vn 0.0612 -0.9981 0.0001
vn 0.0785 -0.9969 0.0003
vn 0.0962 -0.9954 0.0005
vn 0.1144 -0.9934 0.0007
vn 0.0280 -0.9996 -0.0000
vn 0.0443 -0.9990 0.0001
vn 0.0611 -0.9981 0.0003
vn 0.0784 -0.9969 0.0006
vn 0.0961 -0.9954 0.0009
vn 0.1143 -0.9934 0.0013
vn 0.0279 -0.9996 0.0001
vn 0.0442 -0.9990 0.0003
vn 0.0610 -0.9981 0.0005
vn 0.0782 -0.9969 0.0009
vn 0.0959 -0.9954 0.0014
vn 0.1141 -0.9935 0.0019
vn 0.0121 -0.9999 -0.0000
vn 0.0277 -0.9996 0.0002
vn 0.0438 -0.9990 0.0006
vn 0.0604 -0.9982 0.0012
vn 0.0775 -0.9970 0.0020
vn 0.0952 -0.9955 0.0029
vn 0.1136 -0.9935 0.0038
vn 0.0120 -0.9999 0.0001
vn 0.0274 -0.9996 0.0003
vn 0.0433 -0.9991 0.0009
vn 0.0596 -0.9982 0.0018
vn 0.0766 -0.9971 0.0031
vn 0.0943 -0.9955 0.0046
vn 0.1128 -0.9936 0.0059
vn 0.0119 -0.9999 0.0001
vn 0.0270 -0.9996 0.0005
vn 0.0424 -0.9991 0.0013
vn 0.0583 -0.9983 0.0027
vn 0.0748 -0.9972 0.0047
vn 0.0925 -0.9957 0.0069
vn 0.1114 -0.9937 0.0090
vn 0.0117 -0.9999 0.0001
vn 0.0262 -0.9997 0.0006
vn 0.0410 -0.9992 0.0018
vn 0.0560 -0.9984 0.0037
vn 0.0718 -0.9974 0.0065
vn 0.0894 -0.9960 0.0098
vn 0.1090 -0.9940 0.0129
vn 0.0114 -0.9999 0.0002
vn 0.0253 -0.9997 0.0008
vn 0.0390 -0.9992 0.0021
vn 0.0526 -0.9986 0.0046
vn 0.0673 -0.9977 0.0083
vn 0.0843 -0.9964 0.0132
vn 0.1048 -0.9943 0.0181
vn 0.0110 -0.9999 0.0002
vn 0.0241 -0.9997 0.0008
vn 0.0366 -0.9993 0.0024
vn 0.0484 -0.9988 0.0051
vn 0.0609 -0.9981 0.0096
vn 0.0760 -0.9970 0.0165
vn 0.0971 -0.9950 0.0248
vn 0.0106 -0.9999 0.0002
vn 0.0228 -0.9997 0.0008
vn 0.0339 -0.9994 0.0023
vn 0.0437 -0.9990 0.0051
vn 0.0530 -0.9985 0.0099
vn 0.0635 -0.9978 0.0181
vn 0.0813 -0.9962 0.0328
vn 0.0447 -0.9990 -0.0004
vn 0.0617 -0.9981 -0.0006
vn 0.0792 -0.9969 -0.0007
vn 0.0973 -0.9953 -0.0007
vn 0.1159 -0.9933 -0.0007
vn 0.0616 -0.9981 -0.0006
vn 0.0791 -0.9969 -0.0007
vn 0.0972 -0.9953 -0.0007
vn 0.1157 -0.9933 -0.0007
vn 0.0971 -0.9953 -0.0007
vn 0.1155 -0.9933 -0.0007
vn 0.0790 -0.9969 -0.0007
vn 0.0969 -0.9953 -0.0007
vn 0.1154 -0.9933 -0.0007
vn 0.0789 -0.9969 -0.0007
vn 0.0968 -0.9953 -0.0007
vn 0.1152 -0.9933 -0.0007
vn 0.0967 -0.9953 -0.0008
vn 0.1150 -0.9934 -0.0008
vn 0.1149 -0.9934 -0.0008
vn -0.2831 -0.9590 0.0096
vn -0.2158 -0.9764 -0.0063
vn -0.2075 -0.9782 -0.0048
vn -0.1983 -0.9801 -0.0034
vn -0.1870 -0.9824 -0.0020
vn -0.1735 -0.9848 -0.0008
vn -0.1577 -0.9875 -0.0000
vn -0.3169 -0.9484 -0.0113
vn -0.2189 -0.9757 -0.0053
vn -0.2091 -0.9779 -0.0046
vn -0.1997 -0.9798 -0.0033
vn -0.1882 -0.9821 -0.0020
vn -0.1744 -0.9847 -0.0008
vn -0.1583 -0.9874 -0.0000
vn -0.3466 -0.9380 -0.0037
vn -0.2255 -0.9742 -0.0072
vn -0.2105 -0.9776 -0.0041
vn -0.2011 -0.9796 -0.0030
vn -0.1894 -0.9819 -0.0018
vn -0.1753 -0.9845 -0.0007
vn -0.1588 -0.9873 0.0001
vn -0.3741 -0.9274 0.0037
vn -0.2304 -0.9731 -0.0042
vn -0.2117 -0.9773 -0.0037
vn -0.2023 -0.9793 -0.0026
vn -0.1904 -0.9817 -0.0015
vn -0.1761 -0.9844 -0.0006
vn -0.1593 -0.9872 0.0001
vn -0.3874 -0.9218 -0.0137
vn -0.2342 -0.9722 -0.0047
vn -0.2127 -0.9771 -0.0031
vn -0.2032 -0.9791 -0.0021
vn -0.1912 -0.9815 -0.0012
vn -0.1767 -0.9843 -0.0004
vn -0.1598 -0.9871 0.0002
vn -0.3813 -0.9244 -0.0120
vn -0.2434 -0.9699 -0.0068
vn -0.2135 -0.9769 -0.0026
vn -0.2040 -0.9790 -0.0017
vn -0.1919 -0.9814 -0.0008
vn -0.1773 -0.9842 -0.0001
vn -0.1602 -0.9871 0.0004
vn -0.3837 -0.9235 -0.0031
vn -0.2454 -0.9694 -0.0024
vn -0.2142 -0.9768 -0.0020
vn -0.2046 -0.9788 -0.0012
vn -0.1924 -0.9813 -0.0004
vn -0.1777 -0.9841 0.0001
vn -0.1605 -0.9870 0.0005
vn 0.1525 -0.9883 -0.0001
vn 0.1677 -0.9858 0.0002
vn 0.1804 -0.9836 0.0006
vn 0.1909 -0.9816 0.0011
vn 0.1936 -0.9811 0.0018
vn 0.1961 -0.9806 0.0016
vn 0.2542 -0.9671 0.0043
vn 0.1522 -0.9884 -0.0001
vn 0.1675 -0.9859 0.0002
vn 0.1803 -0.9836 0.0006
vn 0.1908 -0.9816 0.0010
vn 0.1941 -0.9810 0.0003
vn 0.2014 -0.9795 -0.0030
vn 0.2531 -0.9674 -0.0017
vn 0.1519 -0.9884 -0.0002
vn 0.1673 -0.9859 0.0002
vn 0.1802 -0.9836 0.0006
vn 0.1952 -0.9808 0.0014
vn 0.2099 -0.9777 -0.0005
vn 0.2643 -0.9644 -0.0053
vn 0.1516 -0.9884 -0.0002
vn 0.1670 -0.9860 0.0002
vn 0.1800 -0.9837 0.0006
vn 0.1904 -0.9817 0.0014
vn 0.1951 -0.9808 0.0048
vn 0.2174 -0.9761 0.0055
vn 0.2786 -0.9604 0.0046
vn 0.1513 -0.9885 -0.0003
vn 0.1667 -0.9860 0.0001
vn 0.1797 -0.9837 0.0006
vn 0.1881 -0.9821 0.0022
vn 0.1937 -0.9810 0.0054
vn 0.2216 -0.9751 0.0066
vn 0.2954 -0.9553 0.0095
vn 0.1510 -0.9885 -0.0004
vn 0.1663 -0.9861 -0.0000
vn 0.1793 -0.9838 0.0005
vn 0.1870 -0.9824 0.0011
vn 0.1931 -0.9812 0.0018
vn 0.2194 -0.9756 0.0045
vn 0.3049 -0.9523 0.0127
vn 0.1507 -0.9886 -0.0005
vn 0.1660 -0.9861 -0.0002
vn 0.1789 -0.9839 0.0003
vn 0.1866 -0.9824 0.0009
vn 0.1926 -0.9813 0.0016
vn 0.2160 -0.9764 0.0038
vn 0.3340 -0.9426 -0.0011
vn -0.1205 -0.9927 0.0007
vn -0.1019 -0.9948 0.0007
vn -0.0840 -0.9965 0.0007
vn -0.0668 -0.9978 0.0006
vn -0.0502 -0.9987 0.0005
vn -0.1207 -0.9927 0.0007
vn -0.1020 -0.9948 0.0007
vn -0.0841 -0.9965 0.0007
vn -0.0669 -0.9978 0.0006
vn -0.1209 -0.9927 0.0007
vn -0.1021 -0.9948 0.0008
vn -0.1211 -0.9926 0.0007
vn -0.1022 -0.9948 0.0008
vn -0.0842 -0.9964 0.0007
vn -0.1213 -0.9926 0.0008
vn -0.1023 -0.9947 0.0008
vn -0.0843 -0.9964 0.0007
vn -0.1214 -0.9926 0.0008
vn -0.1024 -0.9947 0.0008
vn -0.1216 -0.9926 0.0009
vn -0.1025 -0.9947 0.0008
vn -0.6171 0.3124 0.7222
vn -0.1282 0.9245 0.3590
vn -0.5879 0.3896 0.7089
vn -0.4817 0.5908 0.6473
vn 0.6388 0.1475 0.7551
vn 0.1298 0.9230 0.3622
vn 0.6015 0.2938 0.7429
vn 0.4846 0.5616 0.6706
vn -0.7501 0.3946 -0.5307
vn -0.1560 0.9590 -0.2365
vn -0.7122 0.4706 -0.5208
vn -0.5771 0.6645 -0.4748
vn 0.8249 0.1946 -0.5308
vn 0.1707 0.9589 -0.2266
vn 0.7755 0.3571 -0.5206
vn 0.6190 0.6335 -0.4643
vn 0.0004 0.0803 0.9968
vn 0.0031 0.9782 0.2076
vn 0.0012 0.3457 0.9383
vn 0.0024 0.7504 0.6609
vn -0.0457 0.1311 -0.9903
vn -0.0030 0.9914 -0.1306
vn -0.0388 0.5015 -0.8643
vn -0.0206 0.8666 -0.4987
vn -0.9327 0.3603 0.0163
vn 0.0327 0.9995 -0.0038
vn -0.7995 0.6006 0.0047
vn -0.4408 0.8976 -0.0047
vn 0.0157 0.9999 0.0059
vn 0.9922 0.1247 0.0041
vn 0.5509 0.8345 0.0131
vn 0.9216 0.3881 0.0096
vn 0.0834 0.9766 -0.1984
vn -0.2508 0.1341 -0.9587
vn -0.0512 0.8335 -0.5501
vn -0.1839 0.4769 -0.8595
vn 0.1060 0.9689 0.2235
vn -0.1199 0.1100 0.9867
vn 0.0104 0.7344 0.6786
vn -0.0794 0.3489 0.9338
vn -0.1013 0.9693 0.2241
vn 0.1224 0.1086 0.9865
vn -0.0059 0.7344 0.6787
vn 0.0828 0.3481 0.9338
vn 0.0975 0.1206 -0.9879
vn -0.0729 0.9764 -0.2031
vn 0.3977 0.2084 -0.8935
vn 0.0407 0.4926 -0.8693
vn 0.1895 0.1263 -0.9737
vn 0.1321 0.4129 -0.9011
vn 0.0760 0.8811 -0.4667
vn -0.0322 0.8788 -0.4761
vn 0.0870 0.7520 -0.6534
vn 0.3105 0.1498 -0.9387
vn 0.3162 0.5591 -0.7665
vn 0.2784 0.4438 -0.8518
vn 0.0294 0.9995 0.0061
vn -0.9375 0.3479 0.0042
vn -0.4519 0.8921 0.0054
vn -0.8371 0.5470 0.0025
vn 0.0318 0.9995 0.0030
vn 0.9972 0.0684 0.0298
vn 0.6142 0.7892 0.0071
vn 0.9589 0.2832 0.0184
vn -0.9429 0.3324 0.0215
vn 0.0033 1.0000 -0.0011
vn -0.8424 0.5386 0.0129
vn -0.4863 0.8738 0.0002
vn -0.9539 0.2996 0.0173
vn 0.0215 0.9997 0.0102
vn -0.8645 0.5022 0.0176
vn -0.4779 0.8783 0.0167
vn -0.9422 0.3310 0.0520
vn 0.0152 0.9997 0.0192
vn -0.8452 0.5300 0.0685
vn -0.4864 0.8722 0.0514
vn -0.9088 0.4111 0.0712
vn 0.0183 0.9991 0.0387
vn -0.8358 0.5425 0.0849
vn -0.4715 0.8781 0.0812
vn -0.8514 0.4986 0.1629
vn 0.0042 0.9978 0.0666
vn -0.7636 0.6129 0.2033
vn -0.4156 0.8936 0.1698
vn -0.8026 0.4375 0.4056
vn -0.0227 0.9933 0.1130
vn -0.7127 0.5914 0.3772
vn -0.4468 0.8525 0.2714
vn -0.7370 0.3858 0.5549
vn -0.0772 0.9780 0.1938
vn -0.6897 0.5034 0.5205
vn -0.5004 0.7646 0.4063
vn 0.1376 0.1171 0.9835
vn -0.1135 0.9668 0.2287
vn 0.0938 0.3497 0.9321
vn -0.0052 0.7303 0.6831
vn 0.1609 0.1283 0.9786
vn -0.1209 0.9645 0.2346
vn 0.1133 0.3526 0.9289
vn 0.0037 0.7260 0.6877
vn 0.1941 0.1430 0.9705
vn -0.1224 0.9624 0.2424
vn 0.1434 0.3565 0.9232
vn 0.0226 0.7210 0.6926
vn 0.2381 0.1615 0.9577
vn -0.1137 0.9612 0.2513
vn 0.1847 0.3607 0.9142
vn 0.0533 0.7146 0.6975
vn 0.2776 0.1704 0.9455
vn -0.0856 0.9635 0.2535
vn 0.2237 0.3545 0.9079
vn 0.0902 0.7043 0.7042
vn 0.3423 0.1496 0.9276
vn -0.0412 0.9558 0.2911
vn 0.2877 0.3193 0.9029
vn 0.1580 0.6622 0.7325
vn 0.4599 0.1237 0.8793
vn 0.0210 0.9334 0.3582
vn 0.4105 0.2748 0.8695
vn 0.2776 0.5936 0.7554
vn 0.9906 0.1368 -0.0028
vn -0.0228 0.9997 -0.0035
vn 0.9235 0.3836 -0.0079
vn 0.5129 0.8584 -0.0090
vn 0.9901 0.1399 -0.0089
vn -0.0149 0.9999 -0.0063
vn 0.9115 0.4113 -0.0065
vn 0.4987 0.8667 -0.0120
vn 0.9913 0.1304 -0.0176
vn -0.0177 0.9997 -0.0154
vn 0.8908 0.4537 -0.0260
vn 0.4538 0.8905 -0.0325
vn 0.9820 0.1852 -0.0382
vn -0.0095 0.9996 -0.0278
vn 0.8304 0.5511 -0.0814
vn 0.4095 0.9092 -0.0760
vn 0.9531 0.2117 -0.2166
vn 0.0060 0.9989 -0.0465
vn 0.7748 0.5994 -0.2009
vn 0.4364 0.8909 -0.1263
vn 0.9200 0.2357 -0.3132
vn 0.0365 0.9964 -0.0766
vn 0.8227 0.4965 -0.2768
vn 0.5009 0.8446 -0.1891
vn 0.9003 0.2158 -0.3781
vn 0.0996 0.9866 -0.1290
vn 0.8318 0.4244 -0.3577
vn 0.5783 0.7684 -0.2740
vn -0.3636 0.2159 -0.9062
vn 0.1250 0.9751 -0.1832
vn -0.2557 0.5249 -0.8118
vn -0.0516 0.8503 -0.5237
vn -0.3849 0.2531 -0.8876
vn 0.1341 0.9756 -0.1736
vn -0.2761 0.5357 -0.7980
vn -0.0643 0.8510 -0.5212
vn -0.4171 0.2783 -0.8652
vn 0.1304 0.9763 -0.1726
vn -0.3087 0.5388 -0.7838
vn -0.0898 0.8479 -0.5224
vn -0.4605 0.3002 -0.8353
vn 0.1173 0.9772 -0.1771
vn -0.3550 0.5375 -0.7649
vn -0.1291 0.8415 -0.5246
vn -0.5172 0.3223 -0.7929
vn 0.0924 0.9780 -0.1869
vn -0.4175 0.5311 -0.7373
vn -0.1863 0.8294 -0.5267
vn -0.5870 0.3449 -0.7324
vn 0.0477 0.9776 -0.2051
vn -0.4989 0.5154 -0.6967
vn -0.2693 0.8044 -0.5295
vn -0.6609 0.3633 -0.6566
vn -0.0359 0.9701 -0.2401
vn -0.5950 0.4812 -0.6438
vn -0.3898 0.7462 -0.5397
vn -0.1080 0.1035 0.9888
vn 0.0912 0.9714 0.2194
vn -0.0720 0.3483 0.9346
vn 0.0074 0.7384 0.6743
vn -0.0958 0.0978 0.9906
vn 0.0767 0.9734 0.2160
vn -0.0647 0.3479 0.9353
vn 0.0043 0.7418 0.6706
vn -0.0827 0.0929 0.9922
vn 0.0628 0.9750 0.2133
vn -0.0563 0.3474 0.9360
vn 0.0019 0.7445 0.6676
vn -0.0684 0.0887 0.9937
vn 0.0497 0.9762 0.2111
vn -0.0470 0.3470 0.9367
vn 0.0003 0.7468 0.6651
vn -0.0529 0.0853 0.9949
vn 0.0372 0.9771 0.2095
vn -0.0366 0.3466 0.9373
vn -0.0005 0.7485 0.6632
vn -0.0363 0.0827 0.9959
vn 0.0253 0.9777 0.2083
vn -0.0251 0.3463 0.9378
vn -0.0004 0.7496 0.6619
vn -0.0185 0.0811 0.9965
vn 0.0140 0.9781 0.2077
vn -0.0125 0.3459 0.9382
vn 0.0006 0.7503 0.6611
vn 0.0555 0.1113 -0.9922
vn -0.0511 0.9861 -0.1581
vn 0.0331 0.4996 -0.8656
vn -0.0090 0.8618 -0.5072
vn 0.0492 0.1218 -0.9913
vn -0.0473 0.9884 -0.1443
vn 0.0218 0.4982 -0.8668
vn -0.0177 0.8634 -0.5043
vn 0.0386 0.1274 -0.9911
vn -0.0422 0.9896 -0.1378
vn 0.0151 0.5003 -0.8657
vn -0.0187 0.8651 -0.5013
vn 0.0267 0.1299 -0.9912
vn -0.0366 0.9903 -0.1338
vn 0.0074 0.5020 -0.8649
vn -0.0192 0.8663 -0.4991
vn 0.0126 0.1307 -0.9913
vn -0.0300 0.9909 -0.1315
vn -0.0015 0.5027 -0.8645
vn -0.0195 0.8670 -0.4979
vn -0.0042 0.1308 -0.9914
vn -0.0221 0.9912 -0.1304
vn -0.0123 0.5027 -0.8644
vn -0.0197 0.8672 -0.4975
vn -0.0237 0.1307 -0.9911
vn -0.0132 0.9914 -0.1302
vn -0.0247 0.5021 -0.8645
vn -0.0202 0.8670 -0.4978
vn -0.8118 0.4376 -0.3865
vn -0.0868 0.9875 -0.1318
vn -0.7542 0.5498 -0.3590
vn -0.5400 0.7951 -0.2760
vn -0.8366 0.4677 -0.2854
vn -0.0256 0.9967 -0.0774
vn -0.7443 0.6156 -0.2588
vn -0.4657 0.8654 -0.1851
vn -0.8627 0.4767 -0.1690
vn 0.0039 0.9989 -0.0465
vn -0.7359 0.6548 -0.1724
vn -0.4244 0.8977 -0.1187
vn -0.9332 0.3499 -0.0819
vn 0.0190 0.9994 -0.0277
vn -0.7520 0.6522 -0.0954
vn -0.4012 0.9132 -0.0718
vn -0.9511 0.3073 -0.0303
vn 0.0272 0.9995 -0.0153
vn -0.7810 0.6228 -0.0460
vn -0.3880 0.9208 -0.0386
vn -0.9465 0.3228 -0.0007
vn 0.0315 0.9995 -0.0072
vn -0.8048 0.5935 0.0068
vn -0.4258 0.9048 -0.0038
vn -0.9380 0.3465 -0.0007
vn 0.0134 0.9999 0.0007
vn -0.7961 0.6052 0.0052
vn -0.4569 0.8895 0.0040
vn 0.9949 0.0992 0.0202
vn 0.0789 0.9968 -0.0095
vn 0.9402 0.3405 0.0033
vn 0.6524 0.7577 -0.0166
vn 0.9866 0.1628 0.0070
vn 0.1078 0.9942 -0.0050
vn 0.9277 0.3732 0.0082
vn 0.6621 0.7494 0.0034
vn 0.9930 0.1181 -0.0049
vn 0.0646 0.9979 0.0099
vn 0.9487 0.3162 0.0003
vn 0.6400 0.7683 0.0126
vn 0.9946 0.1041 0.0052
vn 0.0784 0.9969 -0.0042
vn 0.9383 0.3457 0.0018
vn 0.6427 0.7661 -0.0091
vn 0.9944 0.1053 0.0078
vn 0.0912 0.9958 -0.0029
vn 0.9262 0.3769 0.0052
vn 0.6333 0.7739 -0.0014
vn 0.9887 0.1495 0.0135
vn 0.0692 0.9976 0.0040
vn 0.9213 0.3887 0.0127
vn 0.6051 0.7960 0.0129
vn 0.9905 0.1373 0.0068
vn 0.0256 0.9996 0.0072
vn 0.9300 0.3676 0.0069
vn 0.5703 0.8213 0.0122
vn -0.0681 0.1324 -0.9889
vn 0.0073 0.9913 -0.1312
vn -0.0531 0.5011 -0.8638
vn -0.0210 0.8660 -0.4996
vn -0.0883 0.1339 -0.9871
vn 0.0166 0.9911 -0.1324
vn -0.0661 0.5005 -0.8632
vn -0.0215 0.8650 -0.5013
vn -0.1059 0.1350 -0.9852
vn 0.0247 0.9906 -0.1345
vn -0.0775 0.4991 -0.8631
vn -0.0221 0.8635 -0.5038
vn -0.1210 0.1351 -0.9834
vn 0.0316 0.9900 -0.1378
vn -0.0874 0.4966 -0.8636
vn -0.0229 0.8614 -0.5075
vn -0.1341 0.1334 -0.9820
vn 0.0373 0.9890 -0.1430
vn -0.0962 0.4925 -0.8650
vn -0.0241 0.8583 -0.5125
vn -0.1460 0.1285 -0.9809
vn 0.0423 0.9876 -0.1512
vn -0.1044 0.4863 -0.8675
vn -0.0257 0.8541 -0.5195
vn -0.1500 0.1167 -0.9818
vn 0.0484 0.9850 -0.1653
vn -0.1076 0.4784 -0.8715
vn -0.0263 0.8486 -0.5283
vn -0.4795 0.2529 0.8403
vn 0.0007 0.9372 0.3489
vn -0.4322 0.3588 0.8273
vn -0.2840 0.6249 0.7272
vn -0.3846 0.2190 0.8967
vn 0.0709 0.9512 0.3002
vn -0.3295 0.3687 0.8692
vn -0.1745 0.6794 0.7127
vn -0.3027 0.1872 0.9345
vn 0.1060 0.9560 0.2734
vn -0.2465 0.3665 0.8972
vn -0.0999 0.7020 0.7051
vn -0.2405 0.1622 0.9570
vn 0.1224 0.9588 0.2565
vn -0.1856 0.3614 0.9138
vn -0.0506 0.7131 0.6992
vn -0.1939 0.1432 0.9705
vn 0.1281 0.9611 0.2446
vn -0.1416 0.3565 0.9235
vn -0.0185 0.7201 0.6937
vn -0.1597 0.1289 0.9787
vn 0.1263 0.9636 0.2356
vn -0.1108 0.3527 0.9291
vn 0.0007 0.7254 0.6884
vn -0.1357 0.1181 0.9837
vn 0.1186 0.9662 0.2288
vn -0.0908 0.3502 0.9323
vn 0.0096 0.7300 0.6834
vn 0.0194 0.0806 0.9966
vn -0.0078 0.9781 0.2080
vn 0.0149 0.3456 0.9383
vn 0.0042 0.7501 0.6613
vn 0.0376 0.0818 0.9959
vn -0.0194 0.9778 0.2088
vn 0.0278 0.3456 0.9380
vn 0.0052 0.7494 0.6622
vn 0.0546 0.0840 0.9950
vn -0.0315 0.9772 0.2102
vn 0.0396 0.3457 0.9375
vn 0.0053 0.7481 0.6636
vn 0.0705 0.0871 0.9937
vn -0.0444 0.9763 0.2120
vn 0.0503 0.3459 0.9369
vn 0.0045 0.7464 0.6655
vn 0.0852 0.0912 0.9922
vn -0.0578 0.9750 0.2144
vn 0.0599 0.3463 0.9362
vn 0.0029 0.7441 0.6681
vn 0.0986 0.0961 0.9905
vn -0.0719 0.9735 0.2171
vn 0.0684 0.3467 0.9355
vn 0.0005 0.7414 0.6711
vn 0.1107 0.1019 0.9886
vn -0.0865 0.9716 0.2203
vn 0.0757 0.3473 0.9347
vn -0.0027 0.7381 0.6747
vn 0.6881 0.1899 -0.7003
vn 0.0807 0.9669 -0.2422
vn 0.6177 0.3707 -0.6936
vn 0.4228 0.7118 -0.5609
vn 0.5973 0.2752 -0.7534
vn -0.0091 0.9812 -0.1927
vn 0.5046 0.4608 -0.7301
vn 0.2817 0.7871 -0.5487
vn 0.5586 0.3295 -0.7612
vn -0.0728 0.9837 -0.1646
vn 0.4534 0.5394 -0.7095
vn 0.2072 0.8393 -0.5027
vn 0.5241 0.3178 -0.7902
vn -0.0981 0.9806 -0.1699
vn 0.4122 0.5549 -0.7226
vn 0.1686 0.8527 -0.4944
vn 0.4868 0.2992 -0.8207
vn -0.1118 0.9798 -0.1658
vn 0.3690 0.5615 -0.7407
vn 0.1292 0.8616 -0.4908
vn 0.4590 0.2764 -0.8443
vn -0.1161 0.9792 -0.1662
vn 0.3374 0.5636 -0.7540
vn 0.1021 0.8672 -0.4874
vn 0.4347 0.2451 -0.8666
vn -0.1083 0.9788 -0.1738
vn 0.3037 0.5583 -0.7720
vn 0.0820 0.8672 -0.4912
vn -0.9462 0.3235 0.0066
vn 0.0345 0.9994 -0.0003
vn -0.8110 0.5850 -0.0056
vn -0.4292 0.9032 -0.0003
vn -0.9573 0.2889 -0.0068
vn -0.8010 0.5987 -0.0015
vn -0.4126 0.9109 0.0042
vn -0.9549 0.2968 0.0038
vn 0.0345 0.9994 -0.0002
vn -0.7935 0.6086 0.0039
vn -0.4139 0.9103 0.0006
vn -0.9553 0.2953 0.0126
vn 0.0346 0.9994 -0.0001
vn -0.7987 0.6015 0.0180
vn -0.4096 0.9122 0.0085
vn -0.9384 0.3449 0.0217
vn 0.0345 0.9994 -0.0000
vn -0.8140 0.5807 0.0153
vn -0.4355 0.9002 0.0007
vn -0.9370 0.3492 0.0035
vn 0.0345 0.9994 0.0001
vn -0.8209 0.5711 0.0004
vn -0.4378 0.8991 -0.0020
vn -0.9380 0.3466 0.0039
vn 0.0342 0.9994 0.0006
vn -0.8292 0.5589 0.0013
vn -0.4391 0.8984 -0.0003
vn 0.7783 0.1878 0.5992
vn 0.0820 0.9767 0.1985
vn 0.7284 0.3882 0.5645
vn 0.5145 0.7368 0.4386
vn 0.8199 0.2774 0.5009
vn 0.0292 0.9929 0.1153
vn 0.7549 0.4821 0.4447
vn 0.4665 0.8303 0.3049
vn 0.9083 0.3054 0.2860
vn 0.0034 0.9977 0.0675
vn 0.7567 0.5835 0.2949
vn 0.4199 0.8848 0.2018
vn 0.9837 0.1757 0.0376
vn -0.0098 0.9992 0.0387
vn 0.8686 0.4841 0.1061
vn 0.4548 0.8838 0.1100
vn 0.9963 0.0810 0.0298
vn 0.0066 0.9998 0.0181
vn 0.9262 0.3738 0.0499
vn 0.5315 0.8453 0.0542
vn 0.9977 0.0650 0.0171
vn 0.0375 0.9993 0.0059
vn 0.9502 0.3106 0.0267
vn 0.5908 0.8063 0.0294
vn 0.9968 0.0758 0.0268
vn 0.0418 0.9991 0.0040
vn 0.9585 0.2843 0.0222
vn 0.6201 0.7843 0.0179
vn -0.6483 -0.6857 0.3310
vn -0.6380 0.2527 0.7274
vn -0.7626 -0.1685 0.6246
vn -0.6927 0.1021 0.7139
vn 0.5607 -0.7690 0.3070
vn 0.6531 0.0733 0.7537
vn 0.7040 -0.3487 0.6187
vn 0.6767 -0.0616 0.7337
vn -0.6205 -0.7350 -0.2734
vn -0.7687 0.3490 -0.5359
vn -0.8412 -0.0261 -0.5401
vn -0.7970 0.2625 -0.5440
vn 0.6052 -0.7737 -0.1875
vn 0.8432 0.1085 -0.5266
vn 0.8667 -0.2251 -0.4452
vn 0.8615 0.0146 -0.5076
vn -0.0031 -0.9783 0.2070
vn -0.0001 -0.0814 0.9967
vn -0.0022 -0.7522 0.6589
vn -0.0009 -0.3479 0.9375
vn -0.0088 -0.9914 -0.1303
vn -0.0463 -0.1325 -0.9901
vn -0.0249 -0.8672 -0.4973
vn -0.0409 -0.5035 -0.8630
vn -0.6399 -0.7684 -0.0066
vn -0.9970 0.0753 0.0166
vn -0.8408 -0.5413 -0.0089
vn -0.9796 -0.2010 0.0035
vn 0.9976 -0.0687 0.0056
vn 0.4365 -0.8997 -0.0073
vn 0.9453 -0.3261 0.0098
vn 0.6917 -0.7222 -0.0004
vn -0.2806 -0.1166 -0.9527
vn -0.1692 -0.9824 -0.0789
vn -0.2912 -0.4813 -0.8268
vn -0.2488 -0.8535 -0.4578
vn -0.1398 -0.0355 0.9895
vn -0.1640 -0.9603 0.2256
vn -0.1659 -0.2829 0.9447
vn -0.1880 -0.6985 0.6905
vn 0.1416 -0.0372 0.9892
vn 0.1599 -0.9613 0.2243
vn 0.1663 -0.2850 0.9440
vn 0.1859 -0.7004 0.6891
vn 0.1222 -0.1727 -0.9774
vn 0.4431 -0.0701 -0.8937
vn 0.1628 -0.9816 -0.0995
vn 0.2189 -0.1244 -0.9678
vn 0.1273 -0.5457 -0.8283
vn 0.2203 -0.4147 -0.8829
vn 0.4711 -0.4462 -0.7609
vn 0.3376 -0.0777 -0.9381
vn 0.3772 -0.3664 -0.8506
vn 0.1374 -0.9066 -0.3990
vn 0.3364 -0.8523 -0.4005
vn 0.2696 -0.7460 -0.6089
vn -0.9966 0.0821 0.0121
vn -0.5997 -0.8000 0.0190
vn -0.9686 -0.2482 0.0140
vn -0.8495 -0.5276 0.0089
vn 0.9861 -0.1613 0.0397
vn 0.5113 -0.8590 0.0254
vn 0.8843 -0.4648 0.0450
vn 0.7093 -0.7040 0.0356
vn -0.5990 -0.8007 0.0109
vn -0.9967 0.0790 0.0208
vn -0.8082 -0.5887 0.0140
vn -0.9613 -0.2755 0.0088
vn -0.5858 -0.8105 -0.0020
vn -0.9917 0.1280 0.0138
vn -0.7849 -0.6196 0.0048
vn -0.9689 -0.2475 0.0051
vn -0.6028 -0.7977 -0.0188
vn -0.9944 0.1006 0.0326
vn -0.8008 -0.5989 -0.0104
vn -0.9640 -0.2654 0.0153
vn -0.5676 -0.8233 0.0070
vn -0.9832 0.1805 0.0286
vn -0.7736 -0.6337 -0.0089
vn -0.9702 -0.2423 -0.0068
vn -0.5272 -0.8495 0.0208
vn -0.9372 0.3095 0.1611
vn -0.7009 -0.7120 0.0429
vn -0.9563 -0.2730 0.1050
vn -0.5363 -0.8439 0.0143
vn -0.8635 0.3068 0.4004
vn -0.7200 -0.6815 0.1312
vn -0.9277 -0.2010 0.3146
vn -0.5647 -0.8133 0.1405
vn -0.7687 0.3036 0.5629
vn -0.8413 -0.4349 0.3210
vn -0.8544 0.0267 0.5190
vn 0.1817 -0.9560 0.2304
vn 0.1589 -0.0245 0.9870
vn 0.2103 -0.6844 0.6981
vn 0.1867 -0.2669 0.9454
vn 0.2032 -0.9498 0.2379
vn 0.1838 -0.0081 0.9829
vn 0.2384 -0.6643 0.7084
vn 0.2135 -0.2442 0.9460
vn 0.2256 -0.9422 0.2478
vn 0.2179 0.0131 0.9759
vn 0.2719 -0.6378 0.7206
vn 0.2481 -0.2145 0.9447
vn 0.2507 -0.9321 0.2615
vn 0.2623 0.0405 0.9641
vn 0.3130 -0.6010 0.7354
vn 0.2921 -0.1755 0.9401
vn 0.2730 -0.9203 0.2801
vn 0.3010 0.0619 0.9516
vn 0.3525 -0.5558 0.7529
vn 0.3321 -0.1362 0.9334
vn 0.3048 -0.9016 0.3069
vn 0.3692 0.0504 0.9280
vn 0.4069 -0.5087 0.7587
vn 0.3989 -0.1198 0.9091
vn 0.4124 -0.8389 0.3552
vn 0.4788 0.0453 0.8767
vn 0.5014 -0.3996 0.7674
vn 0.4927 -0.0684 0.8675
vn 0.4447 -0.8957 -0.0057
vn 0.9988 -0.0488 0.0004
vn 0.6657 -0.7460 -0.0186
vn 0.9354 -0.3536 -0.0084
vn 0.4730 -0.8809 0.0170
vn 0.9961 -0.0875 -0.0145
vn 0.6736 -0.7391 0.0050
vn 0.9033 -0.4287 -0.0193
vn 0.4430 -0.8965 0.0040
vn 0.9983 -0.0586 -0.0025
vn 0.6793 -0.7338 0.0145
vn 0.9369 -0.3488 0.0212
vn 0.4585 -0.8887 0.0044
vn 0.9993 -0.0158 -0.0353
vn 0.6511 -0.7584 -0.0302
vn 0.9007 -0.4309 -0.0558
vn 0.4125 -0.9110 0.0020
vn 0.9691 -0.1393 -0.2037
vn 0.7041 -0.7087 -0.0443
vn 0.9166 -0.3728 -0.1448
vn 0.4011 -0.9145 -0.0527
vn 0.9521 0.0831 -0.2944
vn 0.7384 -0.6612 -0.1330
vn 0.9638 -0.1326 -0.2314
vn 0.5200 -0.8519 -0.0623
vn 0.9206 0.0991 -0.3777
vn 0.8296 -0.5017 -0.2450
vn 0.9272 -0.1019 -0.3604
vn -0.2410 -0.9648 -0.1049
vn -0.4065 -0.0071 -0.9136
vn -0.3676 -0.7867 -0.4960
vn -0.4275 -0.3591 -0.8296
vn -0.2729 -0.9531 -0.1305
vn -0.4315 0.0513 -0.9007
vn -0.4134 -0.7405 -0.5298
vn -0.4644 -0.2862 -0.8381
vn -0.2955 -0.9436 -0.1495
vn -0.4646 0.0958 -0.8803
vn -0.4545 -0.6977 -0.5538
vn -0.5028 -0.2235 -0.8350
vn -0.3193 -0.9328 -0.1670
vn -0.5065 0.1376 -0.8512
vn -0.5007 -0.6480 -0.5739
vn -0.5465 -0.1583 -0.8223
vn -0.3507 -0.9177 -0.1866
vn -0.5598 0.1833 -0.8081
vn -0.5594 -0.5806 -0.5916
vn -0.5994 -0.0804 -0.7964
vn -0.4006 -0.8908 -0.2146
vn -0.6235 0.2358 -0.7454
vn -0.6354 -0.4758 -0.6082
vn -0.6601 0.0196 -0.7509
vn -0.4892 -0.8312 -0.2643
vn -0.6869 0.2920 -0.6655
vn -0.7226 -0.2962 -0.6246
vn -0.7155 0.1442 -0.6836
vn -0.1420 -0.9648 0.2214
vn -0.1254 -0.0456 0.9911
vn -0.1650 -0.7112 0.6834
vn -0.1478 -0.2975 0.9432
vn -0.1207 -0.9685 0.2178
vn -0.1108 -0.0545 0.9923
vn -0.1423 -0.7219 0.6772
vn -0.1296 -0.3102 0.9418
vn -0.1001 -0.9715 0.2147
vn -0.0952 -0.0622 0.9935
vn -0.1196 -0.7310 0.6718
vn -0.1105 -0.3211 0.9406
vn -0.0800 -0.9740 0.2121
vn -0.0785 -0.0687 0.9945
vn -0.0968 -0.7384 0.6674
vn -0.0905 -0.3303 0.9395
vn -0.0604 -0.9758 0.2100
vn -0.0606 -0.0740 0.9954
vn -0.0737 -0.7443 0.6638
vn -0.0696 -0.3377 0.9387
vn -0.0411 -0.9772 0.2085
vn -0.0416 -0.0779 0.9961
vn -0.0503 -0.7485 0.6612
vn -0.0477 -0.3431 0.9381
vn -0.0220 -0.9780 0.2075
vn -0.0214 -0.0803 0.9965
vn -0.0265 -0.7512 0.6596
vn -0.0248 -0.3465 0.9377
vn 0.0800 -0.9923 -0.0944
vn 0.0717 -0.1630 -0.9840
vn 0.0999 -0.8865 -0.4517
vn 0.0967 -0.5424 -0.8345
vn 0.0645 -0.9919 -0.1097
vn 0.0644 -0.1464 -0.9871
vn 0.0787 -0.8769 -0.4742
vn 0.0792 -0.5205 -0.8502
vn 0.0549 -0.9914 -0.1189
vn 0.0515 -0.1390 -0.9890
vn 0.0655 -0.8722 -0.4847
vn 0.0643 -0.5120 -0.8566
vn 0.0454 -0.9912 -0.1240
vn 0.0375 -0.1357 -0.9900
vn 0.0520 -0.8701 -0.4901
vn 0.0489 -0.5083 -0.8598
vn 0.0346 -0.9913 -0.1270
vn 0.0211 -0.1344 -0.9907
vn 0.0367 -0.8691 -0.4932
vn 0.0311 -0.5068 -0.8615
vn 0.0219 -0.9914 -0.1287
vn 0.0017 -0.1341 -0.9910
vn 0.0188 -0.8687 -0.4950
vn 0.0102 -0.5061 -0.8624
vn 0.0075 -0.9915 -0.1297
vn -0.0209 -0.1338 -0.9908
vn -0.0017 -0.8682 -0.4962
vn -0.0138 -0.5054 -0.8628
vn -0.5619 -0.8182 -0.1219
vn -0.8411 0.3724 -0.3922
vn -0.9304 -0.2650 -0.2531
vn -0.9027 0.2257 -0.3663
vn -0.4711 -0.8821 -0.0069
vn -0.8895 0.3632 -0.2772
vn -0.8162 -0.5651 -0.1200
vn -0.9735 0.0256 -0.2271
vn -0.4907 -0.8713 -0.0004
vn -0.9481 0.2791 -0.1523
vn -0.7919 -0.6096 -0.0358
vn -0.9852 -0.1323 -0.1093
vn -0.5393 -0.8421 0.0100
vn -0.9892 0.1365 -0.0543
vn -0.7983 -0.6022 -0.0088
vn -0.9868 -0.1588 -0.0318
vn -0.5353 -0.8447 0.0036
vn -0.9982 0.0558 -0.0201
vn -0.8201 -0.5721 -0.0074
vn -0.9881 -0.1536 -0.0129
vn -0.5388 -0.8424 -0.0010
vn -0.9974 0.0714 0.0030
vn -0.8510 -0.5249 0.0176
vn -0.9940 -0.1079 0.0175
vn -0.6098 -0.7924 0.0118
vn -0.9991 0.0422 -0.0069
vn -0.8502 -0.5260 0.0207
vn -0.9749 -0.2228 -0.0029
vn 0.5004 -0.8654 0.0257
vn 0.9924 -0.1183 0.0333
vn 0.7202 -0.6929 0.0341
vn 0.9047 -0.4244 0.0378
vn 0.4926 -0.8703 0.0012
vn 0.9948 -0.1012 0.0074
vn 0.7020 -0.7121 0.0127
vn 0.8988 -0.4382 0.0129
vn 0.4760 -0.8794 -0.0053
vn 0.9936 -0.1128 -0.0117
vn 0.7171 -0.6970 0.0025
vn 0.9302 -0.3669 -0.0098
vn 0.4578 -0.8891 0.0060
vn 0.9952 -0.0973 0.0045
vn 0.7108 -0.7034 0.0038
vn 0.9256 -0.3783 0.0069
vn 0.4727 -0.8812 -0.0011
vn 0.9946 -0.1024 0.0160
vn 0.7102 -0.7038 0.0179
vn 0.9314 -0.3632 0.0257
vn 0.4355 -0.9001 0.0093
vn 0.9976 -0.0669 0.0148
vn 0.6999 -0.7139 0.0194
vn 0.9479 -0.3182 0.0158
vn 0.4458 -0.8951 0.0008
vn 0.9975 -0.0710 0.0029
vn 0.7125 -0.7017 0.0010
vn 0.9483 -0.3175 0.0003
vn -0.0253 -0.9911 -0.1308
vn -0.0721 -0.1298 -0.9889
vn -0.0485 -0.8654 -0.4987
vn -0.0684 -0.5000 -0.8633
vn -0.0404 -0.9906 -0.1310
vn -0.0954 -0.1262 -0.9874
vn -0.0701 -0.8630 -0.5002
vn -0.0935 -0.4954 -0.8636
vn -0.0538 -0.9900 -0.1306
vn -0.1158 -0.1226 -0.9857
vn -0.0893 -0.8606 -0.5015
vn -0.1156 -0.4906 -0.8637
vn -0.0654 -0.9895 -0.1290
vn -0.1332 -0.1200 -0.9838
vn -0.1059 -0.8585 -0.5018
vn -0.1347 -0.4865 -0.8632
vn -0.0756 -0.9892 -0.1256
vn -0.1482 -0.1195 -0.9817
vn -0.1206 -0.8575 -0.5002
vn -0.1513 -0.4844 -0.8617
vn -0.0853 -0.9893 -0.1183
vn -0.1620 -0.1230 -0.9791
vn -0.1344 -0.8587 -0.4945
vn -0.1669 -0.4863 -0.8577
vn -0.0958 -0.9903 -0.1011
vn -0.1673 -0.1355 -0.9765
vn -0.1428 -0.8669 -0.4777
vn -0.1738 -0.4987 -0.8492
vn -0.4791 -0.7991 0.3633
vn -0.4969 0.1889 0.8470
vn -0.5515 -0.3027 0.7773
vn -0.5175 0.0633 0.8533
vn -0.3370 -0.8905 0.3057
vn -0.4071 0.1279 0.9044
vn -0.4447 -0.4602 0.7684
vn -0.4305 -0.0434 0.9016
vn -0.2905 -0.9167 0.2743
vn -0.3273 0.0780 0.9417
vn -0.3745 -0.5480 0.7480
vn -0.3560 -0.1212 0.9266
vn -0.2581 -0.9315 0.2565
vn -0.2657 0.0410 0.9632
vn -0.3200 -0.6017 0.7318
vn -0.2969 -0.1754 0.9387
vn -0.2319 -0.9414 0.2450
vn -0.2187 0.0134 0.9757
vn -0.2771 -0.6376 0.7188
vn -0.2507 -0.2144 0.9440
vn -0.2086 -0.9488 0.2370
vn -0.1835 -0.0073 0.9830
vn -0.2423 -0.6633 0.7080
vn -0.2148 -0.2433 0.9459
vn -0.1863 -0.9550 0.2308
vn -0.1578 -0.0231 0.9872
vn -0.2132 -0.6829 0.6987
vn -0.1871 -0.2653 0.9458
vn 0.0160 -0.9782 0.2071
vn 0.0213 -0.0809 0.9965
vn 0.0222 -0.7517 0.6591
vn 0.0231 -0.3472 0.9375
vn 0.0354 -0.9776 0.2077
vn 0.0419 -0.0790 0.9960
vn 0.0464 -0.7495 0.6603
vn 0.0464 -0.3444 0.9377
vn 0.0552 -0.9764 0.2089
vn 0.0615 -0.0755 0.9952
vn 0.0704 -0.7457 0.6626
vn 0.0689 -0.3395 0.9381
vn 0.0753 -0.9747 0.2106
vn 0.0799 -0.0706 0.9943
vn 0.0941 -0.7402 0.6658
vn 0.0905 -0.3325 0.9387
vn 0.0959 -0.9723 0.2130
vn 0.0971 -0.0643 0.9932
vn 0.1175 -0.7330 0.6700
vn 0.1110 -0.3235 0.9397
vn 0.1168 -0.9694 0.2160
vn 0.1130 -0.0566 0.9920
vn 0.1406 -0.7240 0.6753
vn 0.1304 -0.3126 0.9409
vn 0.1382 -0.9657 0.2197
vn 0.1275 -0.0476 0.9907
vn 0.1633 -0.7133 0.6816
vn 0.1486 -0.2998 0.9423
vn 0.4697 -0.8482 -0.2449
vn 0.7189 0.0971 -0.6883
vn 0.7083 -0.4048 -0.5783
vn 0.7413 -0.0433 -0.6698
vn 0.3867 -0.8983 -0.2087
vn 0.6367 0.1656 -0.7531
vn 0.6346 -0.5084 -0.5820
vn 0.6761 -0.0472 -0.7353
vn 0.3497 -0.9208 -0.1727
vn 0.6020 0.1901 -0.7755
vn 0.5869 -0.5844 -0.5604
vn 0.6430 -0.0788 -0.7618
vn 0.3227 -0.9343 -0.1517
vn 0.5713 0.1538 -0.8062
vn 0.5372 -0.6491 -0.5387
vn 0.6079 -0.1483 -0.7801
vn 0.2974 -0.9455 -0.1329
vn 0.5364 0.1122 -0.8365
vn 0.4900 -0.7027 -0.5159
vn 0.5691 -0.2184 -0.7927
vn 0.2727 -0.9555 -0.1128
vn 0.5084 0.0659 -0.8586
vn 0.4459 -0.7499 -0.4886
vn 0.5329 -0.2886 -0.7954
vn 0.2379 -0.9674 -0.0873
vn 0.4839 -0.0037 -0.8751
vn 0.3884 -0.8004 -0.4567
vn 0.4818 -0.3799 -0.7896
vn -0.5917 -0.8061 0.0027
vn -0.9968 0.0780 0.0190
vn -0.8783 -0.4782 -0.0017
vn -0.9907 -0.1349 0.0191
vn -0.5574 -0.8302 0.0128
vn -0.9983 0.0583 0.0037
vn -0.8865 -0.4627 0.0033
vn -0.9961 -0.0881 0.0034
vn -0.5856 -0.8106 0.0071
vn -0.9996 0.0277 -0.0006
vn -0.8634 -0.5038 0.0261
vn -0.9918 -0.1272 0.0102
vn -0.5859 -0.8104 -0.0042
vn -0.9992 0.0394 -0.0023
vn -0.8631 -0.5048 -0.0113
vn -0.9837 -0.1797 -0.0056
vn -0.5635 -0.8261 0.0061
vn -0.9928 0.1197 0.0091
vn -0.8584 -0.5130 -0.0067
vn -0.9940 -0.1093 -0.0100
vn -0.5829 -0.8125 0.0120
vn -0.9936 0.1132 0.0012
vn -0.8294 -0.5579 0.0276
vn -0.9895 -0.1443 0.0080
vn -0.6158 -0.7879 -0.0036
vn -0.9918 0.1280 0.0021
vn -0.8236 -0.5667 0.0215
vn -0.9753 -0.2202 0.0191
vn 0.4523 -0.8830 0.1258
vn 0.7890 0.0865 0.6082
vn 0.7230 -0.5767 0.3804
vn 0.8108 -0.1214 0.5726
vn 0.3798 -0.9238 0.0489
vn 0.8681 0.1186 0.4820
vn 0.6615 -0.7261 0.1875
vn 0.8969 -0.2637 0.3550
vn 0.4212 -0.9070 -0.0016
vn 0.9643 -0.0753 0.2539
vn 0.6542 -0.7556 0.0318
vn 0.8481 -0.5118 0.1366
vn 0.4732 -0.8809 0.0074
vn 0.9833 -0.1804 0.0241
vn 0.6884 -0.7252 0.0133
vn 0.8291 -0.5585 0.0262
vn 0.4933 -0.8697 0.0163
vn 0.9852 -0.1711 0.0085
vn 0.7052 -0.7087 0.0214
vn 0.8681 -0.4963 0.0094
vn 0.5260 -0.8505 0.0009
vn 0.9847 -0.1729 0.0226
vn 0.7230 -0.6908 0.0080
vn 0.8761 -0.4814 0.0251
vn 0.5095 -0.8605 0.0040
vn 0.9875 -0.1562 0.0200
vn 0.6959 -0.7179 0.0187
vn 0.8945 -0.4467 0.0152
vt 0.785194 0.582824
vt 0.817542 0.623269
vt 0.786655 0.628234
vt 0.816186 0.579121
vt 0.848233 0.617515
vt 0.847037 0.574726
vt 0.878767 0.610976
vt 0.877769 0.569574
vt 0.909179 0.603663
vt 0.908409 0.563574
vt 0.939503 0.595617
vt 0.938978 0.556528
vt 0.969766 0.586932
vt 0.819176 0.670414
vt 0.788434 0.676885
vt 0.849655 0.663031
vt 0.879934 0.654847
vt 0.910071 0.645984
vt 0.940105 0.636587
vt 0.970070 0.626816
vt 0.821104 0.720231
vt 0.790558 0.728474
vt 0.851306 0.710900
vt 0.881266 0.700743
vt 0.911073 0.690002
vt 0.940774 0.678838
vt 0.970405 0.667392
vt 0.823340 0.772383
vt 0.793066 0.782734
vt 0.853183 0.760733
vt 0.882749 0.748226
vt 0.912171 0.735235
vt 0.941500 0.721921
vt 0.970765 0.708392
vt 0.825877 0.826492
vt 0.796047 0.839531
vt 0.855243 0.812076
vt 0.884351 0.796891
vt 0.913345 0.781349
vt 0.942268 0.765590
vt 0.971146 0.749685
vt 0.828681 0.882099
vt 0.799576 0.898712
vt 0.857433 0.864449
vt 0.886033 0.846346
vt 0.914567 0.828052
vt 0.943065 0.809648
vt 0.971539 0.791172
vt 0.752834 0.543133
vt 0.754035 0.585902
vt 0.784020 0.540959
vt 0.815090 0.538294
vt 0.846061 0.535037
vt 0.876948 0.531088
vt 0.907769 0.526298
vt 0.938541 0.520316
vt 0.969501 0.548256
vt 1.000000 0.500000
vt 1.000000 0.475376
vt 1.000000 0.616854
vt 1.000000 0.577902
vt 1.000000 0.655805
vt 1.000000 0.694756
vt 1.000000 0.733707
vt 1.000000 0.772659
vt 0.218750 0.931817
vt 0.187500 0.914644
vt 0.971938 0.832756
vt 1.000000 0.811610
vt 0.915815 0.875049
vt 0.943877 0.853903
vt 0.887753 0.896195
vt 0.859691 0.917341
vt 0.859691 0.917341
vt 0.831629 0.938488
vt 0.803567 0.959634
vt 0.803567 0.959634
vt 0.000000 0.475376
vt 0.000000 0.450753
vt 0.000000 0.265135
vt 0.000000 0.303011
vt 0.765365 0.850065
vt 0.769367 0.912078
vt 0.762183 0.791275
vt 0.759565 0.735368
vt 0.757367 0.682330
vt 0.755535 0.632404
vt 0.312516 0.585812
vt 0.281253 0.629050
vt 0.281252 0.583499
vt 0.343803 0.587820
vt 0.312520 0.632159
vt 0.375124 0.589533
vt 0.343817 0.634854
vt 0.406493 0.590959
vt 0.375159 0.637159
vt 0.437920 0.592104
vt 0.406562 0.639093
vt 0.469419 0.592975
vt 0.438043 0.640659
vt 0.281253 0.677723
vt 0.312523 0.681702
vt 0.343827 0.685142
vt 0.375184 0.688100
vt 0.406611 0.690622
vt 0.469622 0.641855
vt 0.438138 0.692694
vt 0.281253 0.729136
vt 0.312524 0.734021
vt 0.343829 0.738226
vt 0.375188 0.741873
vt 0.406623 0.745054
vt 0.469797 0.694287
vt 0.438179 0.747720
vt 0.281253 0.782925
vt 0.312521 0.788685
vt 0.343820 0.793628
vt 0.375167 0.797975
vt 0.406585 0.801878
vt 0.469908 0.749793
vt 0.438142 0.805243
vt 0.281252 0.838806
vt 0.312515 0.845227
vt 0.343802 0.850797
vt 0.375123 0.855837
vt 0.406502 0.860522
vt 0.469914 0.807908
vt 0.438010 0.864736
vt 0.281251 0.896480
vt 0.312508 0.903134
vt 0.343778 0.909159
vt 0.375065 0.914873
vt 0.406385 0.920389
vt 0.469750 0.868231
vt 0.437782 0.925633
vt 0.281251 0.541452
vt 0.250000 0.580873
vt 0.250000 0.539601
vt 0.312511 0.543083
vt 0.343787 0.544500
vt 0.375089 0.545707
vt 0.406423 0.546711
vt 0.437799 0.547516
vt 0.469225 0.548128
vt 0.500708 0.548551
vt 0.501000 0.593578
vt 0.501317 0.642678
vt 0.501618 0.695375
vt 0.501860 0.751192
vt 0.501991 0.809680
vt 0.501915 0.870516
vt 0.469354 0.930350
vt 0.500000 1.000000
vt 0.468750 0.993624
vt 0.468750 0.993624
vt 0.406250 0.980871
vt 0.437500 0.987247
vt 0.375000 0.974495
vt 0.343750 0.968118
vt 0.343750 0.968118
vt 0.312500 0.961742
vt 0.281250 0.955366
vt 0.281250 0.955366
vt 0.062500 0.006847
vt 0.031250 0.003424
vt 0.281250 0.023965
vt 0.250000 0.027388
vt 0.250000 0.887938
vt 0.250000 0.830913
vt 0.250000 0.776090
vt 0.250000 0.723447
vt 0.250000 0.673147
vt 0.250000 0.625505
vt 0.281250 0.317873
vt 0.312500 0.346660
vt 0.281250 0.346708
vt 0.312500 0.317761
vt 0.343751 0.346580
vt 0.343750 0.317600
vt 0.375001 0.346481
vt 0.375000 0.317415
vt 0.406253 0.346379
vt 0.406250 0.317230
vt 0.437505 0.346288
vt 0.437501 0.317068
vt 0.468757 0.346225
vt 0.312501 0.375525
vt 0.281250 0.375481
vt 0.343752 0.375540
vt 0.375005 0.375536
vt 0.406259 0.375520
vt 0.437516 0.375503
vt 0.468775 0.375493
vt 0.312501 0.405033
vt 0.281250 0.404851
vt 0.343755 0.405179
vt 0.375011 0.405296
vt 0.406272 0.405386
vt 0.437537 0.405456
vt 0.468809 0.405511
vt 0.281250 0.435474
vt 0.312503 0.435864
vt 0.375022 0.436477
vt 0.343759 0.436197
vt 0.406292 0.436707
vt 0.437573 0.436891
vt 0.468866 0.437031
vt 0.281251 0.468011
vt 0.312505 0.468696
vt 0.343766 0.469290
vt 0.375037 0.469795
vt 0.406323 0.470214
vt 0.437626 0.470550
vt 0.281251 0.503117
vt 0.312507 0.504210
vt 0.343775 0.505158
vt 0.375059 0.505967
vt 0.406366 0.506638
vt 0.468950 0.470805
vt 0.437700 0.507177
vt 0.250000 0.288384
vt 0.250000 0.317913
vt 0.281250 0.288319
vt 0.312500 0.288146
vt 0.343750 0.287903
vt 0.375000 0.287623
vt 0.406250 0.287344
vt 0.437500 0.287100
vt 0.468751 0.316954
vt 0.468750 0.286928
vt 0.500001 0.316911
vt 0.500011 0.346204
vt 0.500037 0.375500
vt 0.500089 0.405556
vt 0.500173 0.437131
vt 0.500299 0.470983
vt 0.469068 0.507587
vt 0.500475 0.507870
vt 0.250000 0.501877
vt 0.250000 0.467231
vt 0.250000 0.435026
vt 0.250000 0.404627
vt 0.250000 0.375399
vt 0.250000 0.346706
vt 0.812505 0.317904
vt 0.781293 0.346715
vt 0.781255 0.317891
vt 0.843754 0.318097
vt 0.812541 0.346705
vt 0.875004 0.318608
vt 0.843786 0.346834
vt 0.906253 0.319600
vt 0.875031 0.347206
vt 0.937502 0.321331
vt 0.906274 0.347914
vt 0.968751 0.324043
vt 0.937516 0.349019
vt 0.781396 0.375464
vt 0.812637 0.375343
vt 0.843872 0.375280
vt 0.875103 0.375330
vt 0.906330 0.375538
vt 0.968758 0.350526
vt 0.937555 0.375890
vt 0.812824 0.404452
vt 0.781596 0.404791
vt 0.844039 0.404058
vt 0.875244 0.403614
vt 0.906440 0.403126
vt 0.937630 0.402604
vt 0.968816 0.402060
vt 0.813133 0.434667
vt 0.781927 0.435351
vt 0.844314 0.433794
vt 0.875476 0.432689
vt 0.906621 0.431324
vt 0.937754 0.429734
vt 0.968879 0.427975
vt 0.813593 0.466622
vt 0.782419 0.467796
vt 0.844725 0.465117
vt 0.875822 0.463198
vt 0.906891 0.460794
vt 0.937939 0.457869
vt 0.968973 0.454447
vt 0.814235 0.500952
vt 0.783106 0.502781
vt 0.845298 0.498655
vt 0.876305 0.495784
vt 0.907268 0.492210
vt 0.938197 0.487700
vt 0.969104 0.482036
vt 0.781250 0.288339
vt 0.750006 0.317920
vt 0.750000 0.288384
vt 0.812500 0.288307
vt 0.843750 0.288444
vt 0.875000 0.288906
vt 0.906250 0.289894
vt 0.937500 0.291796
vt 0.968750 0.295227
vt 1.000000 0.265135
vt 1.000000 0.303011
vt 1.000000 0.303011
vt 1.000000 0.376882
vt 1.000000 0.352258
vt 1.000000 0.401506
vt 1.000000 0.426129
vt 1.000000 0.450753
vt 0.250000 0.948989
vt 0.969279 0.512546
vt 0.751899 0.504244
vt 0.751196 0.468721
vt 0.750692 0.435888
vt 0.750354 0.405069
vt 0.750149 0.375585
vt 0.750044 0.346761
vt 0.031250 0.324042
vt 0.062500 0.348998
vt 0.031250 0.350516
vt 0.062500 0.321328
vt 0.093750 0.347884
vt 0.093750 0.319596
vt 0.125000 0.347168
vt 0.125000 0.318603
vt 0.156250 0.346789
vt 0.156250 0.318091
vt 0.187500 0.346654
vt 0.187500 0.317898
vt 0.218750 0.346661
vt 0.062500 0.375821
vt 0.031250 0.376321
vt 0.093750 0.375438
vt 0.125000 0.375202
vt 0.156250 0.375128
vt 0.187500 0.375173
vt 0.218750 0.375282
vt 0.062500 0.402442
vt 0.031250 0.401978
vt 0.093750 0.402889
vt 0.125000 0.403310
vt 0.156250 0.403698
vt 0.187500 0.404049
vt 0.218750 0.404360
vt 0.031250 0.427815
vt 0.062500 0.429418
vt 0.093750 0.430862
vt 0.125000 0.432096
vt 0.156250 0.433091
vt 0.187500 0.433879
vt 0.031250 0.454169
vt 0.062500 0.457322
vt 0.093750 0.459995
vt 0.125000 0.462174
vt 0.156250 0.463902
vt 0.218750 0.434508
vt 0.187500 0.465260
vt 0.031250 0.481595
vt 0.062500 0.486831
vt 0.093750 0.490941
vt 0.125000 0.494157
vt 0.156250 0.496725
vt 0.218750 0.466339
vt 0.187500 0.498789
vt 1.000000 0.327635
vt 1.000000 0.327635
vt 0.031250 0.295227
vt 0.062500 0.291796
vt 0.093750 0.289894
vt 0.125000 0.288906
vt 0.156250 0.288443
vt 0.187500 0.288306
vt 0.218750 0.317884
vt 0.218750 0.288339
vt 0.218750 0.500468
vt 0.218750 0.537506
vt 0.187500 0.535065
vt 0.156250 0.532157
vt 0.125000 0.528660
vt 0.093750 0.524404
vt 0.062500 0.519019
vt 0.031250 0.511887
vt 0.000000 0.500000
vt 0.000000 0.426129
vt 0.000000 0.401506
vt 0.000000 0.376882
vt 0.000000 0.352258
vt 0.000000 0.327635
vt 1.000000 0.037876
vt 1.000000 0.075753
vt 0.062500 0.554685
vt 0.031250 0.585665
vt 0.031250 0.547320
vt 0.093750 0.560883
vt 0.062500 0.593121
vt 0.125000 0.566122
vt 0.093750 0.600012
vt 0.156250 0.570629
vt 0.125000 0.606281
vt 0.187500 0.574526
vt 0.156250 0.611927
vt 0.218750 0.577909
vt 0.187500 0.616985
vt 0.031250 0.625171
vt 0.062500 0.633341
vt 0.093750 0.641222
vt 0.125000 0.648697
vt 0.156250 0.655671
vt 0.218750 0.621496
vt 0.187500 0.662093
vt 0.031250 0.665330
vt 0.062500 0.674757
vt 0.093750 0.683991
vt 0.125000 0.692934
vt 0.156250 0.701481
vt 0.218750 0.667931
vt 0.187500 0.709506
vt 0.031250 0.705880
vt 0.062500 0.716936
vt 0.093750 0.727854
vt 0.125000 0.738566
vt 0.156250 0.748976
vt 0.218750 0.716873
vt 0.187500 0.758872
vt 0.031250 0.746699
vt 0.062500 0.759646
vt 0.093750 0.772506
vt 0.125000 0.785235
vt 0.156250 0.797751
vt 0.218750 0.768005
vt 0.187500 0.809818
vt 0.031250 0.787696
vt 0.062500 0.802712
vt 0.093750 0.817685
vt 0.125000 0.832595
vt 0.156250 0.847393
vt 0.218750 0.821088
vt 0.187500 0.861930
vt 0.014268 0.505427
vt 0.014268 0.478216
vt 0.218750 0.875869
vt 0.250000 0.948989
vt 0.156250 0.897472
vt 0.156250 0.897472
vt 0.125000 0.880300
vt 0.093750 0.863127
vt 0.062500 0.845955
vt 0.031250 0.828782
vt 0.312500 0.020541
vt 0.312500 0.020541
vt 0.000000 0.772659
vt 0.000000 0.811610
vt 0.000000 0.694756
vt 0.000000 0.733707
vt 0.000000 0.655805
vt 0.000000 0.616854
vt 0.000000 0.577902
vt 0.000000 0.538951
vt 0.531252 0.316955
vt 0.562521 0.346309
vt 0.531266 0.346235
vt 0.593753 0.317234
vt 0.562503 0.317071
vt 0.625004 0.317420
vt 0.593777 0.346408
vt 0.656255 0.317606
vt 0.625032 0.346519
vt 0.687505 0.317767
vt 0.656287 0.346625
vt 0.718755 0.317880
vt 0.687541 0.346711
vt 0.562571 0.375572
vt 0.531303 0.375528
vt 0.593839 0.375620
vt 0.625107 0.375664
vt 0.656374 0.375692
vt 0.718793 0.346762
vt 0.687637 0.375695
vt 0.562667 0.405618
vt 0.531375 0.405594
vt 0.593962 0.405623
vt 0.625255 0.405599
vt 0.656544 0.405540
vt 0.687825 0.405436
vt 0.719096 0.405282
vt 0.562827 0.437207
vt 0.531495 0.437192
vt 0.594163 0.437169
vt 0.625497 0.437070
vt 0.656823 0.436900
vt 0.688135 0.436652
vt 0.719427 0.436317
vt 0.563065 0.471097
vt 0.531673 0.471083
vt 0.594464 0.471013
vt 0.625859 0.470820
vt 0.657241 0.470505
vt 0.688598 0.470058
vt 0.719919 0.469467
vt 0.531922 0.508028
vt 0.594884 0.507907
vt 0.563397 0.508046
vt 0.626365 0.507594
vt 0.657823 0.507088
vt 0.689243 0.506373
vt 0.720607 0.505430
vt 0.500000 0.286862
vt 0.531250 0.286928
vt 0.593750 0.287344
vt 0.562500 0.287100
vt 0.625000 0.287623
vt 0.656250 0.287903
vt 0.687500 0.288146
vt 0.718750 0.288319
vt 0.718896 0.375663
vt 0.721522 0.544905
vt 0.690102 0.546312
vt 0.658598 0.547380
vt 0.627037 0.548136
vt 0.595442 0.548605
vt 0.563839 0.548813
vt 0.532253 0.548786
vt 0.564398 0.593946
vt 0.533138 0.643121
vt 0.532669 0.593911
vt 0.596991 0.642745
vt 0.565045 0.643155
vt 0.596152 0.593649
vt 0.628926 0.641854
vt 0.627894 0.592984
vt 0.660800 0.640442
vt 0.659589 0.591917
vt 0.692562 0.638443
vt 0.691202 0.590406
vt 0.724158 0.635788
vt 0.533616 0.695932
vt 0.597932 0.695385
vt 0.565743 0.695940
vt 0.630118 0.694250
vt 0.662232 0.692502
vt 0.694199 0.690023
vt 0.725937 0.686678
vt 0.534063 0.751855
vt 0.598946 0.751065
vt 0.566453 0.751801
vt 0.631454 0.749683
vt 0.663886 0.747644
vt 0.696128 0.744746
vt 0.728061 0.740737
vt 0.534429 0.810420
vt 0.600007 0.809259
vt 0.567141 0.810228
vt 0.632916 0.807635
vt 0.665753 0.805385
vt 0.698361 0.802197
vt 0.730569 0.797654
vt 0.534645 0.871217
vt 0.601097 0.869365
vt 0.567778 0.870679
vt 0.634475 0.867494
vt 0.667795 0.865122
vt 0.700893 0.861901
vt 0.733549 0.857249
vt 0.534643 0.933826
vt 0.602202 0.930756
vt 0.568347 0.932569
vt 0.636098 0.928624
vt 0.669961 0.926214
vt 0.703689 0.923303
vt 0.737077 0.919322
vt 0.722696 0.588415
vt 0.788293 0.971144
vt 0.788296 0.971142
vt 0.706629 0.985585
vt 0.672191 0.987988
vt 0.672191 0.987988
vt 0.637753 0.990390
vt 0.603315 0.992793
vt 0.603315 0.992793
vt 0.568876 0.995195
vt 0.568876 0.995195
vt 0.534438 0.997598
vt 0.534438 0.997598
vt 0.501479 0.933526
vt 0.469026 0.964734
vt 0.562500 0.044423
vt 0.531250 0.080196
vt 0.531250 0.042134
vt 0.593750 0.047063
vt 0.562500 0.081691
vt 0.625000 0.049829
vt 0.593750 0.083637
vt 0.656250 0.052594
vt 0.625000 0.085783
vt 0.687500 0.055235
vt 0.656250 0.087929
vt 0.718750 0.057523
vt 0.687500 0.089874
vt 0.531250 0.117361
vt 0.562500 0.118370
vt 0.593750 0.119776
vt 0.625000 0.121377
vt 0.656250 0.122977
vt 0.718750 0.091370
vt 0.687500 0.124383
vt 0.531250 0.153561
vt 0.562500 0.154272
vt 0.593750 0.155277
vt 0.625000 0.156429
vt 0.656250 0.157581
vt 0.718750 0.125392
vt 0.687500 0.158587
vt 0.531250 0.188733
vt 0.562500 0.189235
vt 0.593750 0.189946
vt 0.625000 0.190760
vt 0.656250 0.191575
vt 0.718750 0.159298
vt 0.687500 0.192286
vt 0.531250 0.222767
vt 0.562500 0.223119
vt 0.593750 0.223618
vt 0.625000 0.224190
vt 0.656250 0.224762
vt 0.718750 0.192788
vt 0.687500 0.225261
vt 0.531250 0.255539
vt 0.562500 0.255787
vt 0.593750 0.256137
vt 0.625000 0.256538
vt 0.656250 0.256939
vt 0.718750 0.225614
vt 0.687500 0.257289
vt 0.468750 0.021098
vt 0.500000 0.041019
vt 0.468750 0.042134
vt 0.562500 0.006847
vt 0.593750 0.010271
vt 0.625000 0.013694
vt 0.656250 0.017118
vt 0.687500 0.020541
vt 0.718750 0.023965
vt 0.943877 0.853903
vt 0.759804 0.981875
vt 0.741067 0.983183
vt 0.741067 0.983183
vt 0.750000 0.058639
vt 0.750000 0.091976
vt 0.750000 0.125779
vt 0.750000 0.159567
vt 0.750000 0.192979
vt 0.750000 0.225747
vt 0.718750 0.257536
vt 0.750000 0.257630
vt 0.500000 0.255446
vt 0.500000 0.222633
vt 0.500000 0.188542
vt 0.500000 0.153291
vt 0.500000 0.116974
vt 0.500000 0.079590
vt 0.031250 0.040862
vt 0.062500 0.080741
vt 0.031250 0.078257
vt 0.062500 0.043836
vt 0.093750 0.083183
vt 0.093750 0.046784
vt 0.125000 0.085564
vt 0.125000 0.049694
vt 0.156250 0.087837
vt 0.156250 0.052538
vt 0.187500 0.089847
vt 0.187500 0.055218
vt 0.218750 0.091366
vt 0.062500 0.117478
vt 0.031250 0.115563
vt 0.093750 0.119354
vt 0.125000 0.121174
vt 0.156250 0.122892
vt 0.187500 0.124357
vt 0.218750 0.125388
vt 0.062500 0.153963
vt 0.031250 0.152736
vt 0.093750 0.155183
vt 0.125000 0.156393
vt 0.156250 0.157566
vt 0.187500 0.158582
vt 0.218750 0.159297
vt 0.062500 0.190063
vt 0.031250 0.189700
vt 0.093750 0.190512
vt 0.125000 0.191062
vt 0.156250 0.191702
vt 0.187500 0.192323
vt 0.218750 0.192793
vt 0.062500 0.225446
vt 0.031250 0.226249
vt 0.093750 0.225006
vt 0.125000 0.224907
vt 0.156250 0.225064
vt 0.187500 0.225350
vt 0.218750 0.225625
vt 0.062500 0.259637
vt 0.031250 0.261953
vt 0.093750 0.258279
vt 0.125000 0.257622
vt 0.156250 0.257396
vt 0.187500 0.257424
vt 0.218750 0.257553
vt 0.031250 0.003424
vt 0.000000 0.000000
vt 0.093750 0.010271
vt 0.125000 0.013694
vt 0.125000 0.013694
vt 0.156250 0.017118
vt 0.187500 0.020541
vt 0.218750 0.023965
vt 0.218750 0.023965
vt 0.531250 0.003424
vt 0.562500 0.006847
vt 0.750000 0.027388
vt 0.781250 0.023965
vt 0.781250 0.023965
vt 0.218750 0.057521
vt 0.250000 0.091976
vt 0.250000 0.125779
vt 0.250000 0.159567
vt 0.250000 0.192979
vt 0.250000 0.225747
vt 0.250000 0.257630
vt 0.000000 0.189382
vt 0.000000 0.227258
vt 0.000000 0.189382
vt 0.000000 0.151506
vt 0.000000 0.113629
vt 0.000000 0.113629
vt 0.000000 0.075753
vt 0.000000 0.037876
vt 0.812500 0.020541
vt 0.812500 0.020541
vt 0.812500 0.055218
vt 0.781250 0.091366
vt 0.781250 0.057521
vt 0.843750 0.052538
vt 0.812500 0.089847
vt 0.875000 0.049694
vt 0.843750 0.087837
vt 0.906250 0.046784
vt 0.875000 0.085564
vt 0.937500 0.043836
vt 0.906250 0.083183
vt 0.968750 0.040862
vt 0.937500 0.080741
vt 0.781250 0.125388
vt 0.812500 0.124357
vt 0.843750 0.122892
vt 0.875000 0.121174
vt 0.906250 0.119354
vt 0.968750 0.078257
vt 0.937500 0.117478
vt 0.781250 0.159297
vt 0.812500 0.158582
vt 0.843750 0.157566
vt 0.875000 0.156393
vt 0.906250 0.155183
vt 0.968750 0.115563
vt 0.937500 0.153963
vt 0.781250 0.192793
vt 0.812500 0.192323
vt 0.843750 0.191702
vt 0.875000 0.191062
vt 0.906250 0.190512
vt 0.968750 0.152736
vt 0.937500 0.190063
vt 0.781250 0.225625
vt 0.812500 0.225350
vt 0.843750 0.225064
vt 0.875000 0.224907
vt 0.906250 0.225006
vt 0.968750 0.189700
vt 0.937500 0.225446
vt 0.781250 0.257553
vt 0.812500 0.257424
vt 0.843750 0.257396
vt 0.875000 0.257622
vt 0.906250 0.258279
vt 0.968750 0.226249
vt 0.937500 0.259637
vt 0.843750 0.017118
vt 0.875000 0.013694
vt 0.875000 0.013694
vt 0.906250 0.010271
vt 0.937500 0.006847
vt 0.968750 0.003424
vt 1.000000 0.538951
vt 1.000000 0.000000
vt 1.000000 0.113629
vt 1.000000 0.151506
vt 1.000000 0.151506
vt 1.000000 0.189382
vt 1.000000 0.227258
vt 0.011876 0.015440
vt 0.031250 0.020517
vt 0.968750 0.261953
vt 0.281250 0.057523
vt 0.312500 0.089874
vt 0.281250 0.091370
vt 0.312500 0.055235
vt 0.343750 0.087929
vt 0.343750 0.052594
vt 0.375000 0.085783
vt 0.375000 0.049829
vt 0.406250 0.083637
vt 0.406250 0.047063
vt 0.437500 0.081691
vt 0.437500 0.044423
vt 0.468750 0.080196
vt 0.312500 0.124383
vt 0.281250 0.125392
vt 0.343750 0.122977
vt 0.375000 0.121377
vt 0.406250 0.119776
vt 0.437500 0.118370
vt 0.468750 0.117361
vt 0.312500 0.158587
vt 0.281250 0.159298
vt 0.343750 0.157581
vt 0.375000 0.156429
vt 0.406250 0.155277
vt 0.437500 0.154272
vt 0.468750 0.153561
vt 0.312500 0.192286
vt 0.281250 0.192788
vt 0.343750 0.191575
vt 0.375000 0.190760
vt 0.406250 0.189946
vt 0.437500 0.189235
vt 0.468750 0.188733
vt 0.312500 0.225261
vt 0.281250 0.225613
vt 0.343750 0.224762
vt 0.375000 0.224190
vt 0.406250 0.223618
vt 0.437500 0.223119
vt 0.468750 0.222767
vt 0.312500 0.257289
vt 0.281250 0.257536
vt 0.343750 0.256939
vt 0.375000 0.256538
vt 0.406250 0.256137
vt 0.437500 0.255787
vt 0.468750 0.255539
vt 0.250000 0.027388
vt 0.343750 0.017118
vt 0.375000 0.013694
vt 0.375000 0.013694
vt 0.406250 0.010271
vt 0.437500 0.006847
vt 0.468750 0.003424
vt 0.468750 0.003424
vt 0.706629 0.985585
vt 0.500000 0.000000
vt 0.250000 0.058639
vt 0.985973 0.505728
vt 0.985894 0.478417
vt 0.986335 0.621402
vt 0.986196 0.582025
vt 0.986488 0.661095
vt 0.986652 0.700982
vt 0.986826 0.741002
vt 0.987005 0.781111
vt 0.187500 0.890576
vt 0.468750 0.021098
vt 0.500000 0.018728
vt 0.943506 0.833697
vt 0.915245 0.853591
vt 0.886967 0.873435
vt 0.858660 0.893192
vt 0.830283 0.912742
vt 0.014268 0.452313
vt 0.014268 0.263682
vt 0.014268 0.542772
vt 0.014268 0.505427
vt 0.406312 0.953257
vt 0.375030 0.947273
vt 0.343763 0.941199
vt 0.312504 0.934983
vt 0.281250 0.928480
vt 0.062500 0.023735
vt 0.250000 0.041656
vt 0.281250 0.039287
vt 0.968778 0.376356
vt 0.985732 0.263682
vt 0.985736 0.351468
vt 0.985745 0.376642
vt 0.985762 0.401759
vt 0.985791 0.426972
vt 0.985834 0.452440
vt 0.437629 0.959116
vt 0.218750 0.906273
vt 0.985732 0.299457
vt 0.986075 0.543199
vt 0.014268 0.426899
vt 0.014268 0.401721
vt 0.014268 0.376626
vt 0.014268 0.351463
vt 0.014268 0.325994
vt 0.985732 0.039240
vt 0.014268 0.478216
vt 0.250000 0.921115
vt 0.156250 0.874607
vt 0.125000 0.858519
vt 0.093750 0.842380
vt 0.062500 0.826211
vt 0.031250 0.810023
vt 0.312500 0.036381
vt 0.989704 0.804598
vt 0.014268 0.739639
vt 0.014268 0.699835
vt 0.014268 0.660154
vt 0.014268 0.620651
vt 0.014268 0.620651
vt 0.014268 0.581447
vt 0.014268 0.581447
vt 0.014268 0.542772
vt 0.985733 0.325995
vt 0.801745 0.931818
vt 0.705287 0.957148
vt 0.671173 0.959784
vt 0.636997 0.962189
vt 0.602807 0.964468
vt 0.534532 0.968481
vt 0.014268 0.779524
vt 0.014268 0.739639
vt 0.469026 0.964735
vt 0.500675 0.969649
vt 0.593750 0.027069
vt 0.562500 0.024003
vt 0.625000 0.030192
vt 0.656250 0.033315
vt 0.625000 0.030192
vt 0.687500 0.036381
vt 0.718750 0.039286
vt 0.971756 0.813770
vt 0.772703 0.949413
vt 0.988146 0.015434
vt 0.968750 0.020517
vt 0.062500 0.023735
vt 0.093750 0.026942
vt 0.125000 0.030131
vt 0.125000 0.030131
vt 0.156250 0.033289
vt 0.156250 0.033289
vt 0.187500 0.036374
vt 0.218750 0.039286
vt 0.531250 0.021098
vt 0.781250 0.039286
vt 0.750000 0.041656
vt 0.014268 0.299457
vt 0.014268 0.189527
vt 0.014268 0.152067
vt 0.014268 0.114512
vt 0.014268 0.076896
vt 0.014268 0.039240
vt 0.812500 0.036374
vt 0.843750 0.033289
vt 0.875000 0.030131
vt 0.906250 0.026942
vt 0.937500 0.023735
vt 0.906250 0.026942
vt 0.968750 0.020517
vt 0.011453 0.803190
vt 0.985732 0.076896
vt 0.985732 0.114512
vt 0.985732 0.152067
vt 0.985732 0.189527
vt 0.985732 0.226798
vt 0.014268 0.226798
vt 0.343750 0.033315
vt 0.375000 0.030192
vt 0.375000 0.030192
vt 0.406250 0.027069
vt 0.437500 0.024003
vt 0.739246 0.954026
vt 0.500000 0.018728
vt 0.014268 0.263682
vt 0.014268 0.299457
vt 0.014268 0.226798
vt 0.014268 0.263682
vt 0.014268 0.189527
vt 0.014268 0.226798
vt 0.014268 0.189527
vt 0.014268 0.114512
vt 0.014268 0.152067
vt 0.014268 0.076896
vt 0.014268 0.114512
vt 0.014268 0.039240
vt 0.014268 0.076896
vt 0.011826 0.015401
vt 0.781250 0.039286
vt 0.750000 0.041656
vt 0.812500 0.036374
vt 0.843750 0.033290
vt 0.875000 0.030131
vt 0.906250 0.026942
vt 0.875000 0.030131
vt 0.937500 0.023735
vt 0.968750 0.020517
vt 0.937500 0.023735
vt 0.988278 0.015285
vt 0.968750 0.020517
vt 0.986075 0.543199
vt 0.986335 0.621402
vt 0.986652 0.700982
vt 0.986826 0.741002
vt 0.987005 0.781111
vt 0.989832 0.804669
vt 0.218750 0.906273
vt 0.093750 0.842379
vt 0.062500 0.826211
vt 0.011422 0.803209
vt 0.014268 0.779524
vt 0.250000 0.041656
vt 0.281250 0.039286
vt 0.312500 0.036381
vt 0.343750 0.033315
vt 0.375000 0.030192
vt 0.406250 0.027069
vt 0.437500 0.024003
vt 0.531250 0.021098
vt 0.500000 0.018728
vt 0.739246 0.954026
vt 0.705287 0.957149
vt 0.671173 0.959784
vt 0.636997 0.962189
vt 0.602807 0.964468
vt 0.568635 0.966602
vt 0.534532 0.968481
vt 0.500675 0.969649
vt 0.014268 0.779524
vt 0.014268 0.739639
vt 0.014268 0.739639
vt 0.014268 0.699835
vt 0.014268 0.699835
vt 0.014268 0.660154
vt 0.014268 0.620651
vt 0.014268 0.620651
vt 0.014268 0.581447
vt 0.014268 0.581447
vt 0.014268 0.542772
vt 0.014268 0.542772
vt 0.014268 0.505427
vt 0.985732 0.299457
vt 0.985733 0.325995
vt 0.985736 0.351468
vt 0.985762 0.401759
vt 0.985791 0.426972
vt 0.985894 0.478417
vt 0.437629 0.959116
vt 0.406312 0.953257
vt 0.375030 0.947273
vt 0.343763 0.941199
vt 0.312504 0.934983
vt 0.250000 0.921115
vt 0.031250 0.020517
vt 0.062500 0.023735
vt 0.093750 0.026942
vt 0.125000 0.030131
vt 0.156250 0.033289
vt 0.187500 0.036374
vt 0.218750 0.039286
vt 0.562500 0.024003
vt 0.593750 0.027069
vt 0.625000 0.030192
vt 0.593750 0.027069
vt 0.656250 0.033315
vt 0.625000 0.030192
vt 0.687500 0.036381
vt 0.718750 0.039286
vt 0.943506 0.833697
vt 0.858660 0.893192
vt 0.014268 0.478216
vt 0.014268 0.452313
vt 0.014268 0.452313
vt 0.014268 0.426899
vt 0.014268 0.401721
vt 0.014268 0.376626
vt 0.014268 0.401721
vt 0.014268 0.351463
vt 0.014268 0.376626
vt 0.014268 0.325994
vt 0.014268 0.351463
vt 0.985732 0.039240
vt 0.985732 0.076896
vt 0.985732 0.114512
vt 0.985732 0.152067
vt 0.985732 0.189527
vt 0.985732 0.226798
vt 0.764796 0.981527
vt 0.769576 0.981194
vt 0.774541 0.969720
vt 0.772153 0.981014
vt 0.780523 0.959788
vt 0.768664 0.965206
vt 0.788946 0.970652
vt 0.781289 0.976422
vt 0.780604 0.976938
vt 0.769580 0.981193
vt 0.764681 0.981535
vt 0.759801 0.981876
vt 0.780616 0.976929
vt 0.772152 0.981014
vt 0.781132 0.976540
vt 0.788518 0.970975
vt 0.774733 0.969808
vt 0.768586 0.965223
vt 0.780611 0.960055
vt 0.000000 0.264982
vt 0.000000 0.302936
vt 0.007134 0.301234
vt 0.007134 0.264408
vt 0.000000 0.226988
vt 0.007134 0.227028
vt 0.000000 0.188923
vt 0.007134 0.189454
vt 0.000000 0.150771
vt 0.007133 0.151786
vt 0.000000 0.112522
vt 0.007133 0.114070
vt 0.000000 0.074187
vt 0.007132 0.076323
vt 0.000000 0.035867
vt 0.007128 0.038552
vt 0.000042 0.000064
vt 0.006136 0.008007
vt 0.750442 0.027386
vt 0.781747 0.023910
vt 0.749993 0.034529
vt 0.781242 0.031629
vt 0.813088 0.020477
vt 0.812492 0.028461
vt 0.844473 0.017038
vt 0.843741 0.025208
vt 0.875913 0.013594
vt 0.874990 0.021919
vt 0.907410 0.010144
vt 0.906237 0.018615
vt 0.938954 0.006688
vt 0.937484 0.015305
vt 0.970473 0.003235
vt 0.968727 0.011996
vt 0.999960 0.000057
vt 0.993921 0.007940
vt 1.000000 0.539335
vt 1.000000 0.500225
vt 0.993037 0.541076
vt 0.992986 0.502864
vt 1.000000 0.578433
vt 0.993097 0.579964
vt 1.000000 0.617576
vt 0.993166 0.619128
vt 1.000000 0.656767
vt 0.993242 0.658450
vt 1.000000 0.696008
vt 0.993323 0.697869
vt 1.000000 0.735300
vt 0.993409 0.737354
vt 1.000000 0.774619
vt 0.993492 0.776881
vt 1.000052 0.811459
vt 0.994778 0.808052
vt 0.248754 0.948431
vt 0.217019 0.930865
vt 0.250093 0.935053
vt 0.218780 0.919028
vt 0.185687 0.913648
vt 0.187514 0.902601
vt 0.154359 0.896433
vt 0.156259 0.886033
vt 0.123015 0.879209
vt 0.125007 0.869404
vt 0.091668 0.861983
vt 0.093756 0.852749
vt 0.060353 0.844775
vt 0.062506 0.836079
vt 0.029130 0.827617
vt 0.031257 0.819399
vt -0.000071 0.811434
vt 0.005882 0.807290
vt 0.280846 0.024009
vt 0.249561 0.027385
vt 0.281257 0.031627
vt 0.250008 0.034529
vt 0.312133 0.020581
vt 0.312506 0.028462
vt 0.343427 0.017153
vt 0.343755 0.025217
vt 0.374726 0.013724
vt 0.375004 0.021944
vt 0.406031 0.010295
vt 0.406253 0.018670
vt 0.437343 0.006864
vt 0.437502 0.015425
vt 0.437500 0.024003
vt 0.468660 0.003433
vt 0.468751 0.012261
vt 0.499983 0.000004
vt 0.500000 0.009361
vt 0.741253 0.983170
vt 0.740156 0.968605
vt 0.769168 0.965224
vt 0.705958 0.971367
vt 0.672364 0.987976
vt 0.706837 0.985571
vt 0.671681 0.973886
vt 0.637875 0.990382
vt 0.637375 0.976290
vt 0.603367 0.992789
vt 0.603061 0.978630
vt 0.568756 0.980898
vt 0.568835 0.995198
vt 0.534280 0.997609
vt 0.534486 0.983039
vt 0.499721 0.999973
vt 0.500338 0.984829
vt 0.000000 0.774542
vt 0.007134 0.776091
vt 0.000000 0.735187
vt 0.007134 0.736673
vt 0.000000 0.695876
vt 0.007134 0.697296
vt 0.000000 0.656635
vt 0.007134 0.657979
vt 0.007134 0.618752
vt 0.000000 0.617455
vt 0.007134 0.579675
vt 0.000000 0.578327
vt 0.007134 0.540862
vt 0.000000 0.539246
vt 0.000000 0.500165
vt 1.000000 0.327576
vt 1.000000 0.302895
vt 0.992866 0.326815
vt 0.992866 0.301235
vt 1.000000 0.352226
vt 0.992868 0.351863
vt 1.000000 0.376875
vt 0.992872 0.376762
vt 1.000000 0.401525
vt 0.992881 0.401632
vt 1.000000 0.426178
vt 0.992896 0.426551
vt 1.000000 0.450836
vt 0.992917 0.451596
vt 1.000000 0.475501
vt 0.992947 0.476897
vt 0.468353 0.993543
vt 0.468890 0.979179
vt 0.436988 0.987143
vt 0.437567 0.973181
vt 0.405641 0.980747
vt 0.406284 0.967064
vt 0.374312 0.974354
vt 0.375018 0.960884
vt 0.343001 0.967965
vt 0.343759 0.954660
vt 0.311702 0.961579
vt 0.312505 0.948365
vt 0.280468 0.955206
vt 0.281255 0.941928
vt 0.029535 0.003236
vt 0.031269 0.011988
vt 0.031250 0.020517
vt 0.061064 0.006690
vt 0.062516 0.015303
vt 0.092617 0.010146
vt 0.093763 0.018613
vt 0.124115 0.013597
vt 0.125011 0.021918
vt 0.155550 0.017041
vt 0.156259 0.025208
vt 0.186929 0.020479
vt 0.187508 0.028461
vt 0.218262 0.023911
vt 0.218758 0.031628
vt 0.531307 0.003430
vt 0.531249 0.012261
vt 0.562627 0.006861
vt 0.562498 0.015425
vt 0.593943 0.010292
vt 0.593747 0.018670
vt 0.625254 0.013722
vt 0.624996 0.021944
vt 0.656559 0.017151
vt 0.656245 0.025217
vt 0.687858 0.020580
vt 0.687494 0.028462
vt 0.719151 0.024009
vt 0.718744 0.031627
vt 0.973821 0.831337
vt 0.971835 0.823255
vt 0.945808 0.852447
vt 0.943684 0.843794
vt 0.917733 0.873603
vt 0.915523 0.864315
vt 0.889636 0.894776
vt 0.887352 0.884809
vt 0.861541 0.915947
vt 0.859165 0.905259
vt 0.833459 0.937109
vt 0.830940 0.925604
vt 0.805375 0.958271
vt 0.802623 0.945709
vt 0.000000 0.475464
vt 0.007134 0.502714
vt 0.000000 0.450807
vt 0.007134 0.476796
vt 0.000000 0.426157
vt 0.007134 0.451533
vt 0.000000 0.401513
vt 0.007134 0.426514
vt 0.000000 0.376873
vt 0.007134 0.401614
vt 0.007134 0.376754
vt 0.000000 0.352235
vt 0.007134 0.351861
vt 0.000000 0.327596
vt 0.007134 0.326815
vt 0.992864 0.038560
vt 1.000000 0.074116
vt 1.000000 0.035832
vt 0.992865 0.076325
vt 1.000000 0.112429
vt 0.992865 0.114071
vt 1.000000 0.150672
vt 0.992866 0.151787
vt 1.000000 0.188830
vt 0.992866 0.189455
vt 1.000000 0.226907
vt 0.992866 0.227028
vt 1.000000 0.264917
vt 0.992866 0.264409
vt 0.014268 0.299457
vt 0.007134 0.264408
vt 0.007134 0.301235
vt 0.000000 0.264979
vt 0.000000 0.302934
vt 0.014268 0.263682
vt 0.007134 0.227028
vt 0.000000 0.226985
vt 0.014268 0.226798
vt 0.007134 0.189455
vt 0.000000 0.188920
vt 0.007135 0.151787
vt 0.000000 0.150767
vt 0.014268 0.152067
vt 0.007135 0.114071
vt 0.000000 0.112517
vt 0.014268 0.114512
vt 0.007136 0.076326
vt 0.000000 0.074181
vt 0.014268 0.076896
vt 0.007140 0.038565
vt 0.000000 0.035859
vt 0.014268 0.039240
vt 0.006158 0.008026
vt 0.000046 0.000059
vt 0.781257 0.031622
vt 0.750007 0.034516
vt 0.781744 0.023910
vt 0.750439 0.027386
vt 0.812508 0.028454
vt 0.813084 0.020477
vt 0.843759 0.025199
vt 0.844471 0.017039
vt 0.875010 0.021906
vt 0.875910 0.013594
vt 0.906262 0.018597
vt 0.907408 0.010144
vt 0.937516 0.015277
vt 0.938952 0.006688
vt 0.968772 0.011945
vt 0.970471 0.003235
vt 0.993858 0.008014
vt 0.999954 0.000054
vt 0.993038 0.541075
vt 0.992987 0.502864
vt 1.000000 0.539331
vt 1.000000 0.500222
vt 0.993099 0.579964
vt 1.000000 0.578430
vt 0.993169 0.619127
vt 1.000000 0.617573
vt 0.993246 0.658450
vt 1.000000 0.656763
vt 0.993329 0.697869
vt 1.000000 0.696004
vt 0.993417 0.737355
vt 1.000000 0.735297
vt 0.993513 0.776889
vt 1.000000 0.774617
vt 0.994715 0.808016
vt 1.000051 0.811459
vt 0.218732 0.919062
vt 0.249931 0.935048
vt 0.217113 0.930917
vt 0.248740 0.948434
vt 0.187489 0.902620
vt 0.185730 0.913672
vt 0.156242 0.886046
vt 0.154382 0.896446
vt 0.124994 0.869414
vt 0.123027 0.879216
vt 0.093744 0.852757
vt 0.091674 0.861986
vt 0.062494 0.836087
vt 0.060356 0.844776
vt 0.031244 0.819407
vt 0.029131 0.827618
vt 0.005897 0.807280
vt -0.000070 0.811435
vt 0.249993 0.034516
vt 0.281244 0.031625
vt 0.249562 0.027386
vt 0.280848 0.024009
vt 0.312495 0.028460
vt 0.312135 0.020581
vt 0.343746 0.025216
vt 0.343428 0.017153
vt 0.374997 0.021943
vt 0.374727 0.013724
vt 0.406247 0.018669
vt 0.406033 0.010294
vt 0.437498 0.015425
vt 0.437344 0.006864
vt 0.468749 0.012260
vt 0.468661 0.003433
vt 0.500000 0.009367
vt 0.499983 0.000004
vt 0.740163 0.968602
vt 0.741314 0.983165
vt 0.705959 0.971366
vt 0.706876 0.985568
vt 0.671683 0.973885
vt 0.672388 0.987974
vt 0.637375 0.976290
vt 0.637890 0.990381
vt 0.603061 0.978631
vt 0.603375 0.992788
vt 0.568635 0.966602
vt 0.568755 0.980899
vt 0.568840 0.995198
vt 0.534484 0.983040
vt 0.534283 0.997608
vt 0.500337 0.984821
vt 0.499724 0.999973
vt 0.007134 0.776092
vt 0.007134 0.736673
vt 0.000000 0.735187
vt 0.007134 0.697296
vt 0.000000 0.695876
vt 0.007134 0.657979
vt 0.000000 0.656635
vt 0.007134 0.618752
vt 0.000000 0.617455
vt 0.007134 0.579675
vt 0.007134 0.540862
vt 0.007134 0.502714
vt 0.000000 0.500166
vt 0.992866 0.301234
vt 0.992866 0.326815
vt 1.000000 0.302897
vt 1.000000 0.327577
vt 0.992868 0.351863
vt 1.000000 0.352227
vt 0.992873 0.376762
vt 1.000000 0.376875
vt 0.992881 0.401632
vt 1.000000 0.401524
vt 0.992896 0.426551
vt 1.000000 0.426177
vt 1.000000 0.450835
vt 0.992947 0.476897
vt 1.000000 0.475499
vt 0.468886 0.979179
vt 0.468355 0.993543
vt 0.437562 0.973182
vt 0.436988 0.987143
vt 0.406278 0.967064
vt 0.405637 0.980746
vt 0.375012 0.960883
vt 0.374303 0.974352
vt 0.343753 0.954657
vt 0.342982 0.967962
vt 0.312499 0.948360
vt 0.311670 0.961573
vt 0.281240 0.941915
vt 0.280424 0.955197
vt 0.031231 0.011953
vt 0.029533 0.003235
vt 0.062484 0.015280
vt 0.061062 0.006689
vt 0.093737 0.018599
vt 0.092614 0.010146
vt 0.124990 0.021907
vt 0.124113 0.013597
vt 0.156241 0.025200
vt 0.155549 0.017041
vt 0.187492 0.028454
vt 0.186929 0.020479
vt 0.218743 0.031622
vt 0.218263 0.023911
vt 0.531251 0.012260
vt 0.531306 0.003430
vt 0.562502 0.015425
vt 0.562626 0.006861
vt 0.593753 0.018669
vt 0.593942 0.010292
vt 0.625004 0.021943
vt 0.625252 0.013722
vt 0.656254 0.025216
vt 0.656557 0.017151
vt 0.687505 0.028460
vt 0.687856 0.020580
vt 0.718756 0.031625
vt 0.719148 0.024008
vt 0.971859 0.823271
vt 0.973818 0.831339
vt 0.943699 0.843805
vt 0.945803 0.852451
vt 0.915536 0.864325
vt 0.917725 0.873609
vt 0.887367 0.884821
vt 0.889624 0.894785
vt 0.859185 0.905274
vt 0.861520 0.915963
vt 0.830969 0.925625
vt 0.833423 0.937136
vt 0.802678 0.945744
vt 0.805296 0.958331
vt 0.780693 0.959928
vt 0.014268 0.505427
vt 0.007134 0.476796
vt 0.000000 0.475464
vt 0.007134 0.451533
vt 0.000000 0.450807
vt 0.007134 0.426514
vt 0.000000 0.426157
vt 0.014268 0.426899
vt 0.007134 0.401614
vt 0.000000 0.401513
vt 0.014268 0.401721
vt 0.007134 0.376754
vt 0.000000 0.376872
vt 0.014268 0.376626
vt 0.007134 0.351861
vt 0.000000 0.352234
vt 0.014268 0.351463
vt 0.007134 0.326815
vt 0.000000 0.327595
vt 0.014268 0.325994
vt 0.992868 0.038557
vt 1.000000 0.035830
vt 0.992867 0.076324
vt 1.000000 0.074116
vt 0.992867 0.114070
vt 1.000000 0.112430
vt 0.992867 0.151786
vt 1.000000 0.150674
vt 0.992867 0.189454
vt 1.000000 0.188832
vt 0.992867 0.227028
vt 1.000000 0.226910
vt 0.992866 0.264408
vt 1.000000 0.264919
vt 0.375000 0.724695
vt 0.354381 0.750000
vt 0.354381 0.724695
vt 0.593534 0.981184
vt 0.601949 1.000000
vt 0.593534 1.000000
vt 0.601842 0.724694
vt 0.593534 0.750000
vt 0.593421 0.724694
vt 0.598674 0.479381
vt 0.592419 0.500000
vt 0.592419 0.479381
vt 0.592337 0.230044
vt 0.598674 0.250000
vt 0.592419 0.250000
vt 0.600898 0.500000
vt 0.625000 0.500000
vt 0.601842 0.025305
vt 0.593421 0.025305
vt 0.598674 0.500000
vt 0.592337 0.519956
vt 0.354381 0.500000
vt 0.375000 0.520550
vt 0.354381 0.520550
vt 0.623119 0.025305
vt 0.625000 0.229450
vt 0.623026 0.229507
vt 0.623030 0.500000
vt 0.600898 0.500000
vt 0.623042 0.500000
vt 0.600749 0.250000
vt 0.598674 0.250000
vt 0.623030 0.250000
vt 0.625000 0.250000
vt 0.623042 0.250000
vt 0.600749 0.500000
vt 0.598674 0.500000
vt 0.598674 0.268816
vt 0.598674 0.268816
vt 0.593534 0.000000
vt 0.625000 0.520550
vt 0.623119 0.724695
vt 0.623026 0.520493
vt 0.143816 0.724695
vt 0.143816 0.520550
vt 0.598674 0.500000
vt 0.598674 0.268816
vt 0.143816 0.500000
vt 0.598674 0.268816
vt 0.592419 0.268816
vt 0.601949 0.770618
vt 0.593534 0.770618
vt 0.143816 0.750000
vt 0.125000 0.724695
vt 0.125000 0.750000
vt 0.600898 0.250000
vt 0.125000 0.520550
vt 0.125000 0.500000
vt 0.856184 0.500000
vt 0.875000 0.500000
vt 0.601949 0.981184
vt 0.378615 0.770619
vt 0.587700 0.981184
vt 0.378615 0.981184
vt 0.586615 0.250000
vt 0.378596 0.268816
vt 0.378596 0.250000
vt 0.586615 0.268816
vt 0.378596 0.479381
vt 0.587700 0.750000
vt 0.378615 0.750000
vt 0.378615 0.000000
vt 0.587590 0.025305
vt 0.378613 0.025305
vt 0.378598 0.520550
vt 0.587590 0.724694
vt 0.378613 0.724695
vt 0.587700 1.000000
vt 0.378615 1.000000
vt 0.586615 0.500000
vt 0.378596 0.500000
vt 0.586704 0.229450
vt 0.378598 0.229450
vt 0.586704 0.520550
vt 0.625000 0.981184
vt 0.601949 0.750000
vt 0.625000 0.770619
vt 0.598674 0.250000
vt 0.600710 0.519847
vt 0.601949 0.000000
vt 0.600898 0.250000
vt 0.625000 0.500000
vt 0.600710 0.230153
vt 0.598674 0.500000
vt 0.598674 0.479381
vt 0.625000 1.000000
vt 0.587700 0.770618
vt 0.586615 0.479381
vt 0.587700 0.000000
vt 0.600898 0.268816
vt 0.625000 0.268816
vt 0.600898 0.479381
vt 0.625000 0.479381
vt 0.623042 0.500000
vt 0.875000 0.500000
vt 0.645618 0.500000
vt 0.598674 0.250000
vt 0.625000 0.250000
vt 0.600898 0.500000
vt 0.598674 0.500000
vt 0.623042 0.500000
vt 0.598674 0.500000
vt 0.600898 0.500000
vt 0.625000 0.500000
vt 0.625000 0.500000
vt 0.600898 0.250000
vt 0.623042 0.250000
vt 0.600898 0.250000
vt 0.598674 0.250000
vt 0.625000 0.500000
vt 0.600898 0.250000
vt 0.600898 0.250000
vt 0.623042 0.250000
vt 0.598674 0.250000
vt 0.625000 0.250000
vt 0.625000 0.500000
vt 0.625000 0.500000
vt 0.875000 0.500000
vt 0.625000 0.500000
vt 0.625000 0.500000
vt 0.598674 0.500000
vt 0.598674 0.500000
vt 0.625000 0.250000
vt 0.598674 0.250000
vt 0.625000 0.250000
vt 0.598674 0.500000
vt 0.598674 0.479381
vt 0.598674 0.500000
vt 0.598674 0.250000
vt 0.598674 0.250000
vt 0.598674 0.268816
vt 0.598674 0.500000
vt 0.598674 0.479381
vt 0.375000 0.500000
vt 0.377215 0.520550
vt 0.377224 0.025305
vt 0.375000 0.229450
vt 0.375000 0.025305
vt 0.377215 0.229450
vt 0.375000 0.250000
vt 0.375000 0.479381
vt 0.377214 0.500000
vt 0.377224 0.724694
vt 0.375000 0.750000
vt 0.376915 0.981184
vt 0.375000 1.000000
vt 0.375000 0.981184
vt 0.375000 0.000000
vt 0.377222 0.747343
vt 0.375000 0.770619
vt 0.377214 0.268816
vt 0.375000 0.268816
vt 0.377214 0.250000
vt 0.377214 0.479381
vt 0.376596 1.000000
vt 0.377222 0.002657
vt 0.376915 0.770619
vt 0.625000 0.000000
vt 0.625000 0.750000
s 1
f 133/1/102 141/2/110 140/3/109
f 134/4/103 142/5/111 141/2/110
f 135/6/104 143/7/112 142/5/111
f 136/8/105 144/9/113 143/7/112
f 137/10/106 145/11/114 144/9/113
f 138/12/107 146/13/115 145/11/114
f 140/3/109 148/14/117 147/15/116
f 141/2/110 149/16/118 148/14/117
f 142/5/111 150/17/119 149/16/118
f 143/7/112 151/18/120 150/17/119
f 144/9/113 152/19/121 151/18/120
f 145/11/114 153/20/122 152/19/121
f 147/15/116 155/21/124 154/22/123
f 148/14/117 156/23/125 155/21/124
f 149/16/118 157/24/126 156/23/125
f 150/17/119 158/25/127 157/24/126
f 151/18/120 159/26/128 158/25/127
f 152/19/121 160/27/129 159/26/128
f 154/22/123 162/28/131 161/29/130
f 155/21/124 163/30/132 162/28/131
f 156/23/125 164/31/133 163/30/132
f 157/24/126 165/32/134 164/31/133
f 158/25/127 166/33/135 165/32/134
f 159/26/128 167/34/136 166/33/135
f 161/29/130 169/35/138 168/36/137
f 162/28/131 170/37/139 169/35/138
f 163/30/132 171/38/140 170/37/139
f 164/31/133 172/39/141 171/38/140
f 165/32/134 173/40/142 172/39/141
f 166/33/135 174/41/143 173/40/142
f 168/36/137 176/42/145 175/43/144
f 169/35/138 177/44/146 176/42/145
f 170/37/139 178/45/147 177/44/146
f 171/38/140 179/46/148 178/45/147
f 172/39/141 180/47/149 179/46/148
f 173/40/142 181/48/150 180/47/149
f 3/49/3 133/1/102 70/50/54
f 62/51/46 134/4/103 133/1/102
f 61/52/45 135/6/104 134/4/103
f 60/53/44 136/8/105 135/6/104
f 59/54/43 137/10/106 136/8/105
f 58/55/42 138/12/107 137/10/106
f 57/56/41 139/57/108 138/12/107
f 1470/58/1198 2182/59/1908 1925/58/1651
f 1569/60/1297 2022/61/1748 2026/60/1752
f 1573/62/1301 2026/60/1752 2030/62/1756
f 1577/63/1305 2030/62/1756 2034/63/1760
f 1581/64/1309 2034/63/1760 2038/64/1764
f 1585/65/1313 2038/64/1764 2042/65/1768
f 1589/66/1317 2050/67/1776 1593/67/1321
f 1813/68/1541 1910/69/1636 2270/68/1996
f 1821/70/1549 2274/71/2000 2278/70/2004
f 1825/72/1553 2278/70/2004 2282/72/2008
f 1829/73/1557 2282/72/2008 2286/74/2012
f 1833/75/1561 2286/74/2012 2290/75/2016
f 1837/76/1565 2290/75/2016 2294/77/2020
f 1841/78/1569 2302/79/2028 1845/79/1573
f 1505/80/1233 1953/81/1679 1962/80/1688
f 75/82/59 175/43/144 76/83/60
f 74/84/58 168/36/137 75/82/59
f 73/85/57 161/29/130 74/84/58
f 72/86/56 154/22/123 73/85/57
f 71/87/55 147/15/116 72/86/56
f 70/50/54 140/3/109 71/87/55
f 183/88/152 189/89/157 182/90/151
f 184/91/153 190/92/158 183/88/152
f 185/93/154 191/94/159 184/91/153
f 186/95/155 192/96/160 185/93/154
f 187/97/156 193/98/161 186/95/155
f 188/99/21 194/100/162 187/97/156
f 190/92/158 196/101/164 189/89/157
f 191/94/159 197/102/165 190/92/158
f 192/96/160 198/103/166 191/94/159
f 193/98/161 199/104/167 192/96/160
f 194/100/162 200/105/168 193/98/161
f 195/106/163 201/107/169 194/100/162
f 197/102/165 203/108/171 196/101/164
f 198/103/166 204/109/172 197/102/165
f 199/104/167 205/110/173 198/103/166
f 200/105/168 206/111/174 199/104/167
f 201/107/169 207/112/175 200/105/168
f 202/113/170 208/114/176 201/107/169
f 204/109/172 210/115/178 203/108/171
f 205/110/173 211/116/179 204/109/172
f 206/111/174 212/117/180 205/110/173
f 207/112/175 213/118/181 206/111/174
f 208/114/176 214/119/182 207/112/175
f 209/120/177 215/121/183 208/114/176
f 211/116/179 217/122/185 210/115/178
f 212/117/180 218/123/186 211/116/179
f 213/118/181 219/124/187 212/117/180
f 214/119/182 220/125/188 213/118/181
f 215/121/183 221/126/189 214/119/182
f 216/127/184 222/128/190 215/121/183
f 218/123/186 224/129/192 217/122/185
f 219/124/187 225/130/193 218/123/186
f 220/125/188 226/131/194 219/124/187
f 221/126/189 227/132/195 220/125/188
f 222/128/190 228/133/196 221/126/189
f 223/134/191 229/135/197 222/128/190
f 41/136/27 49/137/33 2/138/2
f 40/139/26 182/90/151 41/136/27
f 39/140/25 183/88/152 40/139/26
f 38/141/24 184/91/153 39/140/25
f 37/142/23 185/93/154 38/141/24
f 36/143/22 186/95/155 37/142/23
f 35/144/21 187/97/156 36/143/22
f 1/145/1 188/99/21 35/144/21
f 7/146/6 195/106/163 188/99/21
f 8/147/6 202/113/170 195/106/163
f 9/148/6 209/120/177 202/113/170
f 10/149/6 216/127/184 209/120/177
f 11/150/6 223/134/191 216/127/184
f 12/151/6 230/152/198 223/134/191
f 1461/153/1189 2186/154/1912 1729/155/1457
f 1737/156/1465 2190/157/1916 2194/156/1920
f 1741/158/1469 2194/156/1920 2198/158/1924
f 1745/159/1473 2198/158/1924 2202/160/1928
f 1749/161/1477 2202/160/1928 2206/161/1932
f 1753/162/1481 2206/161/1932 2210/163/1936
f 1761/164/1489 2214/165/1940 2218/164/1944
f 1617/166/1345 1933/167/1659 2074/166/1800
f 217/122/185 55/168/39 54/169/38
f 210/115/178 54/169/38 53/170/37
f 203/108/171 53/170/37 52/171/36
f 196/101/164 52/171/36 51/172/35
f 189/89/157 51/172/35 50/173/34
f 182/90/151 50/173/34 49/137/33
f 231/174/199 239/175/203 238/176/199
f 232/177/200 240/178/204 239/175/203
f 233/179/201 241/180/202 240/178/204
f 234/181/202 242/182/98 241/180/202
f 235/183/98 243/184/205 242/182/98
f 236/185/97 244/186/96 243/184/205
f 238/176/199 246/187/203 245/188/206
f 239/175/203 247/189/204 246/187/203
f 240/178/204 248/190/202 247/189/204
f 241/180/202 249/191/98 248/190/202
f 242/182/98 250/192/205 249/191/98
f 243/184/205 251/193/96 250/192/205
f 245/188/206 253/194/203 252/195/206
f 246/187/203 254/196/204 253/194/203
f 247/189/204 255/197/202 254/196/204
f 248/190/202 256/198/98 255/197/202
f 249/191/98 257/199/205 256/198/98
f 250/192/205 258/200/96 257/199/205
f 253/194/203 259/201/207 252/195/206
f 254/196/204 260/202/208 253/194/203
f 254/196/204 262/203/202 261/204/204
f 255/197/202 263/205/98 262/203/202
f 256/198/98 264/206/205 263/205/98
f 257/199/205 265/207/96 264/206/205
f 260/202/208 266/208/207 259/201/207
f 261/204/204 267/209/209 260/202/208
f 262/203/202 268/210/204 261/204/204
f 263/205/98 269/211/24 262/203/202
f 264/206/205 270/212/210 263/205/98
f 265/207/96 271/213/211 264/206/205
f 267/209/209 273/214/207 266/208/207
f 268/210/204 274/215/209 267/209/209
f 269/211/24 275/216/204 268/210/204
f 270/212/210 276/217/24 269/211/24
f 271/213/211 277/218/210 270/212/210
f 272/219/96 278/220/211 271/213/211
f 5/221/4 231/174/199 42/222/28
f 125/223/101 232/177/200 231/174/199
f 124/224/100 233/179/201 232/177/200
f 123/225/99 234/181/202 233/179/201
f 122/226/24 235/183/98 234/181/202
f 121/227/98 236/185/97 235/183/98
f 120/228/97 237/229/96 236/185/97
f 119/230/96 14/231/1 237/229/96
f 237/229/96 15/232/1 244/186/96
f 244/186/96 16/233/1 251/193/96
f 251/193/96 17/234/1 258/200/96
f 258/200/96 18/235/1 265/207/96
f 18/235/1 272/219/96 265/207/96
f 19/236/1 279/237/212 272/219/96
f 20/238/1 35/144/21 279/237/212
f 279/237/212 36/143/22 278/220/211
f 278/220/211 37/142/23 277/218/210
f 277/218/210 38/141/24 276/217/24
f 276/217/24 39/140/25 275/216/204
f 275/216/204 40/139/26 274/215/209
f 274/215/209 41/136/27 273/214/207
f 273/214/207 2/138/2 48/239/32
f 266/208/207 48/239/32 47/240/32
f 259/201/207 47/240/32 46/241/31
f 252/195/206 46/241/31 45/242/30
f 44/243/30 252/195/206 45/242/30
f 43/244/29 245/188/206 44/243/30
f 42/222/28 238/176/199 43/244/29
f 281/245/214 287/246/220 280/247/213
f 282/248/215 288/249/221 281/245/214
f 283/250/216 289/251/222 282/248/215
f 284/252/217 290/253/223 283/250/216
f 285/254/218 291/255/224 284/252/217
f 286/256/219 292/257/225 285/254/218
f 288/249/221 294/258/227 287/246/220
f 289/251/222 295/259/228 288/249/221
f 290/253/223 296/260/229 289/251/222
f 291/255/224 297/261/230 290/253/223
f 292/257/225 298/262/231 291/255/224
f 293/263/226 299/264/232 292/257/225
f 294/258/227 302/265/235 301/266/234
f 295/259/228 303/267/236 302/265/235
f 296/260/229 304/268/237 303/267/236
f 297/261/230 305/269/224 304/268/237
f 298/262/231 306/270/238 305/269/224
f 299/264/232 307/271/239 306/270/238
f 301/266/234 309/272/241 308/273/240
f 302/265/235 310/274/242 309/272/241
f 303/267/236 311/275/243 310/274/242
f 304/268/237 312/276/244 311/275/243
f 305/269/224 313/277/245 312/276/244
f 306/270/238 314/278/246 313/277/245
f 308/273/240 316/279/248 315/280/247
f 309/272/241 317/281/249 316/279/248
f 310/274/242 318/282/250 317/281/249
f 311/275/243 319/283/91 318/282/250
f 312/276/244 320/284/251 319/283/91
f 313/277/245 321/285/252 320/284/251
f 315/280/247 323/286/254 322/287/253
f 316/279/248 324/288/255 323/286/254
f 317/281/249 325/289/256 324/288/255
f 318/282/250 326/290/257 325/289/256
f 319/283/91 327/291/258 326/290/257
f 320/284/251 328/292/259 327/291/258
f 118/293/95 63/294/47 6/295/5
f 117/296/94 280/247/213 118/293/95
f 116/297/93 281/245/214 117/296/94
f 115/298/92 282/248/215 116/297/93
f 114/299/91 283/250/216 115/298/92
f 113/300/90 284/252/217 114/299/91
f 112/301/89 285/254/218 113/300/90
f 1893/302/1619 1957/303/1683 1502/304/1230
f 1709/305/1437 2162/306/1888 2166/305/1892
f 1713/307/1441 2166/305/1892 2170/307/1896
f 1717/308/1445 2170/307/1896 2174/308/1900
f 1721/309/1449 2174/308/1900 2178/309/1904
f 1725/59/1453 2178/309/1904 2182/59/1908
f 1729/155/1457 2190/157/1916 1733/157/1461
f 1474/310/1202 2046/66/1772 1589/66/1317
f 327/291/258 56/311/40 57/56/41
f 326/290/257 57/56/41 58/55/42
f 325/289/256 58/55/42 59/54/43
f 324/288/255 59/54/43 60/53/44
f 323/286/254 60/53/44 61/52/45
f 322/287/253 61/52/45 62/51/46
f 69/312/53 62/51/46 3/49/3
f 68/313/52 322/287/253 69/312/53
f 67/314/51 315/280/247 68/313/52
f 66/315/50 308/273/240 67/314/51
f 65/316/49 301/266/234 66/315/50
f 287/246/220 65/316/49 64/317/48
f 280/247/213 64/317/48 63/294/47
f 329/318/260 337/319/268 336/320/267
f 330/321/261 338/322/269 337/319/268
f 331/323/262 339/324/270 338/322/269
f 332/325/263 340/326/271 339/324/270
f 333/327/264 341/328/272 340/326/271
f 334/329/265 342/330/273 341/328/272
f 336/320/267 344/331/275 343/332/274
f 337/319/268 345/333/276 344/331/275
f 338/322/269 346/334/277 345/333/276
f 339/324/270 347/335/278 346/334/277
f 340/326/271 348/336/279 347/335/278
f 341/328/272 349/337/280 348/336/279
f 343/332/274 351/338/282 350/339/281
f 344/331/275 352/340/283 351/338/282
f 345/333/276 353/341/284 352/340/283
f 346/334/277 354/342/285 353/341/284
f 347/335/278 355/343/286 354/342/285
f 348/336/279 356/344/287 355/343/286
f 351/338/282 357/345/288 350/339/281
f 352/340/283 358/346/289 351/338/282
f 353/341/284 359/347/290 352/340/283
f 354/342/285 360/348/291 353/341/284
f 355/343/286 361/349/292 354/342/285
f 356/344/287 362/350/293 355/343/286
f 358/346/289 364/351/295 357/345/288
f 359/347/290 365/352/296 358/346/289
f 360/348/291 366/353/297 359/347/290
f 361/349/292 367/354/298 360/348/291
f 362/350/293 368/355/299 361/349/292
f 363/356/294 369/357/300 362/350/293
f 365/352/296 371/358/302 364/351/295
f 366/353/297 372/359/303 365/352/296
f 367/354/298 373/360/304 366/353/297
f 368/355/299 374/361/305 367/354/298
f 369/357/300 375/362/306 368/355/299
f 370/363/301 376/364/307 369/357/300
f 1701/365/1429 1957/303/1683 2158/366/1884
f 111/367/88 330/321/261 329/318/260
f 110/368/87 331/323/262 330/321/261
f 109/369/86 332/325/263 331/323/262
f 108/370/85 333/327/264 332/325/263
f 107/371/84 334/329/265 333/327/264
f 106/372/83 335/373/266 334/329/265
f 105/374/82 42/222/28 335/373/266
f 335/373/266 43/244/29 342/330/273
f 342/330/273 44/243/30 349/337/280
f 349/337/280 45/242/30 356/344/287
f 45/242/30 363/356/294 356/344/287
f 46/241/31 370/363/301 363/356/294
f 47/240/32 377/375/308 370/363/301
f 48/239/32 21/376/7 377/375/308
f 377/375/308 22/377/8 376/364/307
f 376/364/307 23/378/9 375/362/306
f 375/362/306 24/379/10 374/361/305
f 374/361/305 25/380/11 373/360/304
f 373/360/304 26/381/12 372/359/303
f 372/359/303 27/382/13 371/358/302
f 1465/383/1193 2298/78/2024 1841/78/1569
f 1845/79/1573 2306/384/2032 1849/384/1576
f 1849/384/1576 2310/385/2036 1853/385/1580
f 1853/385/1580 2314/386/2040 1857/386/1584
f 1857/386/1584 2318/387/2044 1861/387/1587
f 1861/387/1587 2322/388/2048 1865/388/1591
f 1869/389/1595 2330/390/2056 1873/390/1599
f 379/391/12 385/392/314 378/393/13
f 380/394/309 386/395/315 379/391/12
f 381/396/310 387/397/316 380/394/309
f 382/398/311 388/399/317 381/396/310
f 383/400/312 389/401/318 382/398/311
f 384/402/313 390/403/319 383/400/312
f 386/395/315 392/404/321 385/392/314
f 387/397/316 393/405/322 386/395/315
f 388/399/317 394/406/323 387/397/316
f 389/401/318 395/407/324 388/399/317
f 390/403/319 396/408/325 389/401/318
f 391/409/320 397/410/326 390/403/319
f 393/405/322 399/411/328 392/404/321
f 394/406/323 400/412/329 393/405/322
f 395/407/324 401/413/330 394/406/323
f 396/408/325 402/414/331 395/407/324
f 397/410/326 403/415/332 396/408/325
f 398/416/327 404/417/333 397/410/326
f 400/412/329 406/418/335 399/411/328
f 401/413/330 407/419/336 400/412/329
f 402/414/331 408/420/337 401/413/330
f 403/415/332 409/421/338 402/414/331
f 404/417/333 410/422/339 403/415/332
f 405/423/334 411/424/340 404/417/333
f 407/419/336 413/425/342 406/418/335
f 408/420/337 414/426/343 407/419/336
f 409/421/338 415/427/344 408/420/337
f 410/422/339 416/428/345 409/421/338
f 411/424/340 417/429/346 410/422/339
f 412/430/341 418/431/347 411/424/340
f 414/426/343 420/432/349 413/425/342
f 415/427/344 421/433/350 414/426/343
f 416/428/345 422/434/351 415/427/344
f 417/429/346 423/435/352 416/428/345
f 418/431/347 424/436/353 417/429/346
f 419/437/348 425/438/354 418/431/347
f 371/358/302 1466/439/1194 1842/440/1570
f 26/381/12 378/393/13 27/382/13
f 25/380/11 379/391/12 26/381/12
f 24/379/10 380/394/309 25/380/11
f 23/378/9 381/396/310 24/379/10
f 22/377/8 382/398/311 23/378/9
f 21/376/7 383/400/312 22/377/8
f 2/138/2 384/402/313 21/376/7
f 49/137/33 391/409/320 384/402/313
f 50/173/34 398/416/327 391/409/320
f 51/172/35 405/423/334 398/416/327
f 52/171/36 412/430/341 405/423/334
f 53/170/37 419/437/348 412/430/341
f 54/169/38 426/441/355 419/437/348
f 1474/310/1202 2210/163/1936 1929/442/1655
f 1593/67/1321 2054/443/1780 1597/444/1325
f 1597/444/1325 2058/445/1784 1601/445/1329
f 1601/445/1329 2062/446/1788 1605/446/1333
f 1605/446/1333 2066/447/1792 1609/447/1337
f 1609/447/1337 2070/448/1796 1613/448/1341
f 1621/449/1349 2074/166/1800 2078/450/1804
f 1673/451/1401 1906/452/1632 2130/451/1856
f 1681/453/1409 2134/454/1860 2138/453/1864
f 1681/453/1409 2142/455/1868 1685/455/1413
f 1685/455/1413 2146/456/1872 1689/456/1417
f 1689/456/1417 2150/457/1876 1693/457/1421
f 1693/457/1421 2154/458/1880 1697/458/1425
f 1705/306/1433 2158/366/1884 2162/306/1888
f 427/459/81 435/460/80 434/461/81
f 429/462/79 435/460/80 428/463/80
f 430/464/78 436/465/79 429/462/79
f 431/466/77 437/467/358 430/464/78
f 432/468/356 438/469/359 431/466/77
f 433/470/357 439/471/360 432/468/356
f 434/461/81 442/472/362 441/473/81
f 435/460/80 443/474/363 442/472/362
f 437/467/358 443/474/363 436/465/79
f 438/469/359 444/475/364 437/467/358
f 439/471/360 445/476/365 438/469/359
f 440/477/361 446/478/366 439/471/360
f 441/473/81 449/479/362 448/480/81
f 442/472/362 450/481/368 449/479/362
f 443/474/363 451/482/369 450/481/368
f 444/475/364 452/483/370 451/482/369
f 445/476/365 453/484/371 452/483/370
f 446/478/366 454/485/372 453/484/371
f 448/480/81 456/486/374 455/487/373
f 449/479/362 457/488/375 456/486/374
f 450/481/368 458/489/376 457/488/375
f 451/482/369 459/490/377 458/489/376
f 452/483/370 460/491/378 459/490/377
f 453/484/371 461/492/379 460/491/378
f 455/487/373 463/493/380 462/494/373
f 456/486/374 464/495/381 463/493/380
f 457/488/375 465/496/382 464/495/381
f 458/489/376 466/497/383 465/496/382
f 459/490/377 467/498/384 466/497/383
f 460/491/378 468/499/385 467/498/384
f 463/493/380 469/500/20 462/494/373
f 463/493/380 471/501/387 470/502/386
f 464/495/381 472/503/388 471/501/387
f 465/496/382 473/504/389 472/503/388
f 466/497/383 474/505/390 473/504/389
f 467/498/384 475/506/391 474/505/390
f 4/507/1 427/459/81 14/231/1
f 104/508/81 428/463/80 427/459/81
f 102/509/79 428/463/80 103/510/80
f 101/511/78 429/462/79 102/509/79
f 100/512/77 430/464/78 101/511/78
f 99/513/76 431/466/77 100/512/77
f 98/514/75 432/468/356 99/513/76
f 6/295/5 433/470/357 98/514/75
f 63/294/47 440/477/361 433/470/357
f 64/317/48 447/515/367 440/477/361
f 447/515/367 66/315/50 454/485/372
f 454/485/372 67/314/51 461/492/379
f 461/492/379 68/313/52 468/499/385
f 468/499/385 69/312/53 475/506/391
f 475/506/391 3/49/3 28/516/14
f 474/505/390 28/516/14 29/517/15
f 473/504/389 29/517/15 30/518/16
f 472/503/388 30/518/16 31/519/17
f 471/501/387 31/519/17 32/520/18
f 470/502/386 32/520/18 33/521/19
f 470/502/386 34/522/20 469/500/20
f 469/500/20 1/145/1 20/238/1
f 462/494/373 20/238/1 19/236/1
f 18/235/1 462/494/373 19/236/1
f 17/234/1 455/487/373 18/235/1
f 16/233/1 448/480/81 17/234/1
f 15/232/1 441/473/81 16/233/1
f 14/231/1 434/461/81 15/232/1
f 477/523/393 483/524/399 476/525/392
f 477/523/393 485/526/401 484/527/400
f 478/528/394 486/529/402 485/526/401
f 479/530/395 487/531/403 486/529/402
f 480/532/396 488/533/404 487/531/403
f 481/534/397 489/535/405 488/533/404
f 484/527/400 490/536/406 483/524/399
f 484/527/400 492/537/408 491/538/407
f 485/526/401 493/539/409 492/537/408
f 486/529/402 494/540/410 493/539/409
f 487/531/403 495/541/411 494/540/410
f 488/533/404 496/542/412 495/541/411
f 491/538/407 497/543/413 490/536/406
f 491/538/407 499/544/415 498/545/414
f 492/537/408 500/546/416 499/544/415
f 493/539/409 501/547/417 500/546/416
f 494/540/410 502/548/418 501/547/417
f 495/541/411 503/549/419 502/548/418
f 498/545/414 504/550/420 497/543/413
f 498/545/414 506/551/422 505/552/421
f 499/544/415 507/553/423 506/551/422
f 500/546/416 508/554/424 507/553/423
f 501/547/417 509/555/425 508/554/424
f 502/548/418 510/556/426 509/555/425
f 505/552/421 511/557/427 504/550/420
f 505/552/421 513/558/429 512/559/428
f 506/551/422 514/560/430 513/558/429
f 507/553/423 515/561/431 514/560/430
f 508/554/424 516/562/432 515/561/431
f 509/555/425 517/563/433 516/562/432
f 512/559/428 518/564/434 511/557/427
f 512/559/428 520/565/436 519/566/435
f 513/558/429 521/567/437 520/565/436
f 514/560/430 522/568/438 521/567/437
f 515/561/431 523/569/439 522/568/438
f 516/562/432 524/570/440 523/569/439
f 34/522/20 7/146/6 1/145/1
f 33/521/19 476/525/392 34/522/20
f 33/521/19 478/528/394 477/523/393
f 32/520/18 479/530/395 478/528/394
f 31/519/17 480/532/396 479/530/395
f 30/518/16 481/534/397 480/532/396
f 29/517/15 482/571/398 481/534/397
f 28/516/14 70/50/54 482/571/398
f 482/571/398 71/87/55 489/535/405
f 489/535/405 72/86/56 496/542/412
f 496/542/412 73/85/57 503/549/419
f 503/549/419 74/84/58 510/556/426
f 510/556/426 75/82/59 517/563/433
f 517/563/433 76/83/60 524/570/440
f 1487/572/1215 2294/77/2020 1942/573/1668
f 1649/574/1377 2110/575/1836 1653/576/1381
f 1653/576/1381 2114/577/1840 1657/577/1385
f 1657/577/1385 2118/578/1844 1661/579/1389
f 1661/579/1389 2122/580/1848 1665/581/1393
f 1665/581/1393 2126/582/1852 1669/583/1397
f 1677/454/1405 2130/451/1856 2134/454/1860
f 13/584/6 1730/585/1458 230/152/198
f 511/557/427 13/584/6 12/151/6
f 504/550/420 12/151/6 11/150/6
f 497/543/413 11/150/6 10/149/6
f 490/536/406 10/149/6 9/148/6
f 483/524/399 9/148/6 8/147/6
f 476/525/392 8/147/6 7/146/6
f 526/586/80 532/587/81 525/588/81
f 527/589/441 533/590/80 526/586/80
f 528/591/442 534/592/79 527/589/441
f 529/593/443 535/594/446 528/591/442
f 530/595/444 536/596/447 529/593/443
f 531/597/445 537/598/448 530/595/444
f 533/590/80 539/599/450 532/587/81
f 534/592/79 540/600/80 533/590/80
f 535/594/446 541/601/79 534/592/79
f 536/596/447 542/602/446 535/594/446
f 537/598/448 543/603/447 536/596/447
f 538/604/449 544/605/451 537/598/448
f 540/600/80 546/606/450 539/599/450
f 541/601/79 547/607/80 540/600/80
f 542/602/446 548/608/79 541/601/79
f 543/603/447 549/609/446 542/602/446
f 544/605/451 550/610/453 543/603/447
f 545/611/452 551/612/454 544/605/451
f 547/607/80 553/613/81 546/606/450
f 548/608/79 554/614/80 547/607/80
f 549/609/446 555/615/79 548/608/79
f 550/610/453 556/616/456 549/609/446
f 551/612/454 557/617/457 550/610/453
f 552/618/455 558/619/458 551/612/454
f 554/614/80 560/620/81 553/613/81
f 555/615/79 561/621/80 554/614/80
f 556/616/456 562/622/79 555/615/79
f 557/617/457 563/623/456 556/616/456
f 558/619/458 564/624/460 557/617/457
f 559/625/459 565/626/461 558/619/458
f 561/621/80 567/627/81 560/620/81
f 562/622/79 568/628/80 561/621/80
f 563/623/456 569/629/79 562/622/79
f 564/624/460 570/630/456 563/623/456
f 565/626/461 571/631/77 564/624/460
f 566/632/462 572/633/76 565/626/461
f 1642/634/1370 77/635/1 678/636/96
f 1789/637/1517 2250/638/1976 1793/638/1521
f 1793/638/1521 2254/639/1980 1797/639/1525
f 1797/639/1525 2258/640/1984 1801/640/1529
f 1801/640/1529 2262/641/1988 1805/641/1533
f 1805/641/1533 2266/642/1992 1809/642/1537
f 1817/643/1545 2270/68/1996 2274/71/2000
f 1485/644/1213 2102/645/1828 1645/646/1373
f 91/647/68 538/604/449 531/597/445
f 92/648/69 545/611/452 538/604/449
f 93/649/70 552/618/455 545/611/452
f 94/650/71 559/625/459 552/618/455
f 95/651/72 566/632/462 559/625/459
f 96/652/73 573/653/463 566/632/462
f 97/654/74 98/514/75 573/653/463
f 573/653/463 99/513/76 572/633/76
f 572/633/76 100/512/77 571/631/77
f 571/631/77 101/511/78 570/630/456
f 570/630/456 102/509/79 569/629/79
f 569/629/79 103/510/80 568/628/80
f 568/628/80 104/508/81 567/627/81
f 83/655/1 104/508/81 4/507/1
f 82/656/1 567/627/81 83/655/1
f 81/657/1 560/620/81 82/656/1
f 546/606/450 81/657/1 80/658/1
f 539/599/450 80/658/1 79/659/1
f 532/587/81 79/659/1 78/660/1
f 525/588/81 78/660/1 77/635/1
f 574/661/464 582/662/472 581/663/471
f 575/664/465 583/665/473 582/662/472
f 576/666/466 584/667/474 583/665/473
f 577/668/467 585/669/475 584/667/474
f 578/670/468 586/671/476 585/669/475
f 579/672/469 587/673/477 586/671/476
f 581/663/471 589/674/479 588/675/478
f 582/662/472 590/676/480 589/674/479
f 583/665/473 591/677/481 590/676/480
f 584/667/474 592/678/482 591/677/481
f 585/669/475 593/679/483 592/678/482
f 586/671/476 594/680/484 593/679/483
f 588/675/478 596/681/486 595/682/485
f 589/674/479 597/683/487 596/681/486
f 590/676/480 598/684/488 597/683/487
f 591/677/481 599/685/489 598/684/488
f 592/678/482 600/686/490 599/685/489
f 593/679/483 601/687/491 600/686/490
f 595/682/485 603/688/493 602/689/492
f 596/681/486 604/690/494 603/688/493
f 597/683/487 605/691/495 604/690/494
f 598/684/488 606/692/496 605/691/495
f 599/685/489 607/693/497 606/692/496
f 600/686/490 608/694/498 607/693/497
f 602/689/492 610/695/500 609/696/499
f 603/688/493 611/697/501 610/695/500
f 604/690/494 612/698/502 611/697/501
f 605/691/495 613/699/503 612/698/502
f 606/692/496 614/700/504 613/699/503
f 607/693/497 615/701/505 614/700/504
f 609/696/499 617/702/507 616/703/506
f 610/695/500 618/704/508 617/702/507
f 611/697/501 619/705/509 618/704/508
f 612/698/502 620/706/510 619/705/509
f 613/699/503 621/707/511 620/706/510
f 614/700/504 622/708/512 621/707/511
f 1757/709/1485 1898/710/1624 2214/165/1940
f 1765/711/1493 2218/164/1944 2222/711/1948
f 1769/712/1497 2222/711/1948 2226/713/1952
f 1773/714/1501 2226/713/1952 2230/714/1956
f 1777/715/1505 2230/714/1956 2234/715/1960
f 1781/716/1509 2234/715/1960 2238/717/1964
f 1785/718/1513 2246/719/1972 1789/637/1517
f 1482/720/1210 1990/721/1716 1533/722/1261
f 580/723/470 85/724/62 587/673/477
f 587/673/477 86/725/63 594/680/484
f 594/680/484 87/726/64 601/687/491
f 601/687/491 88/727/65 608/694/498
f 608/694/498 89/728/66 615/701/505
f 615/701/505 90/729/67 622/708/512
f 622/708/512 5/221/4 105/374/82
f 621/707/511 105/374/82 106/372/83
f 620/706/510 106/372/83 107/371/84
f 619/705/509 107/371/84 108/370/85
f 618/704/508 108/370/85 109/369/86
f 617/702/507 109/369/86 110/368/87
f 616/703/506 110/368/87 111/367/88
f 1498/81/1226 2322/388/2048 1953/81/1679
f 1513/730/1241 1966/731/1692 1970/732/1696
f 1517/733/1245 1970/732/1696 1974/733/1700
f 1521/734/1249 1974/733/1700 1978/735/1704
f 1525/736/1253 1978/735/1704 1982/736/1708
f 1529/737/1257 1982/736/1708 1986/737/1712
f 1533/722/1261 1994/738/1720 1537/739/1265
f 624/740/514 630/741/520 623/742/513
f 625/743/515 631/744/521 624/740/514
f 626/745/516 632/746/515 625/743/515
f 627/747/517 633/748/522 626/745/516
f 628/749/518 634/750/523 627/747/517
f 629/751/519 635/752/524 628/749/518
f 631/744/521 637/753/526 630/741/520
f 632/746/515 638/754/527 631/744/521
f 633/748/522 639/755/528 632/746/515
f 634/750/523 640/756/529 633/748/522
f 635/752/524 641/757/530 634/750/523
f 636/758/525 642/759/531 635/752/524
f 638/754/527 644/760/533 637/753/526
f 639/755/528 645/761/534 638/754/527
f 640/756/529 646/762/535 639/755/528
f 641/757/530 647/763/536 640/756/529
f 642/759/531 648/764/537 641/757/530
f 643/765/532 649/766/538 642/759/531
f 645/761/534 651/767/540 644/760/533
f 646/762/535 652/768/541 645/761/534
f 647/763/536 653/769/542 646/762/535
f 648/764/537 654/770/543 647/763/536
f 649/766/538 655/771/544 648/764/537
f 650/772/539 656/773/545 649/766/538
f 652/768/541 658/774/547 651/767/540
f 653/769/542 659/775/548 652/768/541
f 654/770/543 660/776/549 653/769/542
f 655/771/544 661/777/550 654/770/543
f 656/773/545 662/778/551 655/771/544
f 657/779/546 663/780/552 656/773/545
f 659/775/548 665/781/554 658/774/547
f 660/776/549 666/782/555 659/775/548
f 661/777/550 667/783/556 660/776/549
f 662/778/551 668/784/557 661/777/550
f 663/780/552 669/785/558 662/778/551
f 664/786/553 670/787/559 663/780/552
f 1809/642/1537 1937/720/1663 1482/720/1210
f 1537/739/1265 1998/788/1724 1541/788/1269
f 1541/788/1269 2002/789/1728 1545/790/1273
f 1545/790/1273 2006/791/1732 1549/791/1277
f 1549/791/1277 2010/792/1736 1553/792/1281
f 1553/792/1281 2014/793/1740 1557/793/1285
f 1565/61/1293 2018/794/1744 2022/61/1748
f 1445/795/1173 2326/389/2052 1869/389/1595
f 1873/390/1599 2334/796/2060 1877/796/1603
f 1877/796/1603 2338/797/2064 1881/798/1607
f 1881/798/1607 2342/799/2068 1885/799/1611
f 1885/799/1611 2346/800/2072 1889/800/1615
f 1889/800/1615 2350/302/2076 1893/302/1619
f 1897/801/1623 1294/661/1052 2213/802/1939
f 1509/731/1237 1962/80/1688 1966/731/1692
f 671/803/560 113/300/90 670/787/559
f 670/787/559 114/299/91 669/785/558
f 669/785/558 115/298/92 668/784/557
f 668/784/557 116/297/93 667/783/556
f 667/783/556 117/296/94 666/782/555
f 666/782/555 118/293/95 665/781/554
f 665/781/554 6/295/5 97/654/74
f 658/774/547 97/654/74 96/652/73
f 651/767/540 96/652/73 95/651/72
f 644/760/533 95/651/72 94/650/71
f 637/753/526 94/650/71 93/649/70
f 630/741/520 93/649/70 92/648/69
f 623/742/513 92/648/69 91/647/68
f 672/804/561 680/805/567 679/806/566
f 673/807/562 681/808/568 680/805/567
f 674/809/563 682/810/569 681/808/568
f 675/811/564 683/812/98 682/810/569
f 676/813/565 684/814/97 683/812/98
f 677/815/97 685/816/96 684/814/97
f 679/806/566 687/817/571 686/818/570
f 680/805/567 688/819/568 687/817/571
f 681/808/568 689/820/569 688/819/568
f 682/810/569 690/821/98 689/820/569
f 683/812/98 691/822/97 690/821/98
f 684/814/97 692/823/96 691/822/97
f 686/818/570 694/824/573 693/825/572
f 687/817/571 695/826/574 694/824/573
f 688/819/568 696/827/569 695/826/574
f 689/820/569 697/828/98 696/827/569
f 690/821/98 698/829/97 697/828/98
f 691/822/97 699/830/96 698/829/97
f 693/825/572 701/831/576 700/832/575
f 694/824/573 702/833/577 701/831/576
f 695/826/574 703/834/24 702/833/577
f 696/827/569 704/835/98 703/834/24
f 697/828/98 705/836/97 704/835/98
f 698/829/97 706/837/96 705/836/97
f 700/832/575 708/838/579 707/839/578
f 701/831/576 709/840/577 708/838/579
f 702/833/577 710/841/24 709/840/577
f 703/834/24 711/842/98 710/841/24
f 704/835/98 712/843/97 711/842/98
f 705/836/97 713/844/96 712/843/97
f 707/839/578 715/845/581 714/846/580
f 708/838/579 716/847/99 715/845/581
f 709/840/577 717/848/24 716/847/99
f 710/841/24 718/849/98 717/848/24
f 711/842/98 719/850/97 718/849/98
f 712/843/97 720/851/96 719/850/97
f 1478/852/1206 2238/717/1964 1933/167/1659
f 1625/853/1353 2078/450/1804 2082/853/1808
f 1629/854/1357 2082/853/1808 2086/855/1812
f 1633/856/1361 2086/855/1812 2090/856/1816
f 1637/857/1365 2090/856/1816 2094/857/1820
f 1641/858/1369 2094/857/1820 2098/859/1824
f 1645/646/1373 2106/860/1832 1649/574/1377
f 1785/718/1513 1914/861/1640 2242/718/1968
f 678/636/96 78/660/1 685/816/96
f 685/816/96 79/659/1 692/823/96
f 692/823/96 80/658/1 699/830/96
f 699/830/96 81/657/1 706/837/96
f 706/837/96 82/656/1 713/844/96
f 713/844/96 83/655/1 720/851/96
f 720/851/96 4/507/1 119/230/96
f 719/850/97 119/230/96 120/228/97
f 718/849/98 120/228/97 121/227/98
f 717/848/24 121/227/98 122/226/24
f 716/847/99 122/226/24 123/225/99
f 715/845/581 123/225/99 124/224/100
f 714/846/580 124/224/100 125/223/101
f 90/729/67 125/223/101 5/221/4
f 89/728/66 714/846/580 90/729/67
f 88/727/65 707/839/578 89/728/66
f 87/726/64 700/832/575 88/727/65
f 86/725/63 693/825/572 87/726/64
f 85/724/62 686/818/570 86/725/63
f 84/862/61 679/806/566 85/724/62
f 853/1/683 861/2/691 854/4/684
f 854/4/684 862/5/692 855/6/685
f 855/6/685 863/7/693 856/8/686
f 856/8/686 864/9/694 857/10/687
f 857/10/687 865/11/695 858/12/688
f 858/12/688 866/13/696 859/57/689
f 860/3/690 868/14/698 861/2/691
f 861/2/691 869/16/699 862/5/692
f 862/5/692 870/17/700 863/7/693
f 863/7/693 871/18/701 864/9/694
f 864/9/694 872/19/702 865/11/695
f 865/11/695 873/20/703 866/13/696
f 867/15/697 875/21/705 868/14/698
f 868/14/698 876/23/706 869/16/699
f 869/16/699 877/24/707 870/17/700
f 870/17/700 878/25/708 871/18/701
f 871/18/701 879/26/709 872/19/702
f 872/19/702 880/27/710 873/20/703
f 874/22/704 882/28/712 875/21/705
f 875/21/705 883/30/713 876/23/706
f 876/23/706 884/31/714 877/24/707
f 877/24/707 885/32/715 878/25/708
f 878/25/708 886/33/716 879/26/709
f 879/26/709 887/34/717 880/27/710
f 881/29/711 889/35/719 882/28/712
f 882/28/712 890/37/720 883/30/713
f 883/30/713 891/38/721 884/31/714
f 884/31/714 892/39/722 885/32/715
f 885/32/715 893/40/723 886/33/716
f 886/33/716 894/41/724 887/34/717
f 888/36/718 896/42/726 889/35/719
f 889/35/719 897/44/727 890/37/720
f 890/37/720 898/45/728 891/38/721
f 891/38/721 899/46/729 892/39/722
f 892/39/722 900/47/730 893/40/723
f 893/40/723 901/48/731 894/41/724
f 723/49/584 853/1/683 782/51/627
f 782/51/627 854/4/684 781/52/626
f 781/52/626 855/6/685 780/53/625
f 780/53/625 856/8/686 779/54/624
f 779/54/624 857/10/687 778/55/623
f 778/55/623 858/12/688 777/56/622
f 777/56/622 859/57/689 776/311/621
f 1048/292/844 1926/863/1652 2181/864/1907
f 866/13/696 2025/865/1751 2021/866/1747
f 873/20/703 2029/867/1755 2025/865/1751
f 880/27/710 2033/868/1759 2029/867/1755
f 887/34/717 2037/869/1763 2033/868/1759
f 894/41/724 2041/870/1767 2037/869/1763
f 2049/871/1775 1146/441/942 1145/438/941
f 2097/872/1823 797/635/582 1913/873/1639
f 899/46/729 2273/874/1999 900/47/730
f 898/45/728 2277/875/2003 899/46/729
f 897/44/727 2281/876/2007 898/45/728
f 896/42/726 2285/877/2011 897/44/727
f 895/43/725 2289/878/2015 896/42/726
f 2301/879/2027 1091/358/887 1084/351/880
f 1961/880/1687 831/367/669 1336/703/1094
f 795/82/640 895/43/725 888/36/718
f 794/84/639 888/36/718 881/29/711
f 793/85/638 881/29/711 874/22/704
f 792/86/637 874/22/704 867/15/697
f 791/87/636 867/15/697 860/3/690
f 790/50/635 860/3/690 853/1/683
f 909/89/738 903/88/733 902/90/732
f 910/92/739 904/91/734 903/88/733
f 911/94/740 905/93/735 904/91/734
f 912/96/741 906/95/736 905/93/735
f 913/98/742 907/97/737 906/95/736
f 914/100/743 908/99/602 907/97/737
f 916/101/745 910/92/739 909/89/738
f 917/102/746 911/94/740 910/92/739
f 918/103/747 912/96/741 911/94/740
f 919/104/748 913/98/742 912/96/741
f 920/105/749 914/100/743 913/98/742
f 921/107/750 915/106/744 914/100/743
f 923/108/752 917/102/746 916/101/745
f 924/109/753 918/103/747 917/102/746
f 925/110/754 919/104/748 918/103/747
f 926/111/755 920/105/749 919/104/748
f 927/112/756 921/107/750 920/105/749
f 928/114/757 922/113/751 921/107/750
f 930/115/759 924/109/753 923/108/752
f 931/116/760 925/110/754 924/109/753
f 932/117/761 926/111/755 925/110/754
f 933/118/762 927/112/756 926/111/755
f 934/119/763 928/114/757 927/112/756
f 935/121/764 929/120/758 928/114/757
f 937/122/766 931/116/760 930/115/759
f 938/123/767 932/117/761 931/116/760
f 939/124/768 933/118/762 932/117/761
f 940/125/769 934/119/763 933/118/762
f 941/126/770 935/121/764 934/119/763
f 942/128/771 936/127/765 935/121/764
f 944/129/773 938/123/767 937/122/766
f 945/130/774 939/124/768 938/123/767
f 946/131/775 940/125/769 939/124/768
f 947/132/776 941/126/770 940/125/769
f 948/133/777 942/128/771 941/126/770
f 949/135/778 943/134/772 942/128/771
f 769/137/614 761/136/608 722/138/583
f 902/90/732 760/139/607 761/136/608
f 903/88/733 759/140/606 760/139/607
f 904/91/734 758/141/605 759/140/606
f 905/93/735 757/142/604 758/141/605
f 906/95/736 756/143/603 757/142/604
f 907/97/737 755/144/602 756/143/603
f 908/99/602 721/145/582 755/144/602
f 915/106/744 727/146/587 908/99/602
f 922/113/751 728/147/587 915/106/744
f 929/120/758 729/148/587 922/113/751
f 936/127/765 730/149/587 929/120/758
f 943/134/772 731/150/587 936/127/765
f 950/152/779 732/151/587 943/134/772
f 2153/881/1879 747/382/594 1921/882/1647
f 2193/883/1919 949/135/778 948/133/777
f 2197/884/1923 948/133/777 947/132/776
f 2201/885/1927 947/132/776 946/131/775
f 2205/886/1931 946/131/775 945/130/774
f 2209/887/1935 945/130/774 944/129/773
f 2213/802/1939 1295/664/1053 2217/888/1943
f 1934/889/1660 1392/804/1148 2073/890/1799
f 775/168/620 937/122/766 774/169/619
f 774/169/619 930/115/759 773/170/618
f 773/170/618 923/108/752 772/171/617
f 772/171/617 916/101/745 771/172/616
f 771/172/616 909/89/738 770/173/615
f 770/173/615 902/90/732 769/137/614
f 951/174/780 959/175/785 952/177/781
f 952/177/781 960/178/782 953/179/782
f 953/179/782 961/180/783 954/181/783
f 954/181/783 962/182/786 955/183/679
f 955/183/679 963/184/787 956/185/678
f 956/185/678 964/186/677 957/229/677
f 958/176/784 966/187/785 959/175/785
f 959/175/785 967/189/782 960/178/782
f 960/178/782 968/190/783 961/180/783
f 961/180/783 969/191/786 962/182/786
f 962/182/786 970/192/787 963/184/787
f 963/184/787 971/193/677 964/186/677
f 965/188/788 973/194/789 966/187/785
f 966/187/785 974/196/782 967/189/782
f 967/189/782 975/197/783 968/190/783
f 968/190/783 976/198/679 969/191/786
f 969/191/786 977/199/787 970/192/787
f 970/192/787 978/200/677 971/193/677
f 979/201/790 973/194/789 972/195/788
f 980/202/789 974/196/782 973/194/789
f 974/196/782 982/203/783 975/197/783
f 975/197/783 983/205/679 976/198/679
f 976/198/679 984/206/787 977/199/787
f 977/199/787 985/207/677 978/200/677
f 986/208/790 980/202/789 979/201/790
f 987/209/792 981/204/791 980/202/789
f 988/210/782 982/203/783 981/204/791
f 989/211/605 983/205/679 982/203/783
f 990/212/793 984/206/787 983/205/679
f 991/213/794 985/207/677 984/206/787
f 993/214/790 987/209/792 986/208/790
f 994/215/795 988/210/782 987/209/792
f 995/216/782 989/211/605 988/210/782
f 996/217/605 990/212/793 989/211/605
f 997/218/793 991/213/794 990/212/793
f 998/220/794 992/219/677 991/213/794
f 725/221/585 951/174/780 845/223/682
f 845/223/682 952/177/781 844/224/681
f 844/224/681 953/179/782 843/225/680
f 843/225/680 954/181/783 842/226/605
f 842/226/605 955/183/679 841/227/679
f 841/227/679 956/185/678 840/228/678
f 840/228/678 957/229/677 839/230/677
f 839/230/677 734/231/582 724/507/582
f 957/229/677 735/232/582 734/231/582
f 964/186/677 736/233/582 735/232/582
f 971/193/677 737/234/582 736/233/582
f 978/200/677 738/235/582 737/234/582
f 992/219/677 738/235/582 985/207/677
f 999/237/796 739/236/582 992/219/677
f 755/144/602 740/238/582 999/237/796
f 756/143/603 999/237/796 998/220/794
f 757/142/604 998/220/794 997/218/793
f 758/141/605 997/218/793 996/217/605
f 759/140/606 996/217/605 995/216/782
f 760/139/607 995/216/782 994/215/795
f 761/136/608 994/215/795 993/214/790
f 722/138/583 993/214/790 768/239/613
f 768/239/613 986/208/790 767/240/613
f 767/240/613 979/201/790 766/241/612
f 766/241/612 972/195/788 765/242/611
f 764/243/611 972/195/788 965/188/788
f 763/244/610 965/188/788 958/176/784
f 762/222/609 958/176/784 951/174/780
f 1007/246/804 1001/245/798 1000/247/797
f 1008/249/805 1002/248/799 1001/245/798
f 1009/251/806 1003/250/800 1002/248/799
f 1010/253/807 1004/252/801 1003/250/800
f 1011/255/808 1005/254/802 1004/252/801
f 1012/257/809 1006/256/803 1005/254/802
f 1014/258/811 1008/249/805 1007/246/804
f 1015/259/812 1009/251/806 1008/249/805
f 1016/260/813 1010/253/807 1009/251/806
f 1017/261/814 1011/255/808 1010/253/807
f 1018/262/815 1012/257/809 1011/255/808
f 1019/264/816 1013/263/810 1012/257/809
f 1014/258/811 1022/265/819 1015/259/812
f 1015/259/812 1023/267/820 1016/260/813
f 1016/260/813 1024/268/821 1017/261/814
f 1017/261/814 1025/269/815 1018/262/815
f 1018/262/815 1026/270/822 1019/264/816
f 1019/264/816 1027/271/823 1020/891/817
f 1021/266/818 1029/272/825 1022/265/819
f 1022/265/819 1030/274/826 1023/267/820
f 1023/267/820 1031/275/827 1024/268/821
f 1024/268/821 1032/276/828 1025/269/815
f 1025/269/815 1033/277/829 1026/270/822
f 1033/277/829 1027/271/823 1026/270/822
f 1028/273/824 1036/279/832 1029/272/825
f 1029/272/825 1037/281/833 1030/274/826
f 1030/274/826 1038/282/834 1031/275/827
f 1031/275/827 1039/283/835 1032/276/828
f 1032/276/828 1040/284/836 1033/277/829
f 1040/284/836 1034/278/830 1033/277/829
f 1035/280/831 1043/286/839 1036/279/832
f 1036/279/832 1044/288/840 1037/281/833
f 1037/281/833 1045/289/841 1038/282/834
f 1038/282/834 1046/290/842 1039/283/835
f 1039/283/835 1047/291/843 1040/284/836
f 1047/291/843 1041/285/837 1040/284/836
f 783/294/628 838/293/676 726/295/586
f 1000/247/797 837/296/675 838/293/676
f 1001/245/798 836/297/674 837/296/675
f 1002/248/799 835/298/673 836/297/674
f 1003/250/800 834/299/672 835/298/673
f 1004/252/801 833/300/671 834/299/672
f 1005/254/802 832/301/670 833/300/671
f 832/301/670 2349/892/2075 1391/803/1147
f 1020/891/817 2161/893/1887 1013/263/810
f 1027/271/823 2165/894/1891 1020/891/817
f 1034/278/830 2169/895/1895 1027/271/823
f 1041/285/837 2173/896/1899 1034/278/830
f 1048/292/844 2177/897/1903 1041/285/837
f 2189/898/1915 950/152/779 949/135/778
f 2045/899/1771 775/168/620 1146/441/942
f 1047/291/843 776/311/621 1048/292/844
f 1046/290/842 777/56/622 1047/291/843
f 1045/289/841 778/55/623 1046/290/842
f 1044/288/840 779/54/624 1045/289/841
f 1043/286/839 780/53/625 1044/288/840
f 1042/287/838 781/52/626 1043/286/839
f 789/312/634 782/51/627 1042/287/838
f 788/313/633 1042/287/838 1035/280/831
f 787/314/632 1035/280/831 1028/273/824
f 786/315/631 1028/273/824 1021/266/818
f 785/316/630 1021/266/818 1014/258/811
f 785/316/630 1007/246/804 784/317/629
f 784/317/629 1000/247/797 783/294/628
f 1049/318/845 1057/319/853 1050/321/846
f 1050/321/846 1058/322/854 1051/323/847
f 1051/323/847 1059/324/855 1052/325/848
f 1052/325/848 1060/326/856 1053/327/849
f 1053/327/849 1061/328/857 1054/329/850
f 1054/329/850 1062/330/858 1055/373/851
f 1056/320/852 1064/331/860 1057/319/853
f 1057/319/853 1065/333/861 1058/322/854
f 1058/322/854 1066/334/862 1059/324/855
f 1059/324/855 1067/335/863 1060/326/856
f 1060/326/856 1068/336/864 1061/328/857
f 1061/328/857 1069/337/865 1062/330/858
f 1063/332/859 1071/338/867 1064/331/860
f 1064/331/860 1072/340/868 1065/333/861
f 1065/333/861 1073/341/869 1066/334/862
f 1066/334/862 1074/342/870 1067/335/863
f 1067/335/863 1075/343/871 1068/336/864
f 1068/336/864 1076/344/872 1069/337/865
f 1070/339/866 1078/346/874 1071/338/867
f 1078/346/874 1072/340/868 1071/338/867
f 1079/347/875 1073/341/869 1072/340/868
f 1080/348/876 1074/342/870 1073/341/869
f 1081/349/877 1075/343/871 1074/342/870
f 1082/350/878 1076/344/872 1075/343/871
f 1084/351/880 1078/346/874 1077/345/873
f 1085/352/881 1079/347/875 1078/346/874
f 1086/353/882 1080/348/876 1079/347/875
f 1087/354/883 1081/349/877 1080/348/876
f 1088/355/884 1082/350/878 1081/349/877
f 1089/357/885 1083/356/879 1082/350/878
f 1084/351/880 1092/359/888 1085/352/881
f 1092/359/888 1086/353/882 1085/352/881
f 1093/360/889 1087/354/883 1086/353/882
f 1094/361/890 1088/355/884 1087/354/883
f 1095/362/891 1089/357/885 1088/355/884
f 1096/364/892 1090/363/886 1089/357/885
f 1006/256/803 1958/900/1684 832/301/670
f 831/367/669 1050/321/846 830/368/668
f 830/368/668 1051/323/847 829/369/667
f 829/369/667 1052/325/848 828/370/666
f 828/370/666 1053/327/849 827/371/665
f 827/371/665 1054/329/850 826/372/664
f 826/372/664 1055/373/851 825/374/663
f 825/374/663 762/222/609 725/221/585
f 1055/373/851 763/244/610 762/222/609
f 1062/330/858 764/243/611 763/244/610
f 1069/337/865 765/242/611 764/243/611
f 1083/356/879 765/242/611 1076/344/872
f 1090/363/886 766/241/612 1083/356/879
f 1097/375/893 767/240/613 1090/363/886
f 741/376/588 768/239/613 1097/375/893
f 742/377/589 1097/375/893 1096/364/892
f 743/378/590 1096/364/892 1095/362/891
f 744/379/591 1095/362/891 1094/361/890
f 745/380/592 1094/361/890 1093/360/889
f 746/381/593 1093/360/889 1092/359/888
f 747/382/594 1092/359/888 1091/358/887
f 776/311/621 2017/901/1743 1926/863/1652
f 2305/902/2031 1084/351/880 1077/345/873
f 2309/903/2035 1077/345/873 1070/339/866
f 2313/904/2039 1070/339/866 1063/332/859
f 2317/905/2043 1063/332/859 1056/320/852
f 2321/906/2047 1056/320/852 1049/318/845
f 1356/758/1113 2325/907/2051 1349/751/1107
f 1105/392/901 1099/391/895 1098/393/894
f 1106/395/902 1100/394/896 1099/391/895
f 1107/397/903 1101/396/897 1100/394/896
f 1108/399/904 1102/398/898 1101/396/897
f 1109/401/905 1103/400/899 1102/398/898
f 1110/403/906 1104/402/900 1103/400/899
f 1112/404/908 1106/395/902 1105/392/901
f 1113/405/909 1107/397/903 1106/395/902
f 1114/406/910 1108/399/904 1107/397/903
f 1115/407/911 1109/401/905 1108/399/904
f 1116/408/912 1110/403/906 1109/401/905
f 1117/410/913 1111/409/907 1110/403/906
f 1119/411/915 1113/405/909 1112/404/908
f 1120/412/916 1114/406/910 1113/405/909
f 1121/413/917 1115/407/911 1114/406/910
f 1122/414/918 1116/408/912 1115/407/911
f 1123/415/919 1117/410/913 1116/408/912
f 1124/417/920 1118/416/914 1117/410/913
f 1126/418/922 1120/412/916 1119/411/915
f 1127/419/923 1121/413/917 1120/412/916
f 1128/420/924 1122/414/918 1121/413/917
f 1129/421/925 1123/415/919 1122/414/918
f 1130/422/926 1124/417/920 1123/415/919
f 1131/424/927 1125/423/921 1124/417/920
f 1133/425/929 1127/419/923 1126/418/922
f 1134/426/930 1128/420/924 1127/419/923
f 1135/427/931 1129/421/925 1128/420/924
f 1136/428/932 1130/422/926 1129/421/925
f 1137/429/933 1131/424/927 1130/422/926
f 1138/431/934 1132/430/928 1131/424/927
f 1140/432/936 1134/426/930 1133/425/929
f 1141/433/937 1135/427/931 1134/426/930
f 1142/434/938 1136/428/932 1135/427/931
f 1143/435/939 1137/429/933 1136/428/932
f 1144/436/940 1138/431/934 1137/429/933
f 1145/438/941 1139/437/935 1138/431/934
f 2297/908/2023 747/382/594 1091/358/887
f 1098/393/894 746/381/593 747/382/594
f 1099/391/895 745/380/592 746/381/593
f 1100/394/896 744/379/591 745/380/592
f 1101/396/897 743/378/590 744/379/591
f 1102/398/898 742/377/589 743/378/590
f 1103/400/899 741/376/588 742/377/589
f 1104/402/900 722/138/583 741/376/588
f 1111/409/907 769/137/614 1104/402/900
f 1118/416/914 770/173/615 1111/409/907
f 1125/423/921 771/172/616 1118/416/914
f 1132/430/928 772/171/617 1125/423/921
f 1139/437/935 773/170/618 1132/430/928
f 1146/441/942 774/169/619 1139/437/935
f 1930/909/1656 944/129/773 775/168/620
f 2053/910/1779 1145/438/941 1144/436/940
f 2057/911/1783 1144/436/940 1143/435/939
f 2061/912/1787 1143/435/939 1142/434/938
f 2065/913/1791 1142/434/938 1141/433/937
f 2069/914/1795 1141/433/937 1140/432/936
f 2073/890/1799 1393/807/1149 2077/915/1803
f 901/48/731 1909/916/1635 2041/870/1767
f 2133/917/1859 1126/418/922 2137/918/1863
f 2137/918/1863 1119/411/915 2141/919/1867
f 2141/919/1867 1112/404/908 2145/920/1871
f 2145/921/1871 1105/392/901 2149/922/1875
f 2149/923/1875 1098/393/894 2153/924/1879
f 1013/263/810 2157/925/1883 1006/256/803
f 1147/459/662 1155/460/661 1148/463/661
f 1155/460/661 1149/462/660 1148/463/661
f 1156/465/660 1150/464/943 1149/462/660
f 1157/467/946 1151/466/658 1150/464/943
f 1158/469/947 1152/468/944 1151/466/658
f 1159/471/948 1153/470/945 1152/468/944
f 1154/461/662 1162/472/950 1155/460/661
f 1155/460/661 1163/474/951 1156/465/660
f 1156/465/660 1164/475/952 1157/467/946
f 1164/475/952 1158/469/947 1157/467/946
f 1165/476/953 1159/471/948 1158/469/947
f 1166/478/954 1160/477/949 1159/471/948
f 1161/473/662 1169/479/956 1162/472/950
f 1162/472/950 1170/481/957 1163/474/951
f 1163/474/951 1171/482/958 1164/475/952
f 1164/475/952 1172/483/959 1165/476/953
f 1165/476/953 1173/484/960 1166/478/954
f 1166/478/954 1174/485/961 1167/515/955
f 1168/480/662 1176/486/963 1169/479/956
f 1169/479/956 1177/488/964 1170/481/957
f 1170/481/957 1178/489/965 1171/482/958
f 1171/482/958 1179/490/966 1172/483/959
f 1172/483/959 1180/491/967 1173/484/960
f 1173/484/960 1181/492/968 1174/485/961
f 1175/487/962 1183/493/969 1176/486/963
f 1176/486/963 1184/495/970 1177/488/964
f 1177/488/964 1185/496/971 1178/489/965
f 1178/489/965 1186/497/972 1179/490/966
f 1179/490/966 1187/498/973 1180/491/967
f 1180/491/967 1188/499/974 1181/492/968
f 1189/500/601 1183/493/969 1182/494/962
f 1183/493/969 1191/501/976 1184/495/970
f 1184/495/970 1192/503/977 1185/496/971
f 1185/496/971 1193/504/978 1186/497/972
f 1186/497/972 1194/505/979 1187/498/973
f 1187/498/973 1195/506/980 1188/499/974
f 724/507/582 1147/459/662 824/508/662
f 824/508/662 1148/463/661 823/510/661
f 1148/463/661 822/509/660 823/510/661
f 1149/462/660 821/511/659 822/509/660
f 1150/464/943 820/512/658 821/511/659
f 1151/466/658 819/513/657 820/512/658
f 1152/468/944 818/514/656 819/513/657
f 1153/470/945 726/295/586 818/514/656
f 1160/477/949 783/294/628 1153/470/945
f 1167/515/955 784/317/629 1160/477/949
f 1167/515/955 786/315/631 785/316/630
f 1174/485/961 787/314/632 786/315/631
f 1181/492/968 788/313/633 787/314/632
f 1188/499/974 789/312/634 788/313/633
f 1195/506/980 723/49/584 789/312/634
f 1194/505/979 748/516/595 1195/506/980
f 1193/504/978 749/517/596 1194/505/979
f 1192/503/977 750/518/597 1193/504/978
f 1191/501/976 751/519/598 1192/503/977
f 1190/502/975 752/520/599 1191/501/976
f 754/522/601 1190/502/975 1189/500/601
f 721/145/582 1189/500/601 740/238/582
f 740/238/582 1182/494/962 739/236/582
f 738/235/582 1182/494/962 1175/487/962
f 737/234/582 1175/487/962 1168/480/662
f 736/233/582 1168/480/662 1161/473/662
f 735/232/582 1161/473/662 1154/461/662
f 734/231/582 1154/461/662 1147/459/662
f 1203/524/988 1197/523/982 1196/525/981
f 1197/523/982 1205/526/990 1198/528/983
f 1198/528/983 1206/529/991 1199/530/984
f 1199/530/984 1207/531/992 1200/532/985
f 1200/532/985 1208/533/993 1201/534/986
f 1201/534/986 1209/535/994 1202/571/987
f 1210/536/995 1204/527/989 1203/524/988
f 1204/527/989 1212/537/997 1205/526/990
f 1205/526/990 1213/539/998 1206/529/991
f 1206/529/991 1214/540/999 1207/531/992
f 1207/531/992 1215/541/1000 1208/533/993
f 1208/533/993 1216/542/1001 1209/535/994
f 1217/543/1002 1211/538/996 1210/536/995
f 1211/538/996 1219/544/1004 1212/537/997
f 1212/537/997 1220/546/1005 1213/539/998
f 1213/539/998 1221/547/1006 1214/540/999
f 1214/540/999 1222/548/1007 1215/541/1000
f 1215/541/1000 1223/549/1008 1216/542/1001
f 1224/550/1009 1218/545/1003 1217/543/1002
f 1218/545/1003 1226/551/1011 1219/544/1004
f 1219/544/1004 1227/553/1012 1220/546/1005
f 1220/546/1005 1228/554/1013 1221/547/1006
f 1221/547/1006 1229/555/1014 1222/548/1007
f 1222/548/1007 1230/556/1015 1223/549/1008
f 1231/557/1016 1225/552/1010 1224/550/1009
f 1225/552/1010 1233/558/1018 1226/551/1011
f 1226/551/1011 1234/560/1019 1227/553/1012
f 1227/553/1012 1235/561/1020 1228/554/1013
f 1228/554/1013 1236/562/1021 1229/555/1014
f 1229/555/1014 1237/563/1022 1230/556/1015
f 1238/564/1023 1232/559/1017 1231/557/1016
f 1232/559/1017 1240/565/1025 1233/558/1018
f 1233/558/1018 1241/567/1026 1234/560/1019
f 1234/560/1019 1242/568/1027 1235/561/1020
f 1235/561/1020 1243/569/1028 1236/562/1021
f 1236/562/1021 1244/570/1029 1237/563/1022
f 727/146/587 754/522/601 721/145/582
f 1196/525/981 753/521/600 754/522/601
f 753/521/600 1198/528/983 752/520/599
f 752/520/599 1199/530/984 751/519/598
f 751/519/598 1200/532/985 750/518/597
f 750/518/597 1201/534/986 749/517/596
f 749/517/596 1202/571/987 748/516/595
f 748/516/595 790/50/635 723/49/584
f 1202/571/987 791/87/636 790/50/635
f 1209/535/994 792/86/637 791/87/636
f 1216/542/1001 793/85/638 792/86/637
f 1223/549/1008 794/84/639 793/85/638
f 1230/556/1015 795/82/640 794/84/639
f 1237/563/1022 796/83/641 795/82/640
f 796/83/641 2293/926/2019 895/43/725
f 1242/568/1027 2105/927/1831 1243/569/1028
f 1241/567/1026 2109/928/1835 1242/568/1027
f 1240/565/1025 2113/929/1839 1241/567/1026
f 1239/566/1024 2117/930/1843 1240/565/1025
f 2125/931/1851 1239/566/1024 1238/564/1023
f 2129/932/1855 1133/425/929 2133/933/1859
f 2185/934/1911 733/584/587 950/152/779
f 733/584/587 1231/557/1016 732/151/587
f 732/151/587 1224/550/1009 731/150/587
f 731/150/587 1217/543/1002 730/149/587
f 730/149/587 1210/536/995 729/148/587
f 729/148/587 1203/524/988 728/147/587
f 728/147/587 1196/525/981 727/146/587
f 1252/587/662 1246/586/661 1245/588/662
f 1253/590/661 1247/589/1030 1246/586/661
f 1254/592/660 1248/591/1031 1247/589/1030
f 1255/594/1035 1249/593/1032 1248/591/1031
f 1256/596/1036 1250/595/1033 1249/593/1032
f 1257/598/1037 1251/597/1034 1250/595/1033
f 1259/599/1039 1253/590/661 1252/587/662
f 1260/600/661 1254/592/660 1253/590/661
f 1261/601/660 1255/594/1035 1254/592/660
f 1262/602/1035 1256/596/1036 1255/594/1035
f 1263/603/1036 1257/598/1037 1256/596/1036
f 1264/605/1040 1258/604/1038 1257/598/1037
f 1266/606/1039 1260/600/661 1259/599/1039
f 1267/607/661 1261/601/660 1260/600/661
f 1268/608/660 1262/602/1035 1261/601/660
f 1269/609/1035 1263/603/1036 1262/602/1035
f 1270/610/1042 1264/605/1040 1263/603/1036
f 1271/612/1043 1265/611/1041 1264/605/1040
f 1273/613/662 1267/607/661 1266/606/1039
f 1274/614/661 1268/608/660 1267/607/661
f 1275/615/660 1269/609/1035 1268/608/660
f 1276/616/659 1270/610/1042 1269/609/1035
f 1277/617/1045 1271/612/1043 1270/610/1042
f 1278/619/1046 1272/618/1044 1271/612/1043
f 1280/620/662 1274/614/661 1273/613/662
f 1281/621/661 1275/615/660 1274/614/661
f 1282/622/660 1276/616/659 1275/615/660
f 1283/623/659 1277/617/1045 1276/616/659
f 1284/624/1048 1278/619/1046 1277/617/1045
f 1285/626/1049 1279/625/1047 1278/619/1046
f 1287/627/662 1281/621/661 1280/620/662
f 1288/628/661 1282/622/660 1281/621/661
f 1289/629/660 1283/623/659 1282/622/660
f 1290/630/659 1284/624/1048 1283/623/659
f 1291/631/658 1285/626/1049 1284/624/1048
f 1292/633/657 1286/632/1050 1285/626/1049
f 1917/935/1643 1238/564/1023 733/584/587
f 1246/586/661 2249/936/1975 2245/937/1971
f 1247/589/1030 2253/938/1979 2249/936/1975
f 1248/591/1031 2257/939/1983 2253/940/1979
f 1249/593/1032 2261/941/1987 2257/939/1983
f 1250/595/1033 2265/942/1991 2261/941/1987
f 900/47/730 2269/943/1995 901/48/731
f 1244/570/1029 1943/944/1669 796/83/641
f 1258/604/1038 811/647/649 1251/597/1034
f 1265/611/1041 812/648/650 1258/604/1038
f 1272/618/1044 813/649/651 1265/611/1041
f 1279/625/1047 814/650/652 1272/618/1044
f 1286/632/1050 815/651/653 1279/625/1047
f 1293/653/1051 816/652/654 1286/632/1050
f 818/514/656 817/654/655 1293/653/1051
f 819/513/657 1293/653/1051 1292/633/657
f 820/512/658 1292/633/657 1291/631/658
f 821/511/659 1291/631/658 1290/630/659
f 822/509/660 1290/630/659 1289/629/660
f 823/510/661 1289/629/660 1288/628/661
f 824/508/662 1288/628/661 1287/627/662
f 803/655/582 824/508/662 1287/627/662
f 802/656/582 1287/627/662 1280/620/662
f 801/657/582 1280/620/662 1273/613/662
f 801/657/582 1266/606/1039 800/658/582
f 800/658/582 1259/599/1039 799/659/582
f 799/659/582 1252/587/662 798/660/582
f 798/660/582 1245/588/662 797/635/582
f 1294/661/1052 1302/662/1060 1295/664/1053
f 1295/664/1053 1303/665/1061 1296/666/1054
f 1296/666/1054 1304/667/1062 1297/668/1055
f 1297/668/1055 1305/669/1063 1298/670/1056
f 1298/670/1056 1306/671/1064 1299/672/1057
f 1299/672/1057 1307/673/1065 1300/723/1058
f 1301/663/1059 1309/674/1067 1302/662/1060
f 1302/662/1060 1310/676/1068 1303/665/1061
f 1303/665/1061 1311/677/1069 1304/667/1062
f 1304/667/1062 1312/678/1070 1305/669/1063
f 1305/669/1063 1313/679/1071 1306/671/1064
f 1306/671/1064 1314/680/1072 1307/673/1065
f 1308/675/1066 1316/681/1074 1309/674/1067
f 1309/674/1067 1317/683/1075 1310/676/1068
f 1310/676/1068 1318/684/1076 1311/677/1069
f 1311/677/1069 1319/685/1077 1312/678/1070
f 1312/678/1070 1320/686/1078 1313/679/1071
f 1313/679/1071 1321/687/1079 1314/680/1072
f 1315/682/1073 1323/688/1081 1316/681/1074
f 1316/681/1074 1324/690/1082 1317/683/1075
f 1317/683/1075 1325/691/1083 1318/684/1076
f 1318/684/1076 1326/692/1084 1319/685/1077
f 1319/685/1077 1327/693/1085 1320/686/1078
f 1320/686/1078 1328/694/1086 1321/687/1079
f 1322/689/1080 1330/695/1088 1323/688/1081
f 1323/688/1081 1331/697/1089 1324/690/1082
f 1324/690/1082 1332/698/1090 1325/691/1083
f 1325/691/1083 1333/699/1091 1326/692/1084
f 1326/692/1084 1334/700/1092 1327/693/1085
f 1327/693/1085 1335/701/1093 1328/694/1086
f 1329/696/1087 1337/702/1095 1330/695/1088
f 1330/695/1088 1338/704/1096 1331/697/1089
f 1331/697/1089 1339/705/1097 1332/698/1090
f 1332/698/1090 1340/706/1098 1333/699/1091
f 1333/699/1091 1341/707/1099 1334/700/1092
f 1334/700/1092 1342/708/1100 1335/701/1093
f 1349/751/1107 1901/945/1627 2013/946/1739
f 2217/947/1943 1296/666/1054 2221/948/1947
f 2221/948/1947 1297/668/1055 2225/949/1951
f 2225/950/1951 1298/670/1056 2229/951/1955
f 2229/952/1955 1299/672/1057 2233/953/1959
f 2233/953/1959 1300/723/1058 2237/954/1963
f 1245/588/662 2245/937/1971 2241/955/1967
f 811/647/649 1989/956/1715 1938/957/1664
f 1300/723/1058 805/724/643 804/862/642
f 1307/673/1065 806/725/644 805/724/643
f 1314/680/1072 807/726/645 806/725/644
f 1321/687/1079 808/727/646 807/726/645
f 1328/694/1086 809/728/647 808/727/646
f 1335/701/1093 810/729/648 809/728/647
f 1342/708/1100 725/221/585 810/729/648
f 1341/707/1099 825/374/663 1342/708/1100
f 1340/706/1098 826/372/664 1341/707/1099
f 1339/705/1097 827/371/665 1340/706/1098
f 1338/704/1096 828/370/666 1339/705/1097
f 1337/702/1095 829/369/667 1338/704/1096
f 1336/703/1094 830/368/668 1337/702/1095
f 1954/958/1680 1049/318/845 831/367/669
f 1969/959/1695 1329/696/1087 1322/689/1080
f 1973/960/1699 1322/689/1080 1315/682/1073
f 1977/961/1703 1315/682/1073 1308/675/1066
f 1981/962/1707 1308/675/1066 1301/663/1059
f 1985/963/1711 1301/663/1059 1294/661/1052
f 1343/742/1101 1993/964/1719 1989/956/1715
f 1350/741/1108 1344/740/1102 1343/742/1101
f 1351/744/1109 1345/743/1103 1344/740/1102
f 1352/746/1103 1346/745/1104 1345/743/1103
f 1353/748/1110 1347/747/1105 1346/745/1104
f 1354/750/1111 1348/749/1106 1347/747/1105
f 1355/752/1112 1349/751/1107 1348/749/1106
f 1357/753/1114 1351/744/1109 1350/741/1108
f 1358/754/1115 1352/746/1103 1351/744/1109
f 1359/755/1116 1353/748/1110 1352/746/1103
f 1360/756/1104 1354/750/1111 1353/748/1110
f 1361/757/1117 1355/752/1112 1354/750/1111
f 1362/759/1118 1356/758/1113 1355/752/1112
f 1364/760/1120 1358/754/1115 1357/753/1114
f 1365/761/1121 1359/755/1116 1358/754/1115
f 1366/762/1122 1360/756/1104 1359/755/1116
f 1367/763/1123 1361/757/1117 1360/756/1104
f 1368/764/1124 1362/759/1118 1361/757/1117
f 1369/766/1125 1363/765/1119 1362/759/1118
f 1371/767/1127 1365/761/1121 1364/760/1120
f 1372/768/1128 1366/762/1122 1365/761/1121
f 1373/769/1129 1367/763/1123 1366/762/1122
f 1374/770/1130 1368/764/1124 1367/763/1123
f 1375/771/1131 1369/766/1125 1368/764/1124
f 1376/773/1132 1370/772/1126 1369/766/1125
f 1378/774/1134 1372/768/1128 1371/767/1127
f 1379/775/1135 1373/769/1129 1372/768/1128
f 1380/776/1136 1374/770/1130 1373/769/1129
f 1381/777/1137 1375/771/1131 1374/770/1130
f 1382/778/1138 1376/773/1132 1375/771/1131
f 1383/780/1139 1377/779/1133 1376/773/1132
f 1385/781/1141 1379/775/1135 1378/774/1134
f 1386/782/1142 1380/776/1136 1379/775/1135
f 1387/783/1143 1381/777/1137 1380/776/1136
f 1388/784/1144 1382/778/1138 1381/777/1137
f 1389/785/1145 1383/780/1139 1382/778/1138
f 1390/787/1146 1384/786/1140 1383/780/1139
f 1251/597/1034 1938/957/1664 2265/942/1991
f 1344/740/1102 1997/965/1723 1993/964/1719
f 1345/743/1103 2001/966/1727 1997/965/1723
f 1346/745/1104 2005/967/1731 2001/966/1727
f 1347/747/1105 2009/968/1735 2005/969/1731
f 1348/749/1106 2013/970/1739 2009/968/1735
f 859/57/689 2021/866/1747 2017/901/1743
f 1905/971/1631 1140/432/936 2129/932/1855
f 1363/765/1119 2329/972/2055 1356/758/1113
f 1370/772/1126 2333/973/2059 1363/765/1119
f 1377/779/1133 2337/974/2063 1370/772/1126
f 1384/786/1140 2341/975/2067 1377/779/1133
f 1391/803/1147 2345/976/2071 1384/786/1140
f 1965/977/1691 1336/703/1094 1329/696/1087
f 833/300/671 1391/803/1147 1390/787/1146
f 834/299/672 1390/787/1146 1389/785/1145
f 835/298/673 1389/785/1145 1388/784/1144
f 836/297/674 1388/784/1144 1387/783/1143
f 837/296/675 1387/783/1143 1386/782/1142
f 838/293/676 1386/782/1142 1385/781/1141
f 726/295/586 1385/781/1141 817/654/655
f 817/654/655 1378/774/1134 816/652/654
f 816/652/654 1371/767/1127 815/651/653
f 815/651/653 1364/760/1120 814/650/652
f 814/650/652 1357/753/1114 813/649/651
f 813/649/651 1350/741/1108 812/648/650
f 812/648/650 1343/742/1101 811/647/649
f 1392/804/1148 1400/805/1154 1393/807/1149
f 1393/807/1149 1401/808/1155 1394/809/1150
f 1394/809/1150 1402/810/1156 1395/811/1151
f 1395/811/1151 1403/812/679 1396/813/1152
f 1396/813/1152 1404/814/678 1397/815/678
f 1397/815/678 1405/816/677 1398/636/677
f 1399/806/1153 1407/817/1158 1400/805/1154
f 1400/805/1154 1408/819/1155 1401/808/1155
f 1401/808/1155 1409/820/1156 1402/810/1156
f 1402/810/1156 1410/821/679 1403/812/679
f 1403/812/679 1411/822/678 1404/814/678
f 1404/814/678 1412/823/677 1405/816/677
f 1406/818/1157 1414/824/1160 1407/817/1158
f 1407/817/1158 1415/826/1161 1408/819/1155
f 1408/819/1155 1416/827/1156 1409/820/1156
f 1409/820/1156 1417/828/679 1410/821/679
f 1410/821/679 1418/829/678 1411/822/678
f 1411/822/678 1419/830/677 1412/823/677
f 1413/825/1159 1421/831/1163 1414/824/1160
f 1414/824/1160 1422/833/1164 1415/826/1161
f 1415/826/1161 1423/834/605 1416/827/1156
f 1416/827/1156 1424/835/679 1417/828/679
f 1417/828/679 1425/836/678 1418/829/678
f 1418/829/678 1426/837/677 1419/830/677
f 1420/832/1162 1428/838/1166 1421/831/1163
f 1421/831/1163 1429/840/1164 1422/833/1164
f 1422/833/1164 1430/841/605 1423/834/605
f 1423/834/605 1431/842/679 1424/835/679
f 1424/835/679 1432/843/678 1425/836/678
f 1425/836/678 1433/844/677 1426/837/677
f 1427/839/1165 1435/845/1168 1428/838/1166
f 1428/838/1166 1436/847/680 1429/840/1164
f 1429/840/1164 1437/848/605 1430/841/605
f 1430/841/605 1438/849/679 1431/842/679
f 1431/842/679 1439/850/678 1432/843/678
f 1432/843/678 1440/851/677 1433/844/677
f 2237/954/1963 804/862/642 1934/889/1660
f 2077/915/1803 1394/809/1150 2081/978/1807
f 2081/978/1807 1395/811/1151 2085/979/1811
f 2085/980/1811 1396/813/1152 2089/981/1815
f 2089/981/1815 1397/815/678 2093/982/1819
f 2093/982/1819 1398/636/677 2097/872/1823
f 1243/569/1028 2101/983/1827 1244/570/1029
f 797/635/582 2241/955/1967 1913/984/1639
f 1398/636/677 798/660/582 797/635/582
f 1405/816/677 799/659/582 798/660/582
f 1412/823/677 800/658/582 799/659/582
f 1419/830/677 801/657/582 800/658/582
f 1426/837/677 802/656/582 801/657/582
f 1433/844/677 803/655/582 802/656/582
f 1440/851/677 724/507/582 803/655/582
f 1439/850/678 839/230/677 1440/851/677
f 1438/849/679 840/228/678 1439/850/678
f 1437/848/605 841/227/679 1438/849/679
f 1436/847/680 842/226/605 1437/848/605
f 1435/845/1168 843/225/680 1436/847/680
f 1434/846/1167 844/224/681 1435/845/1168
f 810/729/648 845/223/682 1434/846/1167
f 809/728/647 1434/846/1167 1427/839/1165
f 808/727/646 1427/839/1165 1420/832/1162
f 807/726/645 1420/832/1162 1413/825/1159
f 806/725/644 1413/825/1159 1406/818/1157
f 805/724/643 1406/818/1157 1399/806/1153
f 804/862/642 1399/806/1153 1392/804/1148
f 1506/985/1234 111/367/88 1497/986/1225
f 1510/987/1238 616/703/506 1506/988/1234
f 1514/989/1242 609/696/499 1510/990/1238
f 1518/960/1246 602/689/492 1514/991/1242
f 1522/992/1250 595/682/485 1518/993/1246
f 1526/994/1254 588/675/478 1522/995/1250
f 1530/996/1258 581/663/471 1526/997/1254
f 1442/998/1170 574/661/464 1530/996/1258
f 1534/999/1262 91/647/68 1481/1000/1209
f 1538/1001/1266 623/742/513 1534/999/1262
f 1542/1002/1270 624/740/514 1538/1001/1266
f 1546/1003/1274 625/743/515 1542/1002/1270
f 1550/1004/1278 626/745/516 1546/1005/1274
f 1554/1006/1282 627/747/517 1550/1004/1278
f 1558/1007/1286 628/749/518 1554/1008/1282
f 1446/1009/1174 629/751/519 1558/1010/1286
f 56/311/40 1562/1011/1290 139/57/108
f 139/57/108 1566/866/1294 146/13/115
f 146/13/115 1570/1012/1298 153/20/122
f 153/20/122 1574/867/1302 160/27/129
f 160/27/129 1578/1013/1306 167/34/136
f 167/34/136 1582/1014/1310 174/41/143
f 174/41/143 1586/1015/1314 181/48/150
f 181/48/150 1454/1016/1182 1814/943/1542
f 55/168/39 1590/1017/1318 426/441/355
f 426/441/355 1594/871/1322 425/438/354
f 425/438/354 1598/910/1326 424/436/353
f 424/436/353 1602/911/1330 423/435/352
f 423/435/352 1606/1018/1334 422/434/351
f 422/434/351 1610/1019/1338 421/433/350
f 421/433/350 1614/914/1342 420/432/349
f 420/432/349 1450/1020/1178 1674/1021/1402
f 1477/1022/1205 672/804/561 84/862/61
f 1618/1023/1346 673/807/562 672/804/561
f 1622/1024/1350 674/809/563 673/807/562
f 1626/1025/1354 675/811/564 674/809/563
f 1630/1026/1358 676/813/565 675/811/564
f 1634/1027/1362 677/815/97 676/813/565
f 1638/1028/1366 678/636/96 677/815/97
f 1786/1029/1514 77/635/1 1458/1030/1186
f 524/570/440 1486/944/1214 1646/1031/1374
f 523/569/439 1646/1031/1374 1650/1032/1378
f 522/568/438 1650/1032/1378 1654/1033/1382
f 521/567/437 1654/1033/1382 1658/1034/1386
f 520/565/436 1658/1034/1386 1662/1035/1390
f 519/566/435 1662/1035/1390 1666/1036/1394
f 519/566/435 1670/1037/1398 518/564/434
f 518/564/434 1462/1038/1190 13/584/6
f 1453/69/1181 2042/65/1768 1910/69/1636
f 413/425/342 1674/1039/1402 1678/1040/1406
f 406/418/335 1678/1041/1406 1682/1042/1410
f 399/411/328 1682/1043/1410 1686/1044/1414
f 392/404/321 1686/1044/1414 1690/1045/1418
f 385/392/314 1690/1046/1418 1694/1047/1422
f 378/393/13 1694/1048/1422 1698/1049/1426
f 27/382/13 1698/1050/1426 1466/1051/1194
f 1501/1052/1229 286/256/219 112/301/89
f 1702/1053/1430 293/263/226 286/256/219
f 1706/1054/1434 300/891/233 293/263/226
f 300/891/233 1714/1055/1442 307/271/239
f 307/271/239 1718/1056/1446 314/278/246
f 314/278/246 1722/897/1450 321/285/252
f 321/285/252 1726/1057/1454 328/292/259
f 328/292/259 1469/863/1197 56/311/40
f 1697/458/1425 1922/383/1648 1465/383/1193
f 230/152/198 1734/1058/1462 229/135/197
f 229/135/197 1738/1059/1466 228/133/196
f 228/133/196 1742/1060/1470 227/132/195
f 227/132/195 1746/1061/1474 226/131/194
f 226/131/194 1750/1062/1478 225/130/193
f 225/130/193 1754/887/1482 224/129/192
f 224/129/192 1473/1063/1201 55/168/39
f 1557/793/1285 1902/795/1628 1445/795/1173
f 1758/1064/1486 575/664/465 574/661/464
f 1762/1065/1490 576/666/466 575/664/465
f 1766/1066/1494 577/668/467 576/666/466
f 1770/1067/1498 578/670/468 577/668/467
f 1774/1068/1502 579/672/469 578/670/468
f 1778/1069/1506 580/723/470 579/672/469
f 1782/1070/1510 84/862/61 580/723/470
f 1461/153/1189 2126/582/1852 1918/153/1644
f 1790/1071/1518 525/588/81 1786/1029/1514
f 1794/1072/1522 526/586/80 1790/1071/1518
f 1798/1073/1526 527/589/441 1794/1074/1522
f 1802/1075/1530 528/591/442 1798/1076/1526
f 1806/1077/1534 529/593/443 1802/1075/1530
f 1810/1078/1538 530/595/444 1806/1077/1534
f 1481/1000/1209 531/597/445 1810/1078/1538
f 1457/861/1185 2098/859/1824 1914/861/1640
f 180/47/149 1814/943/1542 1818/1079/1546
f 179/46/148 1818/1079/1546 1822/875/1550
f 178/45/147 1822/875/1550 1826/876/1554
f 177/44/146 1826/876/1554 1830/1080/1558
f 176/42/145 1830/1080/1558 1834/878/1562
f 175/43/144 1834/878/1562 1838/926/1566
f 76/83/60 1838/926/1566 1486/944/1214
f 1561/794/1289 1925/58/1651 2018/794/1744
f 364/351/295 1842/1081/1570 1846/1082/1570
f 357/345/288 1846/1083/1570 1850/1084/1577
f 350/339/281 1850/1084/1577 1854/1085/1581
f 1858/1086/1581 350/339/281 1854/1087/1581
f 1862/1088/1588 343/332/274 1858/1089/1581
f 1866/1090/1592 336/320/267 1862/1091/1588
f 1497/986/1225 329/318/260 1866/1090/1592
f 1613/448/1341 1906/452/1632 1449/452/1177
f 1870/1092/1596 636/758/525 629/751/519
f 1874/1093/1600 643/765/532 636/758/525
f 1878/1094/1604 650/772/539 643/765/532
f 1882/1095/1608 657/779/546 650/772/539
f 1886/1096/1612 664/786/553 657/779/546
f 1890/1097/1616 671/803/560 664/786/553
f 1894/892/1620 112/301/89 671/803/560
f 1488/1098/1216 1489/1099/1217 1485/644/1213
f 1488/1098/1216 1493/1100/1221 1490/1101/1218
f 1491/1102/1219 1492/1103/1220 1486/944/1214
f 1495/1104/1223 1493/1100/1221 1491/1102/1219
f 1487/572/1215 1496/1105/1224 1495/1104/1223
f 1494/1106/1222 1490/1101/1218 1496/1105/1224
f 1490/1101/1218 1493/1100/1221 1496/1105/1224
f 1944/1107/1670 1945/1108/1671 1941/1109/1667
f 1948/1110/1674 1946/1111/1672 1944/1107/1670
f 1942/573/1668 1949/1112/1675 1948/1110/1674
f 1947/1113/1673 1952/1114/1678 1949/1112/1675
f 1950/1115/1676 1951/1116/1677 1943/944/1669
f 1945/1108/1671 1952/1114/1678 1950/1115/1676
f 1946/1111/1672 1949/1112/1675 1952/1114/1678
f 1498/81/1226 1507/1117/1235 1500/1118/1228
f 1507/1117/1235 1499/1119/1227 1500/1118/1228
f 1508/1120/1236 1497/986/1225 1499/1119/1227
f 1509/731/1237 1507/1117/1235 1505/80/1233
f 1511/1121/1239 1508/1120/1236 1507/1117/1235
f 1512/1122/1240 1506/988/1234 1508/1120/1236
f 1513/730/1241 1511/1121/1239 1509/731/1237
f 1515/1123/1243 1512/1122/1240 1511/1121/1239
f 1516/1124/1244 1510/990/1238 1512/1122/1240
f 1517/733/1245 1515/1123/1243 1513/730/1241
f 1519/1125/1247 1516/1124/1244 1515/1123/1243
f 1520/1126/1248 1514/991/1242 1516/1124/1244
f 1521/734/1249 1519/1125/1247 1517/733/1245
f 1523/1127/1251 1520/1126/1248 1519/1125/1247
f 1524/1128/1252 1518/993/1246 1520/1126/1248
f 1525/736/1253 1523/1127/1251 1521/734/1249
f 1527/1129/1255 1524/1128/1252 1523/1127/1251
f 1528/1130/1256 1522/995/1250 1524/1128/1252
f 1529/737/1257 1527/1129/1255 1525/736/1253
f 1531/1131/1259 1528/1130/1256 1527/1129/1255
f 1532/1132/1260 1526/997/1254 1528/1130/1256
f 1441/710/1169 1531/1131/1259 1529/737/1257
f 1443/1133/1171 1532/1132/1260 1531/1131/1259
f 1444/1134/1172 1530/996/1258 1532/1132/1260
f 1533/722/1261 1484/1135/1212 1482/720/1210
f 1535/1136/1263 1483/1137/1211 1484/1135/1212
f 1536/1138/1264 1481/1000/1209 1483/1137/1211
f 1537/739/1265 1535/1136/1263 1533/722/1261
f 1539/1139/1267 1536/1138/1264 1535/1136/1263
f 1540/1140/1268 1534/999/1262 1536/1138/1264
f 1541/788/1269 1539/1139/1267 1537/739/1265
f 1543/1141/1271 1540/1140/1268 1539/1139/1267
f 1544/1142/1272 1538/1001/1266 1540/1140/1268
f 1545/790/1273 1543/1141/1271 1541/788/1269
f 1547/1143/1275 1544/1142/1272 1543/1141/1271
f 1548/1144/1276 1542/1002/1270 1544/1142/1272
f 1549/791/1277 1547/1143/1275 1545/790/1273
f 1551/1145/1279 1548/1144/1276 1547/1143/1275
f 1552/1146/1280 1546/1005/1274 1548/1144/1276
f 1553/792/1281 1551/1145/1279 1549/791/1277
f 1555/1147/1283 1552/1146/1280 1551/1145/1279
f 1556/1148/1284 1550/1004/1278 1552/1146/1280
f 1557/793/1285 1555/1147/1283 1553/792/1281
f 1559/1149/1287 1556/1148/1284 1555/1147/1283
f 1560/1150/1288 1554/1008/1282 1556/1148/1284
f 1445/795/1173 1559/1149/1287 1557/793/1285
f 1447/1151/1175 1560/1150/1288 1559/1149/1287
f 1448/1152/1176 1558/1010/1286 1560/1150/1288
f 1470/58/1198 1563/1153/1291 1472/1154/1200
f 1472/1154/1200 1564/1155/1292 1471/1156/1199
f 1564/1155/1292 1469/863/1197 1471/1156/1199
f 1561/794/1289 1567/1157/1295 1563/1153/1291
f 1563/1153/1291 1568/1158/1296 1564/1155/1292
f 1568/1158/1296 1562/1011/1290 1564/1155/1292
f 1565/61/1293 1571/1159/1299 1567/1157/1295
f 1571/1159/1299 1568/1158/1296 1567/1157/1295
f 1572/1160/1300 1566/866/1294 1568/1158/1296
f 1569/60/1297 1575/1161/1303 1571/1159/1299
f 1575/1161/1303 1572/1160/1300 1571/1159/1299
f 1576/1162/1304 1570/1012/1298 1572/1160/1300
f 1577/63/1305 1575/1161/1303 1573/62/1301
f 1579/1163/1307 1576/1162/1304 1575/1161/1303
f 1580/1164/1308 1574/867/1302 1576/1162/1304
f 1581/64/1309 1579/1163/1307 1577/63/1305
f 1583/1165/1311 1580/1164/1308 1579/1163/1307
f 1584/1166/1312 1578/1013/1306 1580/1164/1308
f 1585/65/1313 1583/1165/1311 1581/64/1309
f 1587/1167/1315 1584/1166/1312 1583/1165/1311
f 1588/1168/1316 1582/1014/1310 1584/1166/1312
f 1453/69/1181 1587/1167/1315 1585/65/1313
f 1455/1169/1183 1588/1168/1316 1587/1167/1315
f 1456/1170/1184 1586/1015/1314 1588/1168/1316
f 1589/66/1317 1476/1171/1204 1474/310/1202
f 1591/1172/1319 1475/1173/1203 1476/1171/1204
f 1592/1174/1320 1473/1063/1201 1475/1173/1203
f 1593/67/1321 1591/1172/1319 1589/66/1317
f 1595/1175/1323 1592/1174/1320 1591/1172/1319
f 1596/1176/1324 1590/1017/1318 1592/1174/1320
f 1597/444/1325 1595/1175/1323 1593/67/1321
f 1599/1177/1327 1596/1176/1324 1595/1175/1323
f 1600/1178/1328 1594/871/1322 1596/1176/1324
f 1601/445/1329 1599/1177/1327 1597/444/1325
f 1603/1179/1331 1600/1178/1328 1599/1177/1327
f 1604/1180/1332 1598/910/1326 1600/1178/1328
f 1605/446/1333 1603/1179/1331 1601/445/1329
f 1607/1181/1335 1604/1180/1332 1603/1179/1331
f 1608/1182/1336 1602/911/1330 1604/1180/1332
f 1609/447/1337 1607/1181/1335 1605/446/1333
f 1611/1183/1339 1608/1182/1336 1607/1181/1335
f 1612/1184/1340 1606/1018/1334 1608/1182/1336
f 1613/448/1341 1611/1183/1339 1609/447/1337
f 1615/1185/1343 1612/1184/1340 1611/1183/1339
f 1616/1186/1344 1610/1019/1338 1612/1184/1340
f 1449/452/1177 1615/1185/1343 1613/448/1341
f 1451/1187/1179 1616/1186/1344 1615/1185/1343
f 1452/1188/1180 1614/914/1342 1616/1186/1344
f 1478/852/1206 1619/1189/1347 1480/1190/1208
f 1480/1190/1208 1620/1191/1348 1479/1192/1207
f 1479/1192/1207 1618/1023/1346 1477/1022/1205
f 1617/166/1345 1623/1193/1351 1619/1189/1347
f 1619/1189/1347 1624/1194/1352 1620/1191/1348
f 1620/1191/1348 1622/1024/1350 1618/1023/1346
f 1621/449/1349 1627/1195/1355 1623/1193/1351
f 1623/1193/1351 1628/1196/1356 1624/1194/1352
f 1624/1194/1352 1626/1025/1354 1622/1024/1350
f 1625/853/1353 1631/1197/1359 1627/1195/1355
f 1627/1195/1355 1632/1198/1360 1628/1196/1356
f 1628/1196/1356 1630/1026/1358 1626/1025/1354
f 1629/854/1357 1635/1199/1363 1631/1197/1359
f 1631/1197/1359 1636/1200/1364 1632/1198/1360
f 1632/1198/1360 1634/1027/1362 1630/1026/1358
f 1633/856/1361 1639/1201/1367 1635/1199/1363
f 1635/1199/1363 1640/1202/1368 1636/1200/1364
f 1636/1200/1364 1638/1203/1366 1634/1027/1362
f 1637/857/1365 1643/1204/1371 1639/1201/1367
f 1639/1201/1367 1644/1205/1372 1640/1202/1368
f 1640/1202/1368 1642/634/1370 1638/1028/1366
f 1641/858/1369 1459/1206/1187 1643/1204/1371
f 1643/1204/1371 1460/1207/1188 1644/1205/1372
f 1644/1205/1372 1458/1030/1186 1642/634/1370
f 1485/644/1213 1647/1208/1375 1488/1098/1216
f 1488/1098/1216 1648/1209/1376 1492/1210/1220
f 1492/1210/1220 1646/1031/1374 1486/944/1214
f 1649/574/1377 1647/1208/1375 1645/646/1373
f 1647/1208/1375 1652/1211/1380 1648/1209/1376
f 1648/1209/1376 1650/1032/1378 1646/1031/1374
f 1649/574/1377 1655/1212/1383 1651/1213/1379
f 1651/1213/1379 1656/1214/1384 1652/1211/1380
f 1652/1211/1380 1654/1033/1382 1650/1032/1378
f 1653/576/1381 1659/1215/1387 1655/1212/1383
f 1655/1212/1383 1660/1216/1388 1656/1214/1384
f 1656/1214/1384 1658/1034/1386 1654/1033/1382
f 1657/577/1385 1663/1217/1391 1659/1215/1387
f 1659/1215/1387 1664/1218/1392 1660/1216/1388
f 1660/1216/1388 1662/1035/1390 1658/1034/1386
f 1665/581/1393 1663/1217/1391 1661/579/1389
f 1663/1217/1391 1668/1219/1396 1664/1218/1392
f 1664/1218/1392 1666/1036/1394 1662/1035/1390
f 1669/583/1397 1667/1220/1395 1665/581/1393
f 1671/1221/1399 1668/1219/1396 1667/1220/1395
f 1672/1222/1400 1666/1036/1394 1668/1219/1396
f 1461/153/1189 1671/1221/1399 1669/583/1397
f 1463/1223/1191 1672/1222/1400 1671/1221/1399
f 1464/1224/1192 1670/1037/1398 1672/1222/1400
f 1449/452/1177 1675/1225/1403 1451/1187/1179
f 1451/1187/1179 1676/1226/1404 1452/1188/1180
f 1452/1188/1180 1674/1021/1402 1450/1020/1178
f 1673/451/1401 1679/1227/1407 1675/1225/1403
f 1675/1225/1403 1680/1228/1408 1676/1226/1404
f 1676/1226/1404 1678/1040/1406 1674/1039/1402
f 1677/454/1405 1683/1229/1411 1679/1227/1407
f 1679/1227/1407 1684/1230/1412 1680/1228/1408
f 1680/1228/1408 1682/1042/1410 1678/1041/1406
f 1681/453/1409 1687/1231/1415 1683/1229/1411
f 1683/1229/1411 1688/1232/1416 1684/1230/1412
f 1684/1230/1412 1686/1044/1414 1682/1043/1410
f 1689/456/1417 1687/1231/1415 1685/455/1413
f 1687/1231/1415 1692/1233/1420 1688/1232/1416
f 1688/1232/1416 1690/1045/1418 1686/1044/1414
f 1693/457/1421 1691/1234/1419 1689/456/1417
f 1691/1234/1419 1696/1235/1424 1692/1233/1420
f 1692/1233/1420 1694/1047/1422 1690/1046/1418
f 1697/458/1425 1695/1236/1423 1693/457/1421
f 1695/1236/1423 1700/1237/1428 1696/1235/1424
f 1696/1235/1424 1698/1049/1426 1694/1048/1422
f 1465/383/1193 1699/1238/1427 1697/458/1425
f 1467/1239/1195 1700/1237/1428 1699/1238/1427
f 1700/1237/1428 1466/1051/1194 1698/1050/1426
f 1502/304/1230 1703/1240/1431 1504/1241/1232
f 1504/1241/1232 1704/1242/1432 1503/1243/1231
f 1503/1243/1231 1702/1053/1430 1501/1052/1229
f 1701/365/1429 1707/1244/1435 1703/1240/1431
f 1703/1240/1431 1708/1245/1436 1704/1242/1432
f 1704/1242/1432 1706/1054/1434 1702/1053/1430
f 1705/306/1433 1711/1246/1439 1707/1244/1435
f 1707/1244/1435 1712/1247/1440 1708/1245/1436
f 1708/1245/1436 1710/894/1438 1706/1054/1434
f 1709/305/1437 1715/1248/1443 1711/1246/1439
f 1711/1246/1439 1716/1249/1444 1712/1247/1440
f 1712/1247/1440 1714/1055/1442 1710/894/1438
f 1713/307/1441 1719/1250/1447 1715/1248/1443
f 1715/1248/1443 1720/1251/1448 1716/1249/1444
f 1716/1249/1444 1718/1056/1446 1714/1055/1442
f 1717/308/1445 1723/1252/1451 1719/1250/1447
f 1719/1250/1447 1724/1253/1452 1720/1251/1448
f 1720/1251/1448 1722/897/1450 1718/1056/1446
f 1721/309/1449 1727/1254/1455 1723/1252/1451
f 1723/1252/1451 1728/1255/1456 1724/1253/1452
f 1724/1253/1452 1726/1057/1454 1722/897/1450
f 1725/59/1453 1472/1154/1200 1727/1254/1455
f 1727/1254/1455 1471/1156/1199 1728/1255/1456
f 1471/1156/1199 1726/1057/1454 1728/1255/1456
f 1729/155/1457 1463/1223/1191 1461/153/1189
f 1731/1256/1459 1464/1224/1192 1463/1223/1191
f 1732/1257/1460 1462/1038/1190 1464/1224/1192
f 1733/157/1461 1731/1256/1459 1729/155/1457
f 1735/1258/1463 1732/1257/1460 1731/1256/1459
f 1736/1259/1464 1730/585/1458 1732/1257/1460
f 1737/156/1465 1735/1258/1463 1733/157/1461
f 1739/1260/1467 1736/1259/1464 1735/1258/1463
f 1740/1261/1468 1734/1058/1462 1736/1259/1464
f 1741/158/1469 1739/1260/1467 1737/156/1465
f 1743/1262/1471 1740/1261/1468 1739/1260/1467
f 1744/1263/1472 1738/1059/1466 1740/1261/1468
f 1745/159/1473 1743/1262/1471 1741/158/1469
f 1747/1264/1475 1744/1263/1472 1743/1262/1471
f 1748/1265/1476 1742/1060/1470 1744/1263/1472
f 1749/161/1477 1747/1264/1475 1745/159/1473
f 1751/1266/1479 1748/1265/1476 1747/1264/1475
f 1752/1267/1480 1746/1061/1474 1748/1265/1476
f 1753/162/1481 1751/1266/1479 1749/161/1477
f 1755/1268/1483 1752/1267/1480 1751/1266/1479
f 1756/1269/1484 1750/1062/1478 1752/1267/1480
f 1474/310/1202 1755/1268/1483 1753/162/1481
f 1476/1171/1204 1756/1269/1484 1755/1268/1483
f 1475/1173/1203 1754/887/1482 1756/1269/1484
f 1441/710/1169 1759/1270/1487 1443/1133/1171
f 1443/1133/1171 1760/1271/1488 1444/1134/1172
f 1444/1134/1172 1758/1272/1486 1442/998/1170
f 1757/709/1485 1763/1273/1491 1759/1270/1487
f 1759/1270/1487 1764/1274/1492 1760/1271/1488
f 1760/1271/1488 1762/1065/1490 1758/1064/1486
f 1761/164/1489 1767/1275/1495 1763/1273/1491
f 1763/1273/1491 1768/1276/1496 1764/1274/1492
f 1764/1274/1492 1766/1066/1494 1762/1065/1490
f 1765/711/1493 1771/1277/1499 1767/1275/1495
f 1767/1275/1495 1772/1278/1500 1768/1276/1496
f 1768/1276/1496 1770/1067/1498 1766/1066/1494
f 1769/712/1497 1775/1279/1503 1771/1277/1499
f 1771/1277/1499 1776/1280/1504 1772/1278/1500
f 1772/1278/1500 1774/1068/1502 1770/1067/1498
f 1773/714/1501 1779/1281/1507 1775/1279/1503
f 1775/1279/1503 1780/1282/1508 1776/1280/1504
f 1776/1280/1504 1778/1069/1506 1774/1068/1502
f 1777/715/1505 1783/1283/1511 1779/1281/1507
f 1779/1281/1507 1784/1284/1512 1780/1282/1508
f 1780/1282/1508 1782/1070/1510 1778/1069/1506
f 1781/716/1509 1480/1190/1208 1783/1283/1511
f 1783/1283/1511 1479/1192/1207 1784/1284/1512
f 1784/1284/1512 1477/1022/1205 1782/1070/1510
f 1785/718/1513 1459/1206/1187 1457/861/1185
f 1787/1285/1515 1460/1207/1188 1459/1206/1187
f 1788/1286/1516 1458/1030/1186 1460/1207/1188
f 1789/637/1517 1787/1285/1515 1785/718/1513
f 1791/1287/1519 1788/1286/1516 1787/1285/1515
f 1792/1288/1520 1786/1029/1514 1788/1286/1516
f 1793/638/1521 1791/1287/1519 1789/637/1517
f 1795/1289/1523 1792/1288/1520 1791/1287/1519
f 1796/1290/1524 1790/1071/1518 1792/1288/1520
f 1797/639/1525 1795/1289/1523 1793/638/1521
f 1799/1291/1527 1796/1290/1524 1795/1289/1523
f 1800/1292/1528 1794/1074/1522 1796/1290/1524
f 1801/640/1529 1799/1291/1527 1797/639/1525
f 1803/1293/1531 1800/1292/1528 1799/1291/1527
f 1804/1294/1532 1798/1076/1526 1800/1292/1528
f 1805/641/1533 1803/1293/1531 1801/640/1529
f 1807/1295/1535 1804/1294/1532 1803/1293/1531
f 1808/1296/1536 1802/1075/1530 1804/1294/1532
f 1809/642/1537 1807/1295/1535 1805/641/1533
f 1811/1297/1539 1808/1296/1536 1807/1295/1535
f 1812/1298/1540 1806/1077/1534 1808/1296/1536
f 1482/720/1210 1811/1297/1539 1809/642/1537
f 1484/1135/1212 1812/1298/1540 1811/1297/1539
f 1483/1137/1211 1810/1078/1538 1812/1298/1540
f 1453/69/1181 1815/1299/1543 1455/1169/1183
f 1455/1169/1183 1816/1300/1544 1456/1170/1184
f 1456/1170/1184 1814/943/1542 1454/1016/1182
f 1813/68/1541 1819/1301/1547 1815/1299/1543
f 1815/1299/1543 1820/1302/1548 1816/1300/1544
f 1816/1300/1544 1818/1079/1546 1814/943/1542
f 1817/643/1545 1823/1303/1551 1819/1301/1547
f 1819/1301/1547 1824/1304/1552 1820/1302/1548
f 1820/1302/1548 1822/875/1550 1818/1079/1546
f 1821/70/1549 1827/1305/1555 1823/1303/1551
f 1823/1303/1551 1828/1306/1556 1824/1304/1552
f 1824/1304/1552 1826/876/1554 1822/875/1550
f 1825/72/1553 1831/1307/1559 1827/1305/1555
f 1827/1305/1555 1832/1308/1560 1828/1306/1556
f 1828/1306/1556 1830/1080/1558 1826/876/1554
f 1829/73/1557 1835/1309/1563 1831/1307/1559
f 1831/1307/1559 1836/1310/1564 1832/1308/1560
f 1832/1308/1560 1834/878/1562 1830/1080/1558
f 1833/75/1561 1839/1311/1567 1835/1309/1563
f 1835/1309/1563 1840/1312/1568 1836/1310/1564
f 1836/1310/1564 1838/926/1566 1834/878/1562
f 1837/76/1565 1495/1104/1223 1839/1311/1567
f 1839/1311/1567 1491/1102/1219 1840/1312/1568
f 1840/1312/1568 1486/944/1214 1838/926/1566
f 1841/78/1569 1467/1239/1195 1465/383/1193
f 1843/1313/1571 1468/1314/1196 1467/1239/1195
f 1468/1314/1196 1842/440/1570 1466/439/1194
f 1845/79/1573 1843/1313/1571 1841/78/1569
f 1847/1315/1574 1844/1316/1572 1843/1313/1571
f 1844/1316/1572 1846/1082/1570 1842/1081/1570
f 1849/384/1576 1847/1315/1574 1845/79/1573
f 1851/1317/1578 1848/1318/1575 1847/1315/1574
f 1848/1318/1575 1850/1084/1577 1846/1083/1570
f 1853/385/1580 1851/1317/1578 1849/384/1576
f 1855/1319/1582 1852/1320/1579 1851/1317/1578
f 1852/1320/1579 1854/1085/1581 1850/1084/1577
f 1857/386/1584 1855/1319/1582 1853/385/1580
f 1859/1321/1585 1856/1322/1583 1855/1319/1582
f 1860/1323/1586 1854/1087/1581 1856/1322/1583
f 1861/387/1587 1859/1321/1585 1857/386/1584
f 1863/1324/1589 1860/1323/1586 1859/1321/1585
f 1864/1325/1590 1858/1089/1581 1860/1323/1586
f 1865/388/1591 1863/1324/1589 1861/387/1587
f 1867/1326/1593 1864/1325/1590 1863/1324/1589
f 1868/1327/1594 1862/1091/1588 1864/1325/1590
f 1498/81/1226 1867/1326/1593 1865/388/1591
f 1500/1118/1228 1868/1327/1594 1867/1326/1593
f 1499/1119/1227 1866/1090/1592 1868/1327/1594
f 1869/389/1595 1447/1151/1175 1445/795/1173
f 1447/1151/1175 1872/1328/1598 1448/1152/1176
f 1448/1152/1176 1870/1092/1596 1446/1009/1174
f 1869/389/1595 1875/1329/1601 1871/1330/1597
f 1871/1330/1597 1876/1331/1602 1872/1328/1598
f 1872/1328/1598 1874/1093/1600 1870/1092/1596
f 1873/390/1599 1879/1332/1605 1875/1329/1601
f 1875/1329/1601 1880/1333/1606 1876/1331/1602
f 1876/1331/1602 1878/1094/1604 1874/1093/1600
f 1877/796/1603 1883/1334/1609 1879/1332/1605
f 1879/1332/1605 1884/1335/1610 1880/1333/1606
f 1880/1333/1606 1882/1095/1608 1878/1094/1604
f 1881/798/1607 1887/1336/1613 1883/1334/1609
f 1883/1334/1609 1888/1337/1614 1884/1335/1610
f 1884/1335/1610 1886/1096/1612 1882/1095/1608
f 1885/799/1611 1891/1338/1617 1887/1336/1613
f 1887/1336/1613 1892/1339/1618 1888/1337/1614
f 1888/1337/1614 1890/1097/1616 1886/1096/1612
f 1889/800/1615 1895/1340/1621 1891/1338/1617
f 1891/1338/1617 1896/1341/1622 1892/1339/1618
f 1892/1339/1618 1894/892/1620 1890/1097/1616
f 1893/302/1619 1504/1241/1232 1895/1340/1621
f 1895/1340/1621 1503/1243/1231 1896/1341/1622
f 1896/1341/1622 1501/1052/1229 1894/892/1620
f 1954/1342/1680 1963/1343/1689 1956/1344/1682
f 1956/1344/1682 1964/1345/1690 1955/1346/1681
f 1955/1346/1681 1962/80/1688 1953/81/1679
f 1961/1347/1687 1967/1348/1693 1963/1343/1689
f 1963/1343/1689 1968/1349/1694 1964/1345/1690
f 1964/1345/1690 1966/731/1692 1962/80/1688
f 1965/1350/1691 1971/1351/1697 1967/1348/1693
f 1967/1348/1693 1972/1352/1698 1968/1349/1694
f 1968/1349/1694 1970/732/1696 1966/731/1692
f 1969/989/1695 1975/1353/1701 1971/1351/1697
f 1971/1351/1697 1976/1354/1702 1972/1352/1698
f 1972/1352/1698 1974/733/1700 1970/732/1696
f 1973/1355/1699 1979/1356/1705 1975/1353/1701
f 1975/1353/1701 1980/1357/1706 1976/1354/1702
f 1976/1354/1702 1978/735/1704 1974/733/1700
f 1977/1358/1703 1983/1359/1709 1979/1356/1705
f 1979/1356/1705 1984/1360/1710 1980/1357/1706
f 1980/1357/1706 1982/736/1708 1978/735/1704
f 1981/1361/1707 1987/1362/1713 1983/1359/1709
f 1983/1359/1709 1988/1363/1714 1984/1360/1710
f 1984/1360/1710 1986/737/1712 1982/736/1708
f 1985/1364/1711 1899/1365/1625 1987/1362/1713
f 1987/1362/1713 1900/1366/1626 1988/1363/1714
f 1988/1363/1714 1898/710/1624 1986/737/1712
f 1938/957/1664 1991/1367/1717 1940/1368/1666
f 1940/1368/1666 1992/1369/1718 1939/1370/1665
f 1939/1370/1665 1990/721/1716 1937/720/1663
f 1989/956/1715 1995/1371/1721 1991/1367/1717
f 1991/1367/1717 1996/1372/1722 1992/1369/1718
f 1992/1369/1718 1994/738/1720 1990/721/1716
f 1993/964/1719 1999/1373/1725 1995/1371/1721
f 1995/1371/1721 2000/1374/1726 1996/1372/1722
f 1996/1372/1722 1998/788/1724 1994/738/1720
f 1997/965/1723 2003/1375/1729 1999/1373/1725
f 1999/1373/1725 2004/1376/1730 2000/1374/1726
f 2000/1374/1726 2002/789/1728 1998/788/1724
f 2001/966/1727 2007/1377/1733 2003/1375/1729
f 2003/1375/1729 2008/1378/1734 2004/1376/1730
f 2004/1376/1730 2006/791/1732 2002/789/1728
f 2005/969/1731 2011/1379/1737 2007/1377/1733
f 2007/1377/1733 2012/1380/1738 2008/1378/1734
f 2008/1378/1734 2010/792/1736 2006/791/1732
f 2009/968/1735 2015/1381/1741 2011/1379/1737
f 2011/1379/1737 2016/1382/1742 2012/1380/1738
f 2016/1382/1742 2010/792/1736 2012/1380/1738
f 2013/946/1739 1903/1383/1629 2015/1381/1741
f 2015/1381/1741 1904/1384/1630 2016/1382/1742
f 1904/1384/1630 2014/793/1740 2016/1382/1742
f 1926/863/1652 2019/1385/1745 1928/1386/1654
f 1928/1386/1654 2020/1387/1746 1927/1388/1653
f 1927/1388/1653 2018/794/1744 1925/58/1651
f 2017/901/1743 2023/1389/1749 2019/1385/1745
f 2019/1385/1745 2024/1390/1750 2020/1387/1746
f 2020/1387/1746 2022/61/1748 2018/794/1744
f 2021/866/1747 2027/1391/1753 2023/1389/1749
f 2023/1389/1749 2028/1392/1754 2024/1390/1750
f 2024/1390/1750 2026/60/1752 2022/61/1748
f 2025/865/1751 2031/1393/1757 2027/1391/1753
f 2027/1391/1753 2032/1394/1758 2028/1392/1754
f 2028/1392/1754 2030/62/1756 2026/60/1752
f 2029/867/1755 2035/1395/1761 2031/1393/1757
f 2031/1393/1757 2036/1396/1762 2032/1394/1758
f 2032/1394/1758 2034/63/1760 2030/62/1756
f 2033/868/1759 2039/1397/1765 2035/1395/1761
f 2035/1395/1761 2040/1398/1766 2036/1396/1762
f 2036/1396/1762 2038/64/1764 2034/63/1760
f 2037/869/1763 2043/1399/1769 2039/1397/1765
f 2039/1397/1765 2044/1400/1770 2040/1398/1766
f 2040/1398/1766 2042/65/1768 2038/64/1764
f 2041/870/1767 1911/1401/1637 2043/1399/1769
f 2043/1399/1769 1912/1402/1638 2044/1400/1770
f 2044/1400/1770 1910/69/1636 2042/65/1768
f 1930/909/1656 2047/1403/1773 1932/1404/1658
f 1932/1404/1658 2048/1405/1774 1931/1406/1657
f 1931/1406/1657 2046/66/1772 1929/442/1655
f 2045/899/1771 2051/1407/1777 2047/1403/1773
f 2047/1403/1773 2052/1408/1778 2048/1405/1774
f 2048/1405/1774 2050/67/1776 2046/66/1772
f 2049/871/1775 2055/1409/1781 2051/1407/1777
f 2051/1407/1777 2056/1410/1782 2052/1408/1778
f 2052/1408/1778 2054/443/1780 2050/67/1776
f 2053/910/1779 2059/1411/1785 2055/1409/1781
f 2055/1409/1781 2060/1412/1786 2056/1410/1782
f 2056/1410/1782 2058/445/1784 2054/443/1780
f 2057/911/1783 2063/1413/1789 2059/1411/1785
f 2059/1411/1785 2064/1414/1790 2060/1412/1786
f 2060/1412/1786 2062/446/1788 2058/445/1784
f 2061/912/1787 2067/1415/1793 2063/1413/1789
f 2063/1413/1789 2068/1416/1794 2064/1414/1790
f 2064/1414/1790 2066/447/1792 2062/446/1788
f 2065/913/1791 2071/1417/1797 2067/1415/1793
f 2067/1415/1793 2072/1418/1798 2068/1416/1794
f 2068/1416/1794 2070/448/1796 2066/447/1792
f 2069/914/1795 1907/1419/1633 2071/1417/1797
f 2071/1417/1797 1908/1420/1634 2072/1418/1798
f 2072/1418/1798 1906/452/1632 2070/448/1796
f 2073/890/1799 1936/1421/1662 1934/889/1660
f 2075/1422/1801 1935/1423/1661 1936/1421/1662
f 2076/1424/1802 1933/167/1659 1935/1423/1661
f 2077/915/1803 2075/1422/1801 2073/890/1799
f 2079/1425/1805 2076/1424/1802 2075/1422/1801
f 2080/1426/1806 2074/166/1800 2076/1424/1802
f 2081/978/1807 2079/1425/1805 2077/915/1803
f 2083/1427/1809 2080/1426/1806 2079/1425/1805
f 2084/1428/1810 2078/450/1804 2080/1426/1806
f 2085/979/1811 2083/1427/1809 2081/978/1807
f 2087/1429/1813 2084/1428/1810 2083/1427/1809
f 2088/1430/1814 2082/853/1808 2084/1428/1810
f 2089/981/1815 2087/1429/1813 2085/980/1811
f 2091/1431/1817 2088/1430/1814 2087/1429/1813
f 2092/1432/1818 2086/855/1812 2088/1430/1814
f 2093/982/1819 2091/1431/1817 2089/981/1815
f 2095/1433/1821 2092/1432/1818 2091/1431/1817
f 2096/1434/1822 2090/856/1816 2092/1432/1818
f 2097/872/1823 2095/1433/1821 2093/982/1819
f 2099/1435/1825 2096/1434/1822 2095/1433/1821
f 2100/1436/1826 2094/857/1820 2096/1434/1822
f 1913/873/1639 2099/1435/1825 2097/872/1823
f 1915/1437/1641 2100/1436/1826 2099/1435/1825
f 1916/1438/1642 2098/859/1824 2100/1436/1826
f 2101/983/1827 1950/1115/1676 1943/944/1669
f 2103/1439/1829 1945/1108/1671 1950/1115/1676
f 2104/1440/1830 1941/1109/1667 1945/1108/1671
f 2105/927/1831 2103/1439/1829 2101/983/1827
f 2107/1441/1833 2104/1440/1830 2103/1439/1829
f 2108/1442/1834 2102/645/1828 2104/1440/1830
f 2109/928/1835 2107/1441/1833 2105/927/1831
f 2111/1443/1837 2108/1442/1834 2107/1441/1833
f 2112/1444/1838 2106/860/1832 2108/1442/1834
f 2113/929/1839 2111/1443/1837 2109/928/1835
f 2115/1445/1841 2112/1444/1838 2111/1443/1837
f 2116/1446/1842 2110/575/1836 2112/1444/1838
f 2117/930/1843 2115/1445/1841 2113/929/1839
f 2119/1447/1845 2116/1446/1842 2115/1445/1841
f 2120/1448/1846 2114/577/1840 2116/1446/1842
f 2121/1449/1847 2119/1447/1845 2117/930/1843
f 2123/1450/1849 2120/1448/1846 2119/1447/1845
f 2124/1451/1850 2118/578/1844 2120/1448/1846
f 2121/1449/1847 2127/1452/1853 2123/1450/1849
f 2123/1450/1849 2128/1453/1854 2124/1451/1850
f 2124/1451/1850 2126/582/1852 2122/580/1848
f 2125/931/1851 1919/1454/1645 2127/1452/1853
f 2127/1452/1853 1920/1455/1646 2128/1453/1854
f 2128/1453/1854 1918/153/1644 2126/582/1852
f 2129/932/1855 1907/1419/1633 1905/971/1631
f 2131/1456/1857 1908/1420/1634 1907/1419/1633
f 2132/1225/1858 1906/452/1632 1908/1420/1634
f 2133/933/1859 2131/1456/1857 2129/932/1855
f 2135/1457/1861 2132/1225/1858 2131/1456/1857
f 2136/1458/1862 2130/451/1856 2132/1225/1858
f 2137/918/1863 2135/1457/1861 2133/917/1859
f 2139/1459/1865 2136/1458/1862 2135/1457/1861
f 2140/1460/1866 2134/454/1860 2136/1458/1862
f 2141/919/1867 2139/1459/1865 2137/918/1863
f 2143/1461/1869 2140/1460/1866 2139/1459/1865
f 2144/1462/1870 2138/453/1864 2140/1460/1866
f 2145/920/1871 2143/1461/1869 2141/919/1867
f 2147/1463/1873 2144/1462/1870 2143/1461/1869
f 2148/1464/1874 2142/455/1868 2144/1462/1870
f 2149/922/1875 2147/1463/1873 2145/921/1871
f 2151/1465/1877 2148/1464/1874 2147/1463/1873
f 2152/1236/1878 2146/456/1872 2148/1464/1874
f 2153/924/1879 2151/1465/1877 2149/923/1875
f 2155/1466/1881 2152/1236/1878 2151/1465/1877
f 2156/1238/1882 2150/457/1876 2152/1236/1878
f 1921/882/1647 2155/1466/1881 2153/881/1879
f 1923/1467/1649 2156/1238/1882 2155/1466/1881
f 1924/1468/1650 2154/458/1880 2156/1238/1882
f 2157/925/1883 1960/1469/1686 1958/900/1684
f 2159/1470/1885 1959/1471/1685 1960/1469/1686
f 2160/1472/1886 1957/303/1683 1959/1471/1685
f 2161/893/1887 2159/1470/1885 2157/925/1883
f 2163/1473/1889 2160/1472/1886 2159/1470/1885
f 2164/1474/1890 2158/366/1884 2160/1472/1886
f 2165/894/1891 2163/1473/1889 2161/893/1887
f 2167/1475/1893 2164/1474/1890 2163/1473/1889
f 2168/1476/1894 2162/306/1888 2164/1474/1890
f 2169/895/1895 2167/1475/1893 2165/894/1891
f 2171/1477/1897 2168/1476/1894 2167/1475/1893
f 2172/1478/1898 2166/305/1892 2168/1476/1894
f 2173/896/1899 2171/1477/1897 2169/895/1895
f 2175/1479/1901 2172/1478/1898 2171/1477/1897
f 2176/1480/1902 2170/307/1896 2172/1478/1898
f 2177/897/1903 2175/1479/1901 2173/896/1899
f 2179/1253/1905 2176/1480/1902 2175/1479/1901
f 2180/1481/1906 2174/308/1900 2176/1480/1902
f 2177/897/1903 2183/1482/1909 2179/1253/1905
f 2183/1482/1909 2180/1481/1906 2179/1253/1905
f 2180/1481/1906 2182/59/1908 2178/309/1904
f 2181/864/1907 1928/1386/1654 2183/1482/1909
f 1928/1386/1654 2184/1483/1910 2183/1482/1909
f 2184/1483/1910 1925/58/1651 2182/59/1908
f 1917/935/1643 2187/1484/1913 1919/1454/1645
f 1919/1454/1645 2188/1485/1914 1920/1455/1646
f 1920/1455/1646 2186/154/1912 1918/153/1644
f 2185/934/1911 2191/1486/1917 2187/1484/1913
f 2187/1484/1913 2192/1487/1918 2188/1485/1914
f 2188/1485/1914 2190/157/1916 2186/154/1912
f 2189/898/1915 2195/1488/1921 2191/1486/1917
f 2191/1486/1917 2196/1489/1922 2192/1487/1918
f 2192/1487/1918 2194/156/1920 2190/157/1916
f 2193/883/1919 2199/1490/1925 2195/1488/1921
f 2195/1488/1921 2200/1491/1926 2196/1489/1922
f 2196/1489/1922 2198/158/1924 2194/156/1920
f 2197/884/1923 2203/1492/1929 2199/1490/1925
f 2199/1490/1925 2204/1493/1930 2200/1491/1926
f 2200/1491/1926 2202/160/1928 2198/158/1924
f 2201/885/1927 2207/1494/1933 2203/1492/1929
f 2203/1492/1929 2208/1495/1934 2204/1493/1930
f 2204/1493/1930 2206/161/1932 2202/160/1928
f 2205/886/1931 2211/1496/1937 2207/1494/1933
f 2207/1494/1933 2212/1497/1938 2208/1495/1934
f 2208/1495/1934 2210/163/1936 2206/161/1932
f 2209/887/1935 1932/1404/1658 2211/1496/1937
f 2211/1496/1937 1931/1406/1657 2212/1497/1938
f 2212/1497/1938 1929/442/1655 2210/163/1936
f 2213/802/1939 1899/1365/1625 1897/801/1623
f 2215/1498/1941 1900/1366/1626 1899/1365/1625
f 2216/1499/1942 1898/710/1624 1900/1366/1626
f 2217/888/1943 2215/1498/1941 2213/802/1939
f 2219/1500/1945 2216/1499/1942 2215/1498/1941
f 2220/1501/1946 2214/165/1940 2216/1499/1942
f 2221/948/1947 2219/1500/1945 2217/947/1943
f 2223/1502/1949 2220/1501/1946 2219/1500/1945
f 2224/1503/1950 2218/164/1944 2220/1501/1946
f 2225/949/1951 2223/1502/1949 2221/948/1947
f 2227/1504/1953 2224/1503/1950 2223/1502/1949
f 2228/1505/1954 2222/711/1948 2224/1503/1950
f 2229/951/1955 2227/1504/1953 2225/950/1951
f 2231/1506/1957 2228/1505/1954 2227/1504/1953
f 2232/1507/1958 2226/713/1952 2228/1505/1954
f 2233/953/1959 2231/1506/1957 2229/952/1955
f 2235/1508/1961 2232/1507/1958 2231/1506/1957
f 2236/1509/1962 2230/714/1956 2232/1507/1958
f 2237/954/1963 2235/1508/1961 2233/953/1959
f 2239/1510/1965 2236/1509/1962 2235/1508/1961
f 2240/1511/1966 2234/715/1960 2236/1509/1962
f 1934/889/1660 2239/1510/1965 2237/954/1963
f 1936/1421/1662 2240/1511/1966 2239/1510/1965
f 1935/1423/1661 2238/717/1964 2240/1511/1966
f 1913/984/1639 2243/1512/1969 1915/1437/1641
f 1915/1437/1641 2244/1513/1970 1916/1438/1642
f 1916/1438/1642 2242/718/1968 1914/861/1640
f 2241/955/1967 2247/1514/1973 2243/1512/1969
f 2243/1512/1969 2248/1515/1974 2244/1513/1970
f 2244/1513/1970 2246/719/1972 2242/718/1968
f 2245/937/1971 2251/1516/1977 2247/1514/1973
f 2247/1514/1973 2252/1517/1978 2248/1515/1974
f 2248/1515/1974 2250/638/1976 2246/719/1972
f 2249/936/1975 2255/1518/1981 2251/1516/1977
f 2251/1516/1977 2256/1519/1982 2252/1517/1978
f 2252/1517/1978 2254/639/1980 2250/638/1976
f 2253/940/1979 2259/1520/1985 2255/1518/1981
f 2255/1518/1981 2260/1521/1986 2256/1519/1982
f 2256/1519/1982 2258/640/1984 2254/639/1980
f 2257/939/1983 2263/1522/1989 2259/1520/1985
f 2259/1520/1985 2264/1523/1990 2260/1521/1986
f 2260/1521/1986 2262/641/1988 2258/640/1984
f 2261/941/1987 2267/1524/1993 2263/1522/1989
f 2263/1522/1989 2268/1525/1994 2264/1523/1990
f 2264/1523/1990 2266/642/1992 2262/641/1988
f 2265/942/1991 1940/1368/1666 2267/1524/1993
f 2267/1524/1993 1939/1370/1665 2268/1525/1994
f 2268/1525/1994 1937/720/1663 2266/642/1992
f 2269/943/1995 1911/1401/1637 1909/916/1635
f 2271/1526/1997 1912/1402/1638 1911/1401/1637
f 2272/1527/1998 1910/69/1636 1912/1402/1638
f 2273/874/1999 2271/1526/1997 2269/943/1995
f 2275/1528/2001 2272/1527/1998 2271/1526/1997
f 2276/1529/2002 2270/68/1996 2272/1527/1998
f 2277/875/2003 2275/1528/2001 2273/874/1999
f 2279/1530/2005 2276/1529/2002 2275/1528/2001
f 2280/1531/2006 2274/71/2000 2276/1529/2002
f 2281/876/2007 2279/1530/2005 2277/875/2003
f 2283/1532/2009 2280/1531/2006 2279/1530/2005
f 2284/1533/2010 2278/70/2004 2280/1531/2006
f 2285/877/2011 2283/1532/2009 2281/876/2007
f 2287/1534/2013 2284/1533/2010 2283/1532/2009
f 2288/1535/2014 2282/72/2008 2284/1533/2010
f 2289/878/2015 2287/1534/2013 2285/877/2011
f 2291/1536/2017 2288/1535/2014 2287/1534/2013
f 2292/1537/2018 2286/74/2012 2288/1535/2014
f 2293/926/2019 2291/1536/2017 2289/878/2015
f 2295/1538/2021 2292/1537/2018 2291/1536/2017
f 2296/1539/2022 2290/75/2016 2292/1537/2018
f 1943/944/1669 2295/1538/2021 2293/926/2019
f 1951/1540/1677 2296/1539/2022 2295/1538/2021
f 1947/1113/1673 2294/77/2020 2296/1539/2022
f 2297/908/2023 1923/1467/1649 1921/1541/1647
f 2299/1542/2025 1924/1468/1650 1923/1467/1649
f 2300/1543/2026 1922/383/1648 1924/1468/1650
f 2297/908/2023 2303/1544/2029 2299/1542/2025
f 2299/1542/2025 2304/1545/2030 2300/1543/2026
f 2304/1545/2030 2298/78/2024 2300/1543/2026
f 2301/879/2027 2307/1546/2033 2303/1544/2029
f 2303/1544/2029 2308/1547/2034 2304/1545/2030
f 2308/1547/2034 2302/79/2028 2304/1545/2030
f 2305/1548/2031 2311/1549/2037 2307/1546/2033
f 2307/1546/2033 2312/1550/2038 2308/1547/2034
f 2312/1550/2038 2306/384/2032 2308/1547/2034
f 2309/1551/2035 2315/1552/2041 2311/1549/2037
f 2311/1549/2037 2316/1553/2042 2312/1550/2038
f 2316/1553/2042 2310/385/2036 2312/1550/2038
f 2313/1554/2039 2319/1555/2045 2315/1552/2041
f 2315/1552/2041 2320/1556/2046 2316/1553/2042
f 2316/1553/2042 2318/387/2044 2314/386/2040
f 2317/1557/2043 2323/1558/2049 2319/1555/2045
f 2319/1555/2045 2324/1559/2050 2320/1556/2046
f 2320/1556/2046 2322/388/2048 2318/387/2044
f 2321/1560/2047 1956/1344/1682 2323/1558/2049
f 2323/1558/2049 1955/1346/1681 2324/1559/2050
f 2324/1559/2050 1953/81/1679 2322/388/2048
f 2325/907/2051 1903/1383/1629 1901/945/1627
f 2327/1561/2053 1904/1384/1630 1903/1383/1629
f 2328/1562/2054 1902/795/1628 1904/1384/1630
f 2329/972/2055 2327/1561/2053 2325/907/2051
f 2331/1563/2057 2328/1562/2054 2327/1561/2053
f 2332/1564/2058 2326/389/2052 2328/1562/2054
f 2333/973/2059 2331/1563/2057 2329/972/2055
f 2335/1565/2061 2332/1564/2058 2331/1563/2057
f 2336/1566/2062 2330/390/2056 2332/1564/2058
f 2337/974/2063 2335/1565/2061 2333/973/2059
f 2339/1567/2065 2336/1566/2062 2335/1565/2061
f 2340/1568/2066 2334/796/2060 2336/1566/2062
f 2341/975/2067 2339/1567/2065 2337/974/2063
f 2343/1569/2069 2340/1568/2066 2339/1567/2065
f 2344/1570/2070 2338/797/2064 2340/1568/2066
f 2345/976/2071 2343/1569/2069 2341/975/2067
f 2347/1571/2073 2344/1570/2070 2343/1569/2069
f 2348/1572/2074 2342/799/2068 2344/1570/2070
f 2349/892/2075 2347/1571/2073 2345/976/2071
f 2351/1573/2077 2348/1572/2074 2347/1571/2073
f 2352/1574/2078 2346/800/2072 2348/1572/2074
f 1958/900/1684 2351/1573/2077 2349/892/2075
f 1960/1469/1686 2352/1574/2078 2351/1573/2077
f 1959/1471/1685 2350/302/2076 2352/1574/2078
f 1487/572/1215 1948/1110/1674 1494/1106/1222
f 1948/1110/1674 1489/1099/1217 1494/1106/1222
f 1944/1107/1670 1485/644/1213 1489/1099/1217
f 1441/710/1169 1986/737/1712 1898/710/1624
f 2378/1575/2098 2384/1576/2102 2391/1577/2108
f 2434/1578/2103 2366/1579/2091 2423/1580/2120
f 2380/1581/2085 2426/1582/2088 2430/1583/2085
f 2386/1584/2104 2425/1585/2122 2431/1586/2123
f 2427/1587/2082 2360/1588/2086 2424/1589/2121
f 2537/1590/2085 2441/1591/2129 2539/1591/2085
f 2379/1592/2082 2427/1587/2082 2429/1593/2082
f 2361/1594/2087 2428/1595/2085 2425/1585/2122
f 2383/1596/2101 2364/1597/2090 2387/1598/2105
f 2410/1599/2082 2356/1600/2082 2405/1601/2082
f 2422/1602/2085 2376/1603/2085 2408/1604/2085
f 2417/1605/2082 2371/1588/2095 2415/1606/2117
f 2421/1607/2082 2374/1608/2082 2409/1609/2082
f 2418/1610/2085 2372/1611/2096 2376/1603/2085
f 2420/1612/2119 2371/1588/2095 2399/1613/2107
f 2423/1614/2120 2379/1592/2082 2429/1593/2082
f 2428/1595/2085 2380/1581/2085 2430/1583/2085
f 2387/1598/2105 2378/1575/2098 2391/1577/2108
f 2359/1615/2085 2411/1616/2085 2407/1617/2085
f 2387/1598/2105 2396/1618/2112 2394/1619/2110
f 2413/1620/2116 2390/1584/2107 2372/1611/2096
f 2618/1621/2237 2533/1584/2191 2532/1612/2190
f 2383/1596/2101 2394/1619/2110 2392/1622/2109
f 2398/1623/2104 2431/1586/2123 2433/1624/2123
f 2426/1582/2088 2388/1625/2103 2432/1626/2103
f 2396/1618/2112 2384/1576/2102 2397/1627/2113
f 2377/1628/2097 2397/1627/2113 2353/1629/2079
f 2360/1588/2086 2433/1624/2123 2424/1589/2121
f 2538/1630/2082 2440/1608/2128 2436/1630/2125
f 2392/1622/2109 2363/1631/2089 2355/1632/2081
f 2503/1633/2169 2495/1634/2162 2504/1634/2170
f 2394/1619/2110 2377/1628/2097 2363/1631/2089
f 2419/1584/2118 2399/1613/2107 2390/1584/2107
f 2432/1626/2103 2393/1635/2103 2434/1578/2103
f 2687/1636/2292 2395/1637/2111 2694/1638/2299
f 2400/1639/2114 2688/1640/2293 2684/1641/2289
f 2404/1642/2106 2693/1643/2298 2688/1640/2293
f 2369/1644/2093 2687/1636/2292 2690/1645/2295
f 2683/1646/2288 2381/1647/2099 2692/1648/2297
f 2686/1649/2291 2382/1650/2100 2691/1651/2296
f 2694/1638/2299 2370/1652/2094 2683/1653/2288
f 2382/1650/2100 2690/1645/2295 2691/1651/2296
f 2693/1643/2298 2368/1654/2092 2689/1655/2294
f 2401/1656/2099 2684/1641/2289 2685/1657/2290
f 2381/1647/2099 2685/1657/2290 2692/1648/2297
f 2689/1655/2294 2402/1658/2100 2686/1649/2291
f 2388/1625/2103 2412/1659/2103 2393/1635/2103
f 2546/1591/2085 2489/1591/2158 2541/1591/2085
f 2362/1660/2088 2385/1661/2103 2388/1625/2103
f 2613/1662/2232 2530/1588/2188 2553/1588/2195
f 2407/1617/2085 2380/1581/2085 2367/1663/2085
f 2366/1664/2091 2410/1599/2082 2379/1592/2082
f 2421/1607/2082 2375/1665/2082 2417/1605/2082
f 2422/1602/2085 2373/1591/2085 2416/1591/2085
f 2453/1604/2085 2458/1591/2137 2444/1666/2131
f 2379/1592/2082 2405/1601/2082 2365/1667/2082
f 2609/1668/2228 2533/1584/2191 2616/1669/2235
f 2393/1635/2103 2354/1670/2080 2366/1579/2091
f 2411/1616/2085 2362/1660/2088 2380/1581/2085
f 2407/1617/2085 2416/1591/2085 2359/1615/2085
f 2405/1601/2082 2417/1605/2082 2365/1667/2082
f 2386/1584/2104 2420/1612/2119 2419/1584/2118
f 2361/1594/2087 2419/1584/2118 2413/1620/2116
f 2398/1623/2104 2415/1606/2117 2420/1612/2119
f 2367/1663/2085 2413/1620/2116 2418/1610/2085
f 2405/1601/2082 2414/1608/2082 2421/1607/2082
f 2365/1667/2082 2415/1606/2117 2360/1588/2086
f 2407/1617/2085 2418/1610/2085 2422/1602/2085
f 2403/1671/2111 2434/1578/2103 2395/1637/2111
f 2424/1589/2121 2404/1642/2106 2400/1639/2114
f 2369/1644/2093 2432/1626/2103 2403/1671/2111
f 2433/1624/2123 2389/1672/2106 2404/1642/2106
f 2402/1658/2100 2430/1583/2085 2382/1650/2100
f 2370/1673/2094 2429/1593/2082 2381/1647/2099
f 2368/1654/2092 2428/1595/2085 2402/1658/2100
f 2429/1593/2082 2401/1656/2099 2381/1647/2099
f 2427/1587/2082 2400/1639/2114 2401/1656/2099
f 2431/1586/2123 2368/1654/2092 2389/1672/2106
f 2430/1583/2085 2369/1644/2093 2382/1650/2100
f 2395/1637/2111 2423/1580/2120 2370/1652/2094
f 2440/1608/2128 2439/1674/2127 2436/1630/2125
f 2442/1675/2126 2438/1676/2127 2439/1674/2127
f 2437/1677/2126 2435/1590/2124 2438/1676/2127
f 2500/1591/2166 2490/1677/2159 2489/1591/2158
f 2637/1630/2082 2454/1609/2082 2445/1630/2082
f 2643/1678/2085 2444/1666/2131 2636/1591/2255
f 2642/1612/2205 2450/1584/2135 2640/1584/2205
f 2634/1634/2253 2451/1633/2134 2448/1679/2133
f 2640/1584/2205 2447/1594/2132 2633/1594/2252
f 2641/1633/2257 2449/1680/2134 2451/1633/2134
f 2638/1590/2085 2453/1604/2085 2643/1678/2085
f 2635/1588/2254 2445/1630/2082 2443/1681/2130
f 2644/1609/2082 2448/1682/2133 2454/1609/2082
f 2633/1594/2252 2446/1683/2085 2638/1590/2085
f 2639/1680/2256 2444/1666/2131 2449/1680/2134
f 2463/1680/2140 2451/1633/2134 2449/1680/2134
f 2466/1584/2143 2452/1612/2135 2460/1612/2139
f 2450/1584/2135 2465/1684/2142 2447/1594/2132
f 2459/1633/2138 2448/1679/2133 2451/1633/2134
f 2458/1591/2137 2449/1680/2134 2444/1666/2131
f 2445/1630/2082 2457/1609/2082 2462/1630/2082
f 2464/1608/2141 2454/1609/2082 2448/1682/2133
f 2443/1681/2130 2460/1612/2139 2452/1612/2135
f 2462/1630/2082 2443/1681/2130 2445/1630/2082
f 2446/1683/2085 2461/1685/2085 2453/1604/2085
f 2447/1594/2132 2455/1590/2085 2446/1683/2085
f 2601/1590/2085 2486/1611/2156 2579/1683/2085
f 2635/1588/2254 2452/1612/2135 2642/1612/2205
f 2567/1683/2085 2477/1686/2149 2467/1687/2085
f 2561/1604/2085 2470/1688/2145 2570/1689/2207
f 2563/1680/2202 2471/1633/2146 2571/1633/2202
f 2572/1612/2205 2478/1584/2150 2566/1584/2205
f 2566/1584/2205 2477/1686/2149 2565/1611/2204
f 2571/1633/2202 2476/1634/2148 2564/1634/2203
f 2570/1689/2207 2475/1680/2146 2563/1680/2202
f 2562/1690/2082 2469/1691/2082 2474/1692/2082
f 2569/1691/2082 2476/1608/2148 2469/1691/2082
f 2568/1681/2206 2472/1612/2147 2572/1612/2205
f 2562/1690/2082 2468/1693/2144 2568/1681/2206
f 2567/1683/2085 2473/1604/2085 2561/1604/2085
f 2560/1694/2201 2581/1604/2085 2480/1591/2152
f 2607/1680/2225 2481/1633/2153 2604/1633/2225
f 2605/1623/2226 2487/1584/2154 2559/1584/2200
f 2559/1584/2200 2486/1611/2156 2558/1611/2199
f 2604/1633/2225 2485/1634/2155 2608/1634/2227
f 2560/1694/2201 2484/1680/2153 2607/1680/2225
f 2603/1691/2082 2483/1695/2082 2557/1696/2082
f 2608/1608/2227 2580/1697/2082 2603/1691/2082
f 2602/1698/2224 2482/1612/2154 2605/1623/2226
f 2557/1696/2082 2479/1693/2151 2602/1698/2224
f 2606/1604/2085 2579/1683/2085 2581/1604/2085
f 2510/1675/2173 2496/1608/2163 2499/1675/2165
f 2501/1677/2167 2491/1675/2159 2490/1677/2159
f 2505/1675/2167 2488/1608/2157 2491/1675/2159
f 2504/1699/2170 2573/1608/2082 2584/1699/2082
f 2502/1700/2168 2494/1680/2161 2507/1680/2169
f 2507/1680/2169 2493/1633/2161 2503/1633/2169
f 2512/1688/2174 2498/1677/2165 2497/1591/2164
f 2512/1688/2174 2543/1591/2085 2547/1700/2085
f 2511/1677/2173 2499/1675/2165 2498/1677/2165
f 2484/1680/2153 2503/1633/2169 2481/1633/2153
f 2480/1591/2152 2507/1680/2169 2484/1680/2153
f 2485/1608/2155 2584/1699/2082 2580/1697/2082
f 2442/1675/2126 2506/1608/2171 2505/1675/2167
f 2437/1677/2126 2505/1675/2167 2501/1677/2167
f 2441/1591/2129 2501/1677/2167 2500/1591/2166
f 2539/1591/2085 2500/1591/2166 2546/1591/2085
f 2481/1633/2153 2504/1634/2170 2485/1634/2155
f 2520/1677/2176 2510/1675/2173 2511/1677/2173
f 2516/1591/2177 2547/1700/2085 2550/1701/2085
f 2516/1591/2177 2511/1677/2173 2512/1688/2174
f 2515/1675/2176 2509/1608/2172 2510/1675/2173
f 2523/1675/2182 2514/1608/2175 2515/1675/2176
f 2586/1608/2212 2521/1682/2180 2585/1682/2211
f 2527/1633/2186 2585/1634/2211 2521/1702/2180
f 2524/1700/2183 2520/1677/2176 2516/1591/2177
f 2524/1700/2183 2550/1701/2085 2551/1703/2085
f 2525/1704/2184 2518/1680/2179 2526/1680/2185
f 2526/1680/2185 2519/1633/2179 2527/1633/2186
f 2528/1677/2182 2515/1675/2176 2520/1677/2176
f 2490/1677/2159 2523/1675/2182 2528/1677/2182
f 2494/1680/2161 2527/1633/2186 2493/1633/2161
f 2492/1591/2160 2526/1680/2185 2494/1680/2161
f 2489/1591/2158 2551/1703/2085 2541/1591/2085
f 2489/1591/2158 2528/1677/2182 2524/1700/2183
f 2493/1633/2161 2521/1702/2180 2495/1634/2162
f 2573/1608/2082 2521/1682/2180 2586/1608/2212
f 2491/1675/2159 2522/1608/2181 2523/1675/2182
f 2553/1588/2195 2532/1612/2190 2554/1612/2196
f 2555/1594/2197 2533/1584/2191 2534/1594/2192
f 2554/1612/2196 2533/1584/2191 2556/1584/2198
f 2619/1705/2238 2536/1584/2194 2535/1611/2193
f 2618/1621/2237 2530/1588/2188 2610/1588/2229
f 2620/1612/2239 2529/1693/2187 2531/1612/2189
f 2615/1594/2234 2535/1611/2193 2577/1706/2209
f 2620/1612/2239 2536/1584/2194 2611/1584/2230
f 2612/1668/2231 2534/1594/2192 2609/1668/2228
f 2578/1584/2210 2554/1612/2196 2556/1584/2198
f 2578/1584/2210 2555/1594/2197 2577/1706/2209
f 2588/1613/2214 2553/1588/2195 2554/1612/2196
f 2488/1608/2157 2552/1608/2082 2522/1608/2181
f 2541/1591/2085 2576/1704/2208 2582/1591/2085
f 2576/1704/2208 2550/1701/2085 2517/1591/2178
f 2522/1608/2181 2549/1707/2082 2514/1608/2175
f 2514/1608/2175 2548/1608/2082 2509/1608/2172
f 2550/1701/2085 2513/1701/2085 2517/1591/2178
f 2581/1604/2085 2546/1591/2085 2575/1689/2085
f 2540/1608/2082 2506/1608/2171 2440/1608/2128
f 2547/1700/2085 2583/1591/2085 2513/1701/2085
f 2545/1608/2082 2488/1608/2157 2506/1608/2171
f 2509/1608/2172 2544/1608/2082 2496/1608/2163
f 2614/1588/2233 2553/1588/2195 2587/1693/2213
f 2575/1689/2085 2541/1591/2085 2582/1591/2085
f 2483/1695/2082 2540/1608/2082 2538/1630/2082
f 2579/1683/2085 2539/1591/2085 2581/1604/2085
f 2473/1604/2085 2601/1590/2085 2606/1604/2085
f 2468/1693/2144 2557/1696/2082 2602/1698/2224
f 2468/1693/2144 2605/1623/2226 2472/1612/2147
f 2476/1608/2148 2603/1691/2082 2469/1691/2082
f 2469/1691/2082 2557/1696/2082 2474/1692/2082
f 2470/1688/2145 2607/1680/2225 2475/1680/2146
f 2471/1633/2146 2608/1634/2227 2476/1634/2148
f 2478/1584/2150 2558/1611/2199 2477/1686/2149
f 2472/1612/2147 2559/1584/2200 2478/1584/2150
f 2475/1680/2146 2604/1633/2225 2471/1633/2146
f 2470/1688/2145 2606/1604/2085 2560/1694/2201
f 2477/1686/2149 2601/1590/2085 2467/1687/2085
f 2455/1590/2085 2561/1604/2085 2461/1685/2085
f 2456/1708/2136 2562/1690/2082 2568/1681/2206
f 2456/1708/2136 2572/1612/2205 2460/1612/2139
f 2457/1609/2082 2564/1608/2203 2569/1691/2082
f 2462/1630/2082 2569/1691/2082 2562/1690/2082
f 2463/1680/2140 2570/1689/2207 2563/1680/2202
f 2464/1634/2141 2571/1633/2202 2564/1634/2203
f 2466/1584/2143 2565/1611/2204 2465/1684/2142
f 2460/1612/2139 2566/1584/2205 2466/1584/2143
f 2459/1633/2138 2563/1680/2202 2571/1633/2202
f 2461/1685/2085 2570/1689/2207 2458/1591/2137
f 2465/1684/2142 2567/1683/2085 2455/1590/2085
f 2502/1700/2168 2582/1591/2085 2492/1591/2160
f 2614/1588/2233 2529/1693/2187 2617/1693/2236
f 2480/1591/2152 2575/1689/2085 2502/1700/2168
f 2525/1704/2184 2576/1704/2208 2517/1591/2178
f 2582/1591/2085 2525/1704/2184 2492/1591/2160
f 2531/1612/2189 2587/1693/2213 2588/1613/2214
f 2536/1584/2194 2577/1706/2209 2535/1611/2193
f 2536/1584/2194 2588/1613/2214 2578/1584/2210
f 2615/1594/2234 2555/1594/2197 2612/1668/2231
f 2542/1608/2082 2586/1608/2212 2552/1608/2082
f 2586/1608/2212 2549/1707/2082 2552/1608/2082
f 2549/1707/2082 2508/1608/2082 2548/1608/2082
f 2580/1697/2082 2545/1608/2082 2540/1608/2082
f 2650/1608/2262 2651/1608/2263 2649/1591/2261
f 2584/1699/2082 2542/1608/2082 2545/1608/2082
f 2548/1608/2082 2574/1709/2082 2544/1608/2082
f 2537/1590/2085 2600/1594/2223 2597/1668/2221
f 2483/1695/2082 2592/1681/2218 2479/1693/2151
f 2538/1630/2082 2599/1693/2222 2483/1695/2082
f 2435/1590/2124 2597/1668/2221 2590/1668/2216
f 2482/1612/2154 2594/1584/2219 2487/1584/2154
f 2579/1683/2085 2595/1710/2220 2600/1594/2223
f 2479/1693/2151 2596/1613/2219 2482/1612/2154
f 2436/1630/2125 2593/1613/2215 2591/1588/2217
f 2487/1584/2154 2595/1710/2220 2486/1611/2156
f 2438/1676/2127 2590/1668/2216 2589/1711/2215
f 2436/1630/2125 2598/1681/2222 2538/1630/2082
f 2439/1674/2127 2589/1711/2215 2593/1613/2215
f 2679/1712/2284 2615/1594/2234 2612/1668/2231
f 2681/1713/2286 2617/1693/2236 2672/1714/2277
f 2680/1662/2285 2614/1588/2233 2681/1713/2286
f 2679/1712/2284 2609/1668/2228 2676/1668/2281
f 2675/1612/2280 2611/1584/2230 2678/1584/2283
f 2682/1594/2287 2619/1705/2238 2615/1594/2234
f 2675/1612/2280 2617/1693/2236 2620/1612/2239
f 2673/1715/2278 2610/1588/2229 2677/1662/2282
f 2674/1716/2279 2611/1584/2230 2619/1705/2238
f 2676/1668/2281 2616/1669/2235 2671/1717/2276
f 2680/1662/2285 2610/1588/2229 2613/1662/2232
f 2673/1715/2278 2616/1669/2235 2618/1621/2237
f 2358/1718/2084 2623/1719/2242 2364/1597/2090
f 2629/1720/2248 2363/1721/2089 2377/1722/2097
f 2622/1723/2241 2355/1724/2081 2363/1721/2089
f 2383/1725/2101 2626/1726/2245 2358/1718/2084
f 2628/1727/2247 2357/1728/2083 2378/1575/2098
f 2631/1729/2250 2353/1730/2079 2397/1731/2113
f 2364/1597/2090 2628/1727/2247 2378/1575/2098
f 2353/1732/2079 2629/1720/2248 2377/1722/2097
f 2627/1733/2246 2384/1734/2102 2357/1728/2083
f 2625/1735/2244 2383/1725/2101 2392/1736/2109
f 2355/1724/2081 2625/1735/2244 2392/1736/2109
f 2384/1734/2102 2631/1729/2250 2397/1731/2113
f 2371/1588/2095 2642/1612/2205 2399/1613/2107
f 2372/1611/2096 2638/1590/2085 2376/1603/2085
f 2374/1608/2082 2644/1609/2082 2409/1609/2082
f 2371/1588/2095 2637/1630/2082 2635/1588/2254
f 2408/1604/2085 2638/1590/2085 2643/1678/2085
f 2390/1584/2107 2633/1594/2252 2372/1611/2096
f 2399/1613/2107 2640/1584/2205 2390/1584/2107
f 2373/1591/2085 2643/1678/2085 2636/1591/2255
f 2409/1609/2082 2637/1630/2082 2375/1665/2082
f 2544/1608/2082 2651/1608/2263 2650/1608/2262
f 2544/1608/2082 2647/1608/2259 2496/1608/2163
f 2543/1591/2085 2652/1591/2264 2583/1591/2085
f 2543/1591/2085 2648/1591/2260 2649/1591/2261
f 2497/1591/2164 2645/1677/2258 2648/1591/2260
f 2499/1675/2165 2647/1608/2259 2646/1675/2258
f 2498/1677/2165 2646/1675/2258 2645/1677/2258
f 2649/1591/2261 2656/1591/2268 2657/1591/2085
f 2650/1608/2262 2655/1608/2267 2647/1608/2259
f 2645/1677/2258 2654/1675/2266 2653/1677/2265
f 2648/1591/2260 2653/1677/2265 2656/1591/2268
f 2646/1675/2258 2655/1608/2267 2654/1675/2266
f 2666/1675/2274 2661/1608/2271 2660/1675/2270
f 2667/1591/2275 2663/1591/2085 2668/1591/2085
f 2669/1677/2274 2660/1675/2270 2659/1677/2269
f 2667/1591/2275 2659/1677/2269 2662/1591/2272
f 2665/1608/2273 2664/1608/2082 2661/1608/2271
f 2668/710/2085 2663/710/2085 2652/710/2264
f 2658/710/2082 2651/710/2263 2670/710/2082
f 2655/1608/2267 2670/1608/2082 2665/1608/2273
f 2656/1591/2268 2669/1677/2274 2667/1591/2275
f 2653/1677/2265 2666/1675/2274 2669/1677/2274
f 2656/1591/2268 2668/1591/2085 2657/1591/2085
f 2654/1675/2266 2665/1608/2273 2666/1675/2274
f 2576/1704/2208 2585/1682/2211 2586/1608/2212
f 2526/710/2185 2521/710/2180 2527/710/2186
f 2529/710/2187 2536/710/2194 2535/710/2193
f 2593/1613/2215 2671/1717/2276 2673/1715/2278
f 2598/1681/2222 2677/1662/2282 2680/1662/2285
f 2590/1668/2216 2671/1717/2276 2589/1711/2215
f 2595/1710/2220 2678/1584/2283 2674/1716/2279
f 2591/1588/2217 2673/1715/2278 2677/1662/2282
f 2592/1681/2218 2675/1612/2280 2596/1613/2219
f 2600/1594/2223 2674/1716/2279 2682/1594/2287
f 2596/1613/2219 2678/1584/2283 2594/1584/2219
f 2597/1668/2221 2676/1668/2281 2590/1668/2216
f 2598/1681/2222 2681/1713/2286 2599/1693/2222
f 2599/1693/2222 2672/1714/2277 2592/1681/2218
f 2597/1668/2221 2682/1594/2287 2679/1712/2284
f 2612/1668/2231 2680/1662/2285 2613/1662/2232
f 2626/1726/2245 2686/1649/2291 2623/1719/2242
f 2692/1648/2297 2622/1723/2241 2629/1720/2248
f 2685/1657/2290 2621/1737/2240 2622/1723/2241
f 2630/1738/2249 2689/1655/2294 2626/1726/2245
f 2691/1651/2296 2627/1733/2246 2628/1727/2247
f 2694/1638/2299 2632/1739/2251 2631/1729/2250
f 2623/1719/2242 2691/1651/2296 2628/1727/2247
f 2632/1740/2251 2692/1648/2297 2629/1720/2248
f 2690/1645/2295 2624/1741/2243 2627/1733/2246
f 2688/1640/2293 2630/1738/2249 2625/1735/2244
f 2621/1737/2240 2688/1640/2293 2625/1735/2244
f 2624/1741/2243 2694/1638/2299 2631/1729/2250
f 2726/1576/2323 2720/1575/2319 2733/1577/2329
f 2776/1578/2324 2708/1579/2312 2735/1635/2324
f 2768/1582/2309 2722/1581/2306 2772/1583/2306
f 2767/1585/2343 2728/1584/2325 2773/1586/2344
f 2769/1587/2303 2702/1588/2307 2707/1667/2303
f 2783/1591/2350 2879/1590/2306 2881/1591/2306
f 2769/1587/2303 2721/1592/2303 2771/1593/2303
f 2770/1595/2306 2703/1594/2308 2767/1585/2343
f 2725/1596/2322 2706/1597/2311 2700/1718/2305
f 2752/1599/2303 2698/1600/2303 2696/1742/2301
f 2764/1602/2306 2718/1603/2306 2760/1610/2306
f 2713/1588/2316 2759/1605/2303 2757/1606/2339
f 2763/1607/2303 2716/1608/2303 2756/1608/2303
f 2760/1610/2306 2714/1611/2317 2755/1620/2338
f 2762/1612/2340 2713/1588/2316 2757/1606/2339
f 2765/1614/2341 2721/1592/2303 2708/1664/2312
f 2770/1595/2306 2722/1581/2306 2709/1663/2306
f 2729/1598/2326 2720/1575/2319 2706/1597/2311
f 2753/1616/2306 2701/1615/2306 2749/1617/2306
f 2738/1618/2333 2729/1598/2326 2736/1619/2331
f 2755/1620/2338 2732/1584/2328 2761/1584/2340
f 2960/1621/2458 2875/1584/2412 2958/1669/2456
f 2736/1619/2331 2725/1596/2322 2734/1622/2330
f 2773/1586/2344 2740/1623/2335 2775/1624/2344
f 2768/1582/2309 2730/1625/2324 2704/1660/2309
f 2738/1618/2333 2726/1576/2323 2733/1577/2329
f 2719/1628/2318 2739/1627/2334 2738/1618/2333
f 2775/1624/2344 2702/1588/2307 2766/1589/2342
f 2880/1630/2303 2782/1608/2349 2882/1608/2303
f 2705/1631/2310 2734/1622/2330 2697/1632/2302
f 2837/1634/2383 2845/1633/2390 2846/1634/2391
f 2719/1628/2318 2736/1619/2331 2705/1631/2310
f 2761/1584/2340 2741/1613/2328 2762/1612/2340
f 2774/1626/2324 2735/1635/2324 2730/1625/2324
f 3029/1636/2512 2737/1637/2332 2745/1671/2332
f 3030/1640/2513 2742/1639/2336 3026/1641/2509
f 3035/1643/2518 2746/1642/2327 3030/1640/2513
f 3029/1636/2512 2711/1644/2314 3032/1645/2515
f 3025/1646/2508 2723/1647/2320 2712/1673/2315
f 3028/1649/2511 2724/1650/2321 2744/1658/2321
f 3036/1638/2519 2712/1652/2315 2737/1637/2332
f 3032/1645/2515 2724/1650/2321 3033/1651/2516
f 3035/1643/2518 2710/1654/2313 2731/1672/2327
f 3026/1641/2509 2743/1656/2320 3027/1657/2510
f 3027/1657/2510 2723/1647/2320 3034/1648/2517
f 3031/1655/2514 2744/1658/2321 2710/1654/2313
f 2730/1625/2324 2754/1659/2324 2727/1661/2324
f 2888/1591/2306 2831/1591/2378 2842/1591/2387
f 2704/1660/2309 2727/1661/2324 2748/1743/2337
f 2955/1662/2453 2872/1588/2409 2952/1588/2450
f 2722/1581/2306 2749/1617/2306 2709/1663/2306
f 2708/1664/2312 2752/1599/2303 2696/1742/2301
f 2717/1665/2303 2763/1607/2303 2759/1605/2303
f 2715/1591/2306 2764/1602/2306 2758/1591/2306
f 2795/1604/2306 2800/1591/2358 2803/1685/2306
f 2721/1592/2303 2747/1601/2303 2752/1599/2303
f 2875/1584/2412 2951/1668/2449 2958/1669/2456
f 2735/1635/2324 2696/1670/2301 2754/1659/2324
f 2704/1660/2309 2753/1616/2306 2722/1581/2306
f 2758/1591/2306 2749/1617/2306 2701/1615/2306
f 2759/1605/2303 2747/1601/2303 2707/1667/2303
f 2728/1584/2325 2762/1612/2340 2740/1623/2335
f 2703/1594/2308 2761/1584/2340 2728/1584/2325
f 2740/1623/2335 2757/1606/2339 2702/1588/2307
f 2709/1663/2306 2755/1620/2338 2703/1594/2308
f 2747/1601/2303 2756/1608/2303 2698/1600/2303
f 2757/1606/2339 2707/1667/2303 2702/1588/2307
f 2749/1617/2306 2760/1610/2306 2709/1663/2306
f 2745/1671/2332 2776/1578/2324 2774/1626/2324
f 2746/1642/2327 2766/1589/2342 2742/1639/2336
f 2711/1644/2314 2774/1626/2324 2768/1582/2309
f 2731/1672/2327 2775/1624/2344 2746/1642/2327
f 2744/1658/2321 2772/1583/2306 2770/1595/2306
f 2712/1673/2315 2771/1593/2303 2765/1614/2341
f 2710/1654/2313 2770/1595/2306 2767/1585/2343
f 2743/1656/2320 2771/1593/2303 2723/1647/2320
f 2742/1639/2336 2769/1587/2303 2743/1656/2320
f 2710/1654/2313 2773/1586/2344 2731/1672/2327
f 2711/1644/2314 2772/1583/2306 2724/1650/2321
f 2737/1637/2332 2765/1580/2341 2776/1578/2324
f 2781/1674/2348 2782/1608/2349 2778/1630/2346
f 2780/1676/2348 2784/1675/2347 2781/1674/2348
f 2777/1590/2345 2779/1677/2347 2780/1676/2348
f 2842/1591/2387 2832/1677/2379 2843/1677/2388
f 2979/1630/2303 2796/1609/2303 2986/1609/2303
f 2786/1666/2352 2985/1678/2306 2978/1591/2476
f 2792/1584/2356 2984/1612/2426 2982/1584/2426
f 2976/1634/2474 2793/1633/2355 2983/1633/2478
f 2789/1594/2353 2982/1584/2426 2975/1594/2473
f 2983/1633/2478 2791/1680/2355 2981/1680/2477
f 2795/1604/2306 2980/1590/2306 2985/1678/2306
f 2977/1588/2475 2787/1630/2303 2979/1630/2303
f 2986/1609/2303 2790/1682/2354 2976/1709/2474
f 2788/1683/2306 2975/1594/2473 2980/1590/2306
f 2981/1680/2477 2786/1666/2352 2978/1591/2476
f 2793/1633/2355 2805/1680/2359 2791/1680/2355
f 2808/1584/2363 2794/1612/2356 2792/1584/2356
f 2792/1584/2356 2807/1684/2362 2808/1584/2363
f 2790/1679/2354 2801/1633/2359 2793/1633/2355
f 2791/1680/2355 2800/1591/2358 2786/1666/2352
f 2799/1609/2303 2787/1630/2303 2804/1630/2303
f 2796/1609/2303 2806/1608/2361 2790/1682/2354
f 2785/1681/2351 2802/1612/2360 2798/1708/2357
f 2785/1681/2351 2804/1630/2303 2787/1630/2303
f 2788/1683/2306 2803/1685/2306 2797/1590/2306
f 2789/1594/2353 2797/1590/2306 2807/1684/2362
f 2943/1590/2306 2828/1611/2376 2900/1611/2420
f 2794/1612/2356 2977/1588/2475 2984/1612/2426
f 2909/1683/2306 2819/1686/2369 2907/1611/2425
f 2812/1688/2365 2903/1604/2306 2912/1689/2428
f 2813/1633/2366 2905/1680/2423 2913/1633/2423
f 2820/1584/2370 2914/1612/2426 2908/1584/2426
f 2819/1686/2369 2908/1584/2426 2907/1611/2425
f 2818/1634/2368 2913/1633/2423 2906/1634/2424
f 2817/1680/2366 2912/1689/2428 2905/1680/2423
f 2904/1690/2303 2811/1691/2303 2911/1691/2303
f 2911/1691/2303 2818/1608/2368 2906/1608/2424
f 2814/1612/2367 2910/1681/2427 2914/1612/2426
f 2810/1693/2364 2904/1690/2303 2910/1681/2427
f 2815/1604/2306 2909/1683/2306 2903/1604/2306
f 2902/1694/2422 2923/1604/2306 2948/1604/2306
f 2823/1633/2373 2949/1680/2446 2946/1633/2446
f 2829/1584/2374 2947/1623/2447 2901/1584/2421
f 2828/1611/2376 2901/1584/2421 2900/1611/2420
f 2827/1634/2375 2946/1633/2446 2950/1634/2448
f 2826/1680/2373 2902/1694/2422 2949/1680/2446
f 2825/1695/2303 2945/1691/2303 2899/1696/2303
f 2922/1697/2303 2950/1608/2448 2945/1691/2303
f 2824/1612/2374 2944/1698/2445 2947/1623/2447
f 2821/1693/2371 2899/1696/2303 2944/1698/2445
f 2948/1604/2306 2921/1683/2306 2943/1590/2306
f 2852/1675/2394 2838/1608/2384 2851/1608/2393
f 2843/1677/2388 2833/1675/2380 2847/1675/2388
f 2847/1675/2388 2830/1608/2377 2848/1608/2392
f 2915/1608/2303 2846/1699/2391 2926/1699/2303
f 2836/1680/2382 2844/1700/2389 2849/1680/2390
f 2835/1633/2382 2849/1680/2390 2845/1633/2390
f 2854/1688/2395 2840/1677/2386 2853/1677/2394
f 2885/1591/2306 2854/1688/2395 2889/1700/2306
f 2853/1677/2394 2841/1675/2386 2852/1675/2394
f 2845/1633/2390 2826/1680/2373 2823/1633/2373
f 2849/1680/2390 2822/1591/2372 2826/1680/2373
f 2926/1699/2303 2827/1608/2375 2922/1697/2303
f 2784/1675/2347 2848/1608/2392 2782/1608/2349
f 2779/1677/2347 2847/1675/2388 2784/1675/2347
f 2783/1591/2350 2843/1677/2388 2779/1677/2347
f 2881/1591/2306 2842/1591/2387 2783/1591/2350
f 2846/1634/2391 2823/1633/2373 2827/1634/2375
f 2862/1677/2397 2852/1675/2394 2857/1675/2397
f 2889/1700/2306 2858/1591/2398 2892/1701/2306
f 2858/1591/2398 2853/1677/2394 2862/1677/2397
f 2857/1675/2397 2851/1608/2393 2856/1608/2396
f 2865/1675/2403 2856/1608/2396 2864/1608/2402
f 2928/1608/2433 2927/1682/2432 2863/1682/2401
f 2927/1634/2432 2869/1633/2407 2863/1702/2401
f 2866/1700/2404 2862/1677/2397 2870/1677/2403
f 2892/1701/2306 2866/1700/2404 2893/1703/2306
f 2860/1680/2400 2867/1704/2405 2868/1680/2406
f 2861/1633/2400 2868/1680/2406 2869/1633/2407
f 2870/1677/2403 2857/1675/2397 2865/1675/2403
f 2832/1677/2379 2865/1675/2403 2833/1675/2380
f 2869/1633/2407 2836/1680/2382 2835/1633/2382
f 2868/1680/2406 2834/1591/2381 2836/1680/2382
f 2893/1703/2306 2831/1591/2378 2883/1591/2306
f 2831/1591/2378 2870/1677/2403 2832/1677/2379
f 2863/1702/2401 2835/1633/2382 2837/1634/2383
f 2915/1608/2303 2863/1682/2401 2837/1608/2383
f 2833/1675/2380 2864/1608/2402 2830/1608/2377
f 2874/1612/2411 2895/1588/2416 2896/1612/2417
f 2897/1594/2418 2875/1584/2412 2898/1584/2419
f 2875/1584/2412 2896/1612/2417 2898/1584/2419
f 2961/1705/2459 2878/1584/2415 2953/1584/2451
f 2872/1588/2409 2960/1621/2458 2952/1588/2450
f 2962/1612/2460 2871/1693/2408 2959/1693/2457
f 2957/1594/2455 2877/1611/2414 2961/1705/2459
f 2878/1584/2415 2962/1612/2460 2953/1584/2451
f 2876/1594/2413 2954/1668/2452 2951/1668/2449
f 2920/1584/2431 2896/1612/2417 2930/1613/2435
f 2897/1594/2418 2920/1584/2431 2919/1706/2430
f 2930/1613/2435 2895/1588/2416 2929/1693/2434
f 2830/1608/2377 2894/1608/2303 2884/1608/2303
f 2918/1704/2429 2883/1591/2306 2924/1591/2306
f 2918/1704/2429 2892/1701/2306 2893/1703/2306
f 2864/1608/2402 2891/1707/2303 2894/1608/2303
f 2856/1608/2396 2890/1608/2303 2891/1707/2303
f 2855/1701/2306 2892/1701/2306 2859/1591/2399
f 2923/1604/2306 2888/1591/2306 2881/1591/2306
f 2848/1608/2392 2882/1608/2303 2782/1608/2349
f 2925/1591/2306 2889/1700/2306 2855/1701/2306
f 2830/1608/2377 2887/1608/2303 2848/1608/2392
f 2851/1608/2393 2886/1608/2303 2890/1608/2303
f 2956/1588/2454 2895/1588/2416 2955/1662/2453
f 2917/1689/2306 2883/1591/2306 2888/1591/2306
f 2825/1695/2303 2882/1608/2303 2922/1697/2303
f 2881/1591/2306 2921/1683/2306 2923/1604/2306
f 2815/1604/2306 2943/1590/2306 2809/1687/2306
f 2810/1693/2364 2899/1696/2303 2816/1692/2303
f 2947/1623/2447 2810/1693/2364 2814/1612/2367
f 2945/1691/2303 2818/1608/2368 2811/1691/2303
f 2899/1696/2303 2811/1691/2303 2816/1692/2303
f 2949/1680/2446 2812/1688/2365 2817/1680/2366
f 2950/1634/2448 2813/1633/2366 2818/1634/2368
f 2900/1611/2420 2820/1584/2370 2819/1686/2369
f 2901/1584/2421 2814/1612/2367 2820/1584/2370
f 2946/1633/2446 2817/1680/2366 2813/1633/2366
f 2812/1688/2365 2948/1604/2306 2815/1604/2306
f 2943/1590/2306 2819/1686/2369 2809/1687/2306
f 2903/1604/2306 2797/1590/2306 2803/1685/2306
f 2798/1708/2357 2904/1690/2303 2804/1630/2303
f 2914/1612/2426 2798/1708/2357 2802/1612/2360
f 2799/1609/2303 2906/1608/2424 2806/1608/2361
f 2804/1630/2303 2911/1691/2303 2799/1609/2303
f 2805/1680/2359 2912/1689/2428 2800/1591/2358
f 2806/1634/2361 2913/1633/2423 2801/1633/2359
f 2907/1611/2425 2808/1584/2363 2807/1684/2362
f 2908/1584/2426 2802/1612/2360 2808/1584/2363
f 2801/1633/2359 2905/1680/2423 2805/1680/2359
f 2912/1689/2428 2803/1685/2306 2800/1591/2358
f 2909/1683/2306 2807/1684/2362 2797/1590/2306
f 2844/1700/2389 2924/1591/2306 2917/1689/2306
f 2871/1693/2408 2956/1588/2454 2959/1693/2457
f 2822/1591/2372 2917/1689/2306 2923/1604/2306
f 2867/1704/2405 2859/1591/2399 2918/1704/2429
f 2867/1704/2405 2924/1591/2306 2834/1591/2381
f 2873/1612/2410 2929/1693/2434 2871/1693/2408
f 2919/1706/2430 2878/1584/2415 2877/1611/2414
f 2878/1584/2415 2930/1613/2435 2873/1612/2410
f 2897/1594/2418 2957/1594/2455 2954/1668/2452
f 2884/1608/2303 2928/1608/2433 2915/1608/2303
f 2891/1707/2303 2928/1608/2433 2894/1608/2303
f 2891/1707/2303 2850/1608/2303 2927/1682/2432
f 2887/1608/2303 2922/1697/2303 2882/1608/2303
f 2992/1608/2483 2988/1675/2479 2987/1677/2479
f 2884/1608/2303 2926/1699/2303 2887/1608/2303
f 2890/1608/2303 2916/1709/2303 2850/1608/2303
f 2879/1590/2306 2942/1594/2444 2921/1683/2306
f 2934/1681/2439 2825/1695/2303 2821/1693/2371
f 2941/1693/2443 2880/1630/2303 2825/1695/2303
f 2777/1590/2345 2939/1668/2442 2879/1590/2306
f 2936/1584/2440 2824/1612/2374 2829/1584/2374
f 2921/1683/2306 2937/1710/2441 2828/1611/2376
f 2938/1613/2440 2821/1693/2371 2824/1612/2374
f 2778/1630/2346 2935/1613/2436 2781/1674/2348
f 2937/1710/2441 2829/1584/2374 2828/1611/2376
f 2780/1676/2348 2932/1668/2437 2777/1590/2345
f 2940/1681/2443 2778/1630/2346 2880/1630/2303
f 2781/1674/2348 2931/1711/2436 2780/1676/2348
f 3021/1712/2504 2957/1594/2455 3024/1594/2507
f 2959/1693/2457 3023/1713/2506 3014/1714/2497
f 2956/1588/2454 3022/1662/2505 3023/1713/2506
f 2951/1668/2449 3021/1712/2504 3018/1668/2501
f 2953/1584/2451 3017/1612/2500 3020/1584/2503
f 3024/1594/2507 2961/1705/2459 3016/1716/2499
f 3017/1612/2500 2959/1693/2457 3014/1714/2497
f 2952/1588/2450 3015/1715/2498 3019/1662/2502
f 3016/1716/2499 2953/1584/2451 3020/1584/2503
f 2958/1669/2456 3018/1668/2501 3013/1717/2496
f 3022/1662/2505 2952/1588/2450 3019/1662/2502
f 3015/1715/2498 2958/1669/2456 3013/1717/2496
f 2700/1718/2305 2965/1719/2463 2968/1726/2466
f 2705/1721/2310 2971/1720/2469 2719/1722/2318
f 2697/1724/2302 2964/1723/2462 2705/1721/2310
f 2725/1725/2322 2968/1726/2466 2972/1738/2470
f 2699/1728/2304 2970/1727/2468 2720/1575/2319
f 2695/1730/2300 2973/1729/2471 2739/1731/2334
f 2706/1597/2311 2970/1727/2468 2965/1719/2463
f 2695/1732/2300 2971/1720/2469 2974/1740/2472
f 2726/1734/2323 2969/1733/2467 2699/1728/2304
f 2725/1725/2322 2967/1735/2465 2734/1736/2330
f 2697/1724/2302 2967/1735/2465 2963/1737/2461
f 2726/1734/2323 2973/1729/2471 2966/1741/2464
f 2984/1612/2426 2713/1588/2316 2741/1613/2328
f 2980/1590/2306 2714/1611/2317 2718/1603/2306
f 2986/1609/2303 2716/1608/2303 2751/1609/2303
f 2713/1588/2316 2979/1630/2303 2717/1665/2303
f 2750/1604/2306 2980/1590/2306 2718/1603/2306
f 2975/1594/2473 2732/1584/2328 2714/1611/2317
f 2982/1584/2426 2741/1613/2328 2732/1584/2328
f 2715/1591/2306 2985/1678/2306 2750/1604/2306
f 2979/1630/2303 2751/1609/2303 2717/1665/2303
f 2886/1608/2303 2993/1608/2484 2916/1709/2303
f 2989/1608/2480 2886/1608/2303 2838/1608/2384
f 2994/1591/2485 2885/1591/2306 2925/1591/2306
f 2885/1591/2306 2990/1591/2481 2839/1591/2385
f 2839/1591/2385 2987/1677/2479 2840/1677/2386
f 2841/1675/2386 2989/1608/2480 2838/1608/2384
f 2840/1677/2386 2988/1675/2479 2841/1675/2386
f 2991/1591/2482 2998/1591/2489 2990/1591/2481
f 2997/1608/2488 2992/1608/2483 2989/1608/2480
f 2987/1677/2479 2996/1675/2487 2988/1675/2479
f 2990/1591/2481 2995/1677/2486 2987/1677/2479
f 2988/1675/2479 2997/1608/2488 2989/1608/2480
f 3008/1675/2494 3003/1608/2491 3007/1608/2493
f 3005/1591/2306 3009/1591/2495 3010/1591/2306
f 3011/1677/2494 3002/1675/2490 3008/1675/2494
f 3009/1591/2495 3001/1677/2490 3011/1677/2494
f 3007/1608/2493 3006/1608/2303 3012/1608/2303
f 2994/710/2485 3010/710/2306 2999/710/2306
f 3012/710/2303 2993/710/2484 3000/710/2303
f 2997/1608/2488 3012/1608/2303 3000/1608/2303
f 2998/1591/2489 3011/1677/2494 2995/1677/2486
f 2995/1677/2486 3008/1675/2494 2996/1675/2487
f 3010/1591/2306 2998/1591/2489 2999/1591/2306
f 2996/1675/2487 3007/1608/2493 2997/1608/2488
f 2927/1682/2432 2918/1704/2429 2928/1608/2433
f 2868/710/2406 2863/710/2401 2867/710/2405
f 2871/710/2408 2878/710/2415 2873/710/2410
f 2935/1613/2436 3013/1717/2496 2931/1711/2436
f 2940/1681/2443 3019/1662/2502 2933/1588/2438
f 3013/1717/2496 2932/1668/2437 2931/1711/2436
f 2937/1710/2441 3020/1584/2503 2936/1584/2440
f 2933/1588/2438 3015/1715/2498 2935/1613/2436
f 3017/1612/2500 2934/1681/2439 2938/1613/2440
f 2942/1594/2444 3016/1716/2499 2937/1710/2441
f 3020/1584/2503 2938/1613/2440 2936/1584/2440
f 3018/1668/2501 2939/1668/2442 2932/1668/2437
f 3023/1713/2506 2940/1681/2443 2941/1693/2443
f 3014/1714/2497 2941/1693/2443 2934/1681/2439
f 2939/1668/2442 3024/1594/2507 2942/1594/2444
f 3022/1662/2505 2954/1668/2452 2955/1662/2453
f 2968/1726/2466 3028/1649/2511 3031/1655/2514
f 2964/1723/2462 3034/1648/2517 2971/1720/2469
f 2963/1737/2461 3027/1657/2510 2964/1723/2462
f 2972/1738/2470 3031/1655/2514 3035/1643/2518
f 2969/1733/2467 3033/1651/2516 2970/1727/2468
f 2974/1739/2472 3036/1638/2519 2973/1729/2471
f 2965/1719/2463 3033/1651/2516 3028/1649/2511
f 2974/1740/2472 3034/1648/2517 3025/1646/2508
f 2966/1741/2464 3032/1645/2515 2969/1733/2467
f 2972/1738/2470 3030/1640/2513 2967/1735/2465
f 2963/1737/2461 3030/1640/2513 3026/1641/2509
f 2966/1741/2464 3036/1638/2519 3029/1636/2512
f 3169/1/2622 3177/2/2630 3176/3/2629
f 3170/4/2623 3178/5/2631 3177/2/2630
f 3171/6/2624 3179/7/2632 3178/5/2631
f 3172/8/2625 3180/9/2633 3179/7/2632
f 3173/10/2626 3181/11/2634 3180/9/2633
f 3174/12/2627 3182/13/2635 3181/11/2634
f 3176/3/2629 3184/14/2637 3183/15/2636
f 3177/2/2630 3185/16/2638 3184/14/2637
f 3178/5/2631 3186/17/2639 3185/16/2638
f 3179/7/2632 3187/18/2640 3186/17/2639
f 3180/9/2633 3188/19/2641 3187/18/2640
f 3181/11/2634 3189/20/2642 3188/19/2641
f 3183/15/2636 3191/21/2644 3190/22/2643
f 3184/14/2637 3192/23/2645 3191/21/2644
f 3185/16/2638 3193/24/2646 3192/23/2645
f 3186/17/2639 3194/25/2647 3193/24/2646
f 3187/18/2640 3195/26/2648 3194/25/2647
f 3188/19/2641 3196/27/2649 3195/26/2648
f 3190/22/2643 3198/28/2651 3197/29/2650
f 3191/21/2644 3199/30/2652 3198/28/2651
f 3192/23/2645 3200/31/2653 3199/30/2652
f 3193/24/2646 3201/32/2654 3200/31/2653
f 3194/25/2647 3202/33/2655 3201/32/2654
f 3195/26/2648 3203/34/2656 3202/33/2655
f 3197/29/2650 3205/35/2658 3204/36/2657
f 3198/28/2651 3206/37/2659 3205/35/2658
f 3199/30/2652 3207/38/2660 3206/37/2659
f 3200/31/2653 3208/39/2661 3207/38/2660
f 3201/32/2654 3209/40/2662 3208/39/2661
f 3202/33/2655 3210/41/2663 3209/40/2662
f 3204/36/2657 3212/42/2665 3211/43/2664
f 3205/35/2658 3213/44/2666 3212/42/2665
f 3206/37/2659 3214/45/2667 3213/44/2666
f 3207/38/2660 3215/46/2668 3214/45/2667
f 3208/39/2661 3216/47/2669 3215/46/2668
f 3209/40/2662 3217/48/2670 3216/47/2669
f 3039/49/2522 3169/1/2622 3106/50/2573
f 3098/51/2565 3170/4/2623 3169/1/2622
f 3097/52/2564 3171/6/2624 3170/4/2623
f 3096/53/2563 3172/8/2625 3171/6/2624
f 3095/54/2562 3173/10/2626 3172/8/2625
f 3094/55/2561 3174/12/2627 3173/10/2626
f 3093/56/2560 3175/57/2628 3174/12/2627
f 4506/58/3707 5218/59/4418 4961/58/4161
f 4605/60/3806 5058/61/4258 5062/60/4262
f 4609/62/3810 5062/60/4262 5066/62/4266
f 4613/63/3814 5066/62/4266 5070/63/4270
f 4617/64/3818 5070/63/4270 5074/64/4274
f 4621/65/3822 5074/64/4274 5078/65/4278
f 4625/66/3826 5086/67/4286 4629/67/3830
f 4849/68/4050 4946/69/4146 5306/68/4506
f 4857/70/4058 5310/71/4510 5314/70/4514
f 4861/72/4062 5314/70/4514 5318/72/4518
f 4865/73/4066 5318/72/4518 5322/74/4522
f 4869/75/4070 5322/74/4522 5326/75/4526
f 4873/76/4074 5326/75/4526 5330/77/4530
f 4877/78/4078 5338/79/4538 4881/79/4082
f 4541/80/3742 4989/81/4189 4998/80/4198
f 3111/82/2578 3211/43/2664 3112/83/2579
f 3110/84/2577 3204/36/2657 3111/82/2578
f 3109/85/2576 3197/29/2650 3110/84/2577
f 3108/86/2575 3190/22/2643 3109/85/2576
f 3107/87/2574 3183/15/2636 3108/86/2575
f 3106/50/2573 3176/3/2629 3107/87/2574
f 3219/88/2672 3225/89/2677 3218/90/2671
f 3220/91/2673 3226/92/2678 3219/88/2672
f 3221/93/2674 3227/94/2679 3220/91/2673
f 3222/95/2675 3228/96/2680 3221/93/2674
f 3223/97/2676 3229/98/2681 3222/95/2675
f 3224/99/2540 3230/100/2682 3223/97/2676
f 3226/92/2678 3232/101/2684 3225/89/2677
f 3227/94/2679 3233/102/2685 3226/92/2678
f 3228/96/2680 3234/103/2686 3227/94/2679
f 3229/98/2681 3235/104/2687 3228/96/2680
f 3230/100/2682 3236/105/2688 3229/98/2681
f 3231/106/2683 3237/107/2689 3230/100/2682
f 3233/102/2685 3239/108/2691 3232/101/2684
f 3234/103/2686 3240/109/2692 3233/102/2685
f 3235/104/2687 3241/110/2693 3234/103/2686
f 3236/105/2688 3242/111/2694 3235/104/2687
f 3237/107/2689 3243/112/2695 3236/105/2688
f 3238/113/2690 3244/114/2696 3237/107/2689
f 3240/109/2692 3246/115/2698 3239/108/2691
f 3241/110/2693 3247/116/2699 3240/109/2692
f 3242/111/2694 3248/117/2700 3241/110/2693
f 3243/112/2695 3249/118/2701 3242/111/2694
f 3244/114/2696 3250/119/2702 3243/112/2695
f 3245/120/2697 3251/121/2703 3244/114/2696
f 3247/116/2699 3253/122/2705 3246/115/2698
f 3248/117/2700 3254/123/2706 3247/116/2699
f 3249/118/2701 3255/124/2707 3248/117/2700
f 3250/119/2702 3256/125/2708 3249/118/2701
f 3251/121/2703 3257/126/2709 3250/119/2702
f 3252/127/2704 3258/128/2710 3251/121/2703
f 3254/123/2706 3260/129/2712 3253/122/2705
f 3255/124/2707 3261/130/2713 3254/123/2706
f 3256/125/2708 3262/131/2714 3255/124/2707
f 3257/126/2709 3263/132/2715 3256/125/2708
f 3258/128/2710 3264/133/2716 3257/126/2709
f 3259/134/2711 3265/135/2717 3258/128/2710
f 3077/136/2546 3085/137/2552 3038/138/2521
f 3076/139/2545 3218/90/2671 3077/136/2546
f 3075/140/2544 3219/88/2672 3076/139/2545
f 3074/141/2543 3220/91/2673 3075/140/2544
f 3073/142/2542 3221/93/2674 3074/141/2543
f 3072/143/2541 3222/95/2675 3073/142/2542
f 3071/144/2540 3223/97/2676 3072/143/2541
f 3037/145/2520 3224/99/2540 3071/144/2540
f 3043/146/2525 3231/106/2683 3224/99/2540
f 3044/147/2525 3238/113/2690 3231/106/2683
f 3045/148/2525 3245/120/2697 3238/113/2690
f 3046/149/2525 3252/127/2704 3245/120/2697
f 3047/150/2525 3259/134/2711 3252/127/2704
f 3048/151/2525 3266/152/2718 3259/134/2711
f 4497/153/3698 5222/154/4422 4765/155/3966
f 4773/156/3974 5226/157/4426 5230/156/4430
f 4777/158/3978 5230/156/4430 5234/158/4434
f 4781/159/3982 5234/158/4434 5238/160/4438
f 4785/161/3986 5238/160/4438 5242/161/4442
f 4789/162/3990 5242/161/4442 5246/163/4446
f 4797/164/3998 5250/165/4450 5254/164/4454
f 4653/166/3854 4969/167/4169 5110/166/4310
f 3253/122/2705 3091/168/2558 3090/169/2557
f 3246/115/2698 3090/169/2557 3089/170/2556
f 3239/108/2691 3089/170/2556 3088/171/2555
f 3232/101/2684 3088/171/2555 3087/172/2554
f 3225/89/2677 3087/172/2554 3086/173/2553
f 3218/90/2671 3086/173/2553 3085/137/2552
f 3267/174/2719 3275/175/2720 3274/176/2723
f 3268/177/2720 3276/178/2721 3275/175/2720
f 3269/179/2721 3277/180/2722 3276/178/2721
f 3270/181/2722 3278/182/2617 3277/180/2722
f 3271/183/2617 3279/184/2616 3278/182/2617
f 3272/185/2616 3280/186/2615 3279/184/2616
f 3274/176/2723 3282/187/2725 3281/188/2724
f 3275/175/2720 3283/189/2721 3282/187/2725
f 3276/178/2721 3284/190/2722 3283/189/2721
f 3277/180/2722 3285/191/2617 3284/190/2722
f 3278/182/2617 3286/192/2616 3285/191/2617
f 3279/184/2616 3287/193/2615 3286/192/2616
f 3281/188/2724 3289/194/2725 3288/195/2724
f 3282/187/2725 3290/196/2721 3289/194/2725
f 3283/189/2721 3291/197/2726 3290/196/2721
f 3284/190/2722 3292/198/2617 3291/197/2726
f 3285/191/2617 3293/199/2616 3292/198/2617
f 3286/192/2616 3294/200/2615 3293/199/2616
f 3289/194/2725 3295/201/2727 3288/195/2724
f 3290/196/2721 3296/202/2728 3289/194/2725
f 3290/196/2721 3298/203/2726 3297/204/2721
f 3291/197/2726 3299/205/2617 3298/203/2726
f 3292/198/2617 3300/206/2616 3299/205/2617
f 3293/199/2616 3301/207/2729 3300/206/2616
f 3296/202/2728 3302/208/2727 3295/201/2727
f 3297/204/2721 3303/209/2725 3296/202/2728
f 3298/203/2726 3304/210/2721 3297/204/2721
f 3299/205/2617 3305/211/2730 3298/203/2726
f 3300/206/2616 3306/212/2731 3299/205/2617
f 3301/207/2729 3307/213/2732 3300/206/2616
f 3303/209/2725 3309/214/2727 3302/208/2727
f 3304/210/2721 3310/215/2725 3303/209/2725
f 3305/211/2730 3311/216/2721 3304/210/2721
f 3306/212/2731 3312/217/2730 3305/211/2730
f 3307/213/2732 3313/218/2731 3306/212/2731
f 3308/219/2729 3314/220/2732 3307/213/2732
f 3041/221/2523 3267/174/2719 3078/222/2547
f 3161/223/2621 3268/177/2720 3267/174/2719
f 3160/224/2620 3269/179/2721 3268/177/2720
f 3159/225/2619 3270/181/2722 3269/179/2721
f 3158/226/2618 3271/183/2617 3270/181/2722
f 3157/227/2617 3272/185/2616 3271/183/2617
f 3156/228/2616 3273/229/2615 3272/185/2616
f 3155/230/2615 3050/231/2520 3273/229/2615
f 3273/229/2615 3051/232/2520 3280/186/2615
f 3280/186/2615 3052/233/2520 3287/193/2615
f 3287/193/2615 3053/234/2520 3294/200/2615
f 3294/200/2615 3054/235/2520 3301/207/2729
f 3054/235/2520 3308/219/2729 3301/207/2729
f 3055/236/2520 3315/237/2729 3308/219/2729
f 3056/238/2520 3071/144/2540 3315/237/2729
f 3315/237/2729 3072/143/2541 3314/220/2732
f 3314/220/2732 3073/142/2542 3313/218/2731
f 3313/218/2731 3074/141/2543 3312/217/2730
f 3312/217/2730 3075/140/2544 3311/216/2721
f 3311/216/2721 3076/139/2545 3310/215/2725
f 3310/215/2725 3077/136/2546 3309/214/2727
f 3309/214/2727 3038/138/2521 3084/239/2551
f 3302/208/2727 3084/239/2551 3083/240/2551
f 3295/201/2727 3083/240/2551 3082/241/2551
f 3288/195/2724 3082/241/2551 3081/242/2550
f 3080/243/2549 3288/195/2724 3081/242/2550
f 3079/244/2548 3281/188/2724 3080/243/2549
f 3078/222/2547 3274/176/2723 3079/244/2548
f 3317/245/2734 3323/246/2740 3316/247/2733
f 3318/248/2735 3324/249/2741 3317/245/2734
f 3319/250/2736 3325/251/2742 3318/248/2735
f 3320/252/2737 3326/253/2743 3319/250/2736
f 3321/254/2738 3327/255/2744 3320/252/2737
f 3322/256/2739 3328/257/2745 3321/254/2738
f 3324/249/2741 3330/258/2747 3323/246/2740
f 3325/251/2742 3331/259/2748 3324/249/2741
f 3326/253/2743 3332/260/2749 3325/251/2742
f 3327/255/2744 3333/261/2750 3326/253/2743
f 3328/257/2745 3334/262/2751 3327/255/2744
f 3329/263/2746 3335/264/2752 3328/257/2745
f 3330/258/2747 3338/265/2755 3337/266/2754
f 3331/259/2748 3339/267/2756 3338/265/2755
f 3332/260/2749 3340/268/2757 3339/267/2756
f 3333/261/2750 3341/269/2744 3340/268/2757
f 3334/262/2751 3342/270/2758 3341/269/2744
f 3335/264/2752 3343/271/2759 3342/270/2758
f 3337/266/2754 3345/272/2761 3344/273/2760
f 3338/265/2755 3346/274/2762 3345/272/2761
f 3339/267/2756 3347/275/2763 3346/274/2762
f 3340/268/2757 3348/276/2764 3347/275/2763
f 3341/269/2744 3349/277/2765 3348/276/2764
f 3342/270/2758 3350/278/2766 3349/277/2765
f 3344/273/2760 3352/279/2768 3351/280/2767
f 3345/272/2761 3353/281/2769 3352/279/2768
f 3346/274/2762 3354/282/2770 3353/281/2769
f 3347/275/2763 3355/283/2610 3354/282/2770
f 3348/276/2764 3356/284/2771 3355/283/2610
f 3349/277/2765 3357/285/2772 3356/284/2771
f 3351/280/2767 3359/286/2774 3358/287/2773
f 3352/279/2768 3360/288/2775 3359/286/2774
f 3353/281/2769 3361/289/2776 3360/288/2775
f 3354/282/2770 3362/290/2777 3361/289/2776
f 3355/283/2610 3363/291/2778 3362/290/2777
f 3356/284/2771 3364/292/2779 3363/291/2778
f 3154/293/2614 3099/294/2566 3042/295/2524
f 3153/296/2613 3316/247/2733 3154/293/2614
f 3152/297/2612 3317/245/2734 3153/296/2613
f 3151/298/2611 3318/248/2735 3152/297/2612
f 3150/299/2610 3319/250/2736 3151/298/2611
f 3149/300/2609 3320/252/2737 3150/299/2610
f 3148/301/2608 3321/254/2738 3149/300/2609
f 4929/302/4129 4993/303/4193 4538/304/3739
f 4745/305/3946 5198/306/4398 5202/305/4402
f 4749/307/3950 5202/305/4402 5206/307/4406
f 4753/308/3954 5206/307/4406 5210/308/4410
f 4757/309/3958 5210/308/4410 5214/309/4414
f 4761/59/3962 5214/309/4414 5218/59/4418
f 4765/155/3966 5226/157/4426 4769/157/3970
f 4510/310/3711 5082/66/4282 4625/66/3826
f 3363/291/2778 3092/311/2559 3093/56/2560
f 3362/290/2777 3093/56/2560 3094/55/2561
f 3361/289/2776 3094/55/2561 3095/54/2562
f 3360/288/2775 3095/54/2562 3096/53/2563
f 3359/286/2774 3096/53/2563 3097/52/2564
f 3358/287/2773 3097/52/2564 3098/51/2565
f 3105/312/2572 3098/51/2565 3039/49/2522
f 3104/313/2571 3358/287/2773 3105/312/2572
f 3103/314/2570 3351/280/2767 3104/313/2571
f 3102/315/2569 3344/273/2760 3103/314/2570
f 3101/316/2568 3337/266/2754 3102/315/2569
f 3323/246/2740 3101/316/2568 3100/317/2567
f 3316/247/2733 3100/317/2567 3099/294/2566
f 3365/318/2780 3373/319/2788 3372/320/2787
f 3366/321/2781 3374/322/2789 3373/319/2788
f 3367/323/2782 3375/324/2790 3374/322/2789
f 3368/325/2783 3376/326/2791 3375/324/2790
f 3369/327/2784 3377/328/2792 3376/326/2791
f 3370/329/2785 3378/330/2793 3377/328/2792
f 3372/320/2787 3380/331/2795 3379/332/2794
f 3373/319/2788 3381/333/2796 3380/331/2795
f 3374/322/2789 3382/334/2797 3381/333/2796
f 3375/324/2790 3383/335/2798 3382/334/2797
f 3376/326/2791 3384/336/2799 3383/335/2798
f 3377/328/2792 3385/337/2800 3384/336/2799
f 3379/332/2794 3387/338/2802 3386/339/2801
f 3380/331/2795 3388/340/2803 3387/338/2802
f 3381/333/2796 3389/341/2804 3388/340/2803
f 3382/334/2797 3390/342/2805 3389/341/2804
f 3383/335/2798 3391/343/2806 3390/342/2805
f 3384/336/2799 3392/344/2807 3391/343/2806
f 3387/338/2802 3393/345/2808 3386/339/2801
f 3388/340/2803 3394/346/2809 3387/338/2802
f 3389/341/2804 3395/347/2810 3388/340/2803
f 3390/342/2805 3396/348/2811 3389/341/2804
f 3391/343/2806 3397/349/2812 3390/342/2805
f 3392/344/2807 3398/350/2813 3391/343/2806
f 3394/346/2809 3400/351/2815 3393/345/2808
f 3395/347/2810 3401/352/2816 3394/346/2809
f 3396/348/2811 3402/353/2817 3395/347/2810
f 3397/349/2812 3403/354/2818 3396/348/2811
f 3398/350/2813 3404/355/2819 3397/349/2812
f 3399/356/2814 3405/357/2820 3398/350/2813
f 3401/352/2816 3407/358/2822 3400/351/2815
f 3402/353/2817 3408/359/2823 3401/352/2816
f 3403/354/2818 3409/360/2824 3402/353/2817
f 3404/355/2819 3410/361/2529 3403/354/2818
f 3405/357/2820 3411/362/2819 3404/355/2819
f 3406/363/2821 3412/364/2825 3405/357/2820
f 4737/365/3938 4993/303/4193 5194/366/4394
f 3147/367/2607 3366/321/2781 3365/318/2780
f 3146/368/2606 3367/323/2782 3366/321/2781
f 3145/369/2605 3368/325/2783 3367/323/2782
f 3144/370/2604 3369/327/2784 3368/325/2783
f 3143/371/2603 3370/329/2785 3369/327/2784
f 3142/372/2602 3371/373/2786 3370/329/2785
f 3141/374/2601 3078/222/2547 3371/373/2786
f 3371/373/2786 3079/244/2548 3378/330/2793
f 3378/330/2793 3080/243/2549 3385/337/2800
f 3385/337/2800 3081/242/2550 3392/344/2807
f 3081/242/2550 3399/356/2814 3392/344/2807
f 3082/241/2551 3406/363/2821 3399/356/2814
f 3083/240/2551 3413/375/2821 3406/363/2821
f 3084/239/2551 3057/376/2526 3413/375/2821
f 3413/375/2821 3058/377/2527 3412/364/2825
f 3412/364/2825 3059/378/2528 3411/362/2819
f 3411/362/2819 3060/379/2529 3410/361/2529
f 3410/361/2529 3061/380/2530 3409/360/2824
f 3409/360/2824 3062/381/2531 3408/359/2823
f 3408/359/2823 3063/382/2532 3407/358/2822
f 4501/383/3702 5334/78/4534 4877/78/4078
f 4881/79/4082 5342/384/4542 4885/384/4085
f 4885/384/4085 5346/385/4546 4889/385/4089
f 4889/385/4089 5350/386/4550 4893/386/4093
f 4893/386/4093 5354/387/4554 4897/387/4097
f 4897/387/4097 5358/388/4558 4901/388/4101
f 4905/389/4105 5366/390/4566 4909/390/4109
f 3415/391/2531 3421/392/2831 3414/393/2532
f 3416/394/2826 3422/395/2832 3415/391/2531
f 3417/396/2827 3423/397/2833 3416/394/2826
f 3418/398/2828 3424/399/2834 3417/396/2827
f 3419/400/2829 3425/401/2835 3418/398/2828
f 3420/402/2830 3426/403/2836 3419/400/2829
f 3422/395/2832 3428/404/2838 3421/392/2831
f 3423/397/2833 3429/405/2839 3422/395/2832
f 3424/399/2834 3430/406/2840 3423/397/2833
f 3425/401/2835 3431/407/2841 3424/399/2834
f 3426/403/2836 3432/408/2842 3425/401/2835
f 3427/409/2837 3433/410/2843 3426/403/2836
f 3429/405/2839 3435/411/2845 3428/404/2838
f 3430/406/2840 3436/412/2846 3429/405/2839
f 3431/407/2841 3437/413/2847 3430/406/2840
f 3432/408/2842 3438/414/2848 3431/407/2841
f 3433/410/2843 3439/415/2849 3432/408/2842
f 3434/416/2844 3440/417/2850 3433/410/2843
f 3436/412/2846 3442/418/2852 3435/411/2845
f 3437/413/2847 3443/419/2853 3436/412/2846
f 3438/414/2848 3444/420/2854 3437/413/2847
f 3439/415/2849 3445/421/2855 3438/414/2848
f 3440/417/2850 3446/422/2856 3439/415/2849
f 3441/423/2851 3447/424/2857 3440/417/2850
f 3443/419/2853 3449/425/2859 3442/418/2852
f 3444/420/2854 3450/426/2860 3443/419/2853
f 3445/421/2855 3451/427/2861 3444/420/2854
f 3446/422/2856 3452/428/2862 3445/421/2855
f 3447/424/2857 3453/429/2863 3446/422/2856
f 3448/430/2858 3454/431/2864 3447/424/2857
f 3450/426/2860 3456/432/2866 3449/425/2859
f 3451/427/2861 3457/433/2867 3450/426/2860
f 3452/428/2862 3458/434/2868 3451/427/2861
f 3453/429/2863 3459/435/2869 3452/428/2862
f 3454/431/2864 3460/436/2870 3453/429/2863
f 3455/437/2865 3461/438/2871 3454/431/2864
f 3407/358/2822 4502/439/3703 4878/440/4079
f 3062/381/2531 3414/393/2532 3063/382/2532
f 3061/380/2530 3415/391/2531 3062/381/2531
f 3060/379/2529 3416/394/2826 3061/380/2530
f 3059/378/2528 3417/396/2827 3060/379/2529
f 3058/377/2527 3418/398/2828 3059/378/2528
f 3057/376/2526 3419/400/2829 3058/377/2527
f 3038/138/2521 3420/402/2830 3057/376/2526
f 3085/137/2552 3427/409/2837 3420/402/2830
f 3086/173/2553 3434/416/2844 3427/409/2837
f 3087/172/2554 3441/423/2851 3434/416/2844
f 3088/171/2555 3448/430/2858 3441/423/2851
f 3089/170/2556 3455/437/2865 3448/430/2858
f 3090/169/2557 3462/441/2872 3455/437/2865
f 4510/310/3711 5246/163/4446 4965/442/4165
f 4629/67/3830 5090/443/4290 4633/444/3834
f 4633/444/3834 5094/445/4294 4637/445/3838
f 4637/445/3838 5098/446/4298 4641/446/3842
f 4641/446/3842 5102/447/4302 4645/447/3846
f 4645/447/3846 5106/448/4306 4649/448/3850
f 4657/449/3858 5110/166/4310 5114/450/4314
f 4709/451/3910 4942/452/4142 5166/451/4366
f 4717/453/3918 5170/454/4370 5174/453/4374
f 4717/453/3918 5178/455/4378 4721/455/3922
f 4721/455/3922 5182/456/4382 4725/456/3926
f 4725/456/3926 5186/457/4386 4729/457/3930
f 4729/457/3930 5190/458/4390 4733/458/3934
f 4741/306/3942 5194/366/4394 5198/306/4398
f 3463/459/2600 3471/460/2875 3470/461/2600
f 3465/462/2598 3471/460/2875 3464/463/2599
f 3466/464/2597 3472/465/2598 3465/462/2598
f 3467/466/2596 3473/467/2876 3466/464/2597
f 3468/468/2873 3474/469/2877 3467/466/2596
f 3469/470/2874 3475/471/2878 3468/468/2873
f 3470/461/2600 3478/472/2880 3477/473/2600
f 3471/460/2875 3479/474/2881 3478/472/2880
f 3473/467/2876 3479/474/2881 3472/465/2598
f 3474/469/2877 3480/475/2882 3473/467/2876
f 3475/471/2878 3481/476/2883 3474/469/2877
f 3476/477/2879 3482/478/2884 3475/471/2878
f 3477/473/2600 3485/479/2886 3484/480/2600
f 3478/472/2880 3486/481/2887 3485/479/2886
f 3479/474/2881 3487/482/2888 3486/481/2887
f 3480/475/2882 3488/483/2889 3487/482/2888
f 3481/476/2883 3489/484/2890 3488/483/2889
f 3482/478/2884 3490/485/2891 3489/484/2890
f 3484/480/2600 3492/486/2886 3491/487/2539
f 3485/479/2886 3493/488/2892 3492/486/2886
f 3486/481/2887 3494/489/2893 3493/488/2892
f 3487/482/2888 3495/490/2894 3494/489/2893
f 3488/483/2889 3496/491/2895 3495/490/2894
f 3489/484/2890 3497/492/2896 3496/491/2895
f 3491/487/2539 3499/493/2897 3498/494/2539
f 3492/486/2886 3500/495/2898 3499/493/2897
f 3493/488/2892 3501/496/2899 3500/495/2898
f 3494/489/2893 3502/497/2900 3501/496/2899
f 3495/490/2894 3503/498/2901 3502/497/2900
f 3496/491/2895 3504/499/2902 3503/498/2901
f 3499/493/2897 3505/500/2539 3498/494/2539
f 3499/493/2897 3507/501/2904 3506/502/2903
f 3500/495/2898 3508/503/2905 3507/501/2904
f 3501/496/2899 3509/504/2906 3508/503/2905
f 3502/497/2900 3510/505/2907 3509/504/2906
f 3503/498/2901 3511/506/2908 3510/505/2907
f 3040/507/2520 3463/459/2600 3050/231/2520
f 3140/508/2600 3464/463/2599 3463/459/2600
f 3138/509/2598 3464/463/2599 3139/510/2599
f 3137/511/2597 3465/462/2598 3138/509/2598
f 3136/512/2596 3466/464/2597 3137/511/2597
f 3135/513/2595 3467/466/2596 3136/512/2596
f 3134/514/2594 3468/468/2873 3135/513/2595
f 3042/295/2524 3469/470/2874 3134/514/2594
f 3099/294/2566 3476/477/2879 3469/470/2874
f 3100/317/2567 3483/515/2885 3476/477/2879
f 3483/515/2885 3102/315/2569 3490/485/2891
f 3490/485/2891 3103/314/2570 3497/492/2896
f 3497/492/2896 3104/313/2571 3504/499/2902
f 3504/499/2902 3105/312/2572 3511/506/2908
f 3511/506/2908 3039/49/2522 3064/516/2533
f 3510/505/2907 3064/516/2533 3065/517/2534
f 3509/504/2906 3065/517/2534 3066/518/2535
f 3508/503/2905 3066/518/2535 3067/519/2536
f 3507/501/2904 3067/519/2536 3068/520/2537
f 3506/502/2903 3068/520/2537 3069/521/2538
f 3506/502/2903 3070/522/2539 3505/500/2539
f 3505/500/2539 3037/145/2520 3056/238/2520
f 3498/494/2539 3056/238/2520 3055/236/2520
f 3054/235/2520 3498/494/2539 3055/236/2520
f 3053/234/2520 3491/487/2539 3054/235/2520
f 3052/233/2520 3484/480/2600 3053/234/2520
f 3051/232/2520 3477/473/2600 3052/233/2520
f 3050/231/2520 3470/461/2600 3051/232/2520
f 3513/523/2910 3519/524/2916 3512/525/2909
f 3513/523/2910 3521/526/2918 3520/527/2917
f 3514/528/2911 3522/529/2919 3521/526/2918
f 3515/530/2912 3523/531/2920 3522/529/2919
f 3516/532/2913 3524/533/2921 3523/531/2920
f 3517/534/2914 3525/535/2922 3524/533/2921
f 3520/527/2917 3526/536/2923 3519/524/2916
f 3520/527/2917 3528/537/2925 3527/538/2924
f 3521/526/2918 3529/539/2926 3528/537/2925
f 3522/529/2919 3530/540/2927 3529/539/2926
f 3523/531/2920 3531/541/2928 3530/540/2927
f 3524/533/2921 3532/542/2929 3531/541/2928
f 3527/538/2924 3533/543/2930 3526/536/2923
f 3527/538/2924 3535/544/2932 3534/545/2931
f 3528/537/2925 3536/546/2933 3535/544/2932
f 3529/539/2926 3537/547/2934 3536/546/2933
f 3530/540/2927 3538/548/2935 3537/547/2934
f 3531/541/2928 3539/549/2936 3538/548/2935
f 3534/545/2931 3540/550/2937 3533/543/2930
f 3534/545/2931 3542/551/2939 3541/552/2938
f 3535/544/2932 3543/553/2940 3542/551/2939
f 3536/546/2933 3544/554/2941 3543/553/2940
f 3537/547/2934 3545/555/2942 3544/554/2941
f 3538/548/2935 3546/556/2943 3545/555/2942
f 3541/552/2938 3547/557/2944 3540/550/2937
f 3541/552/2938 3549/558/2946 3548/559/2945
f 3542/551/2939 3550/560/2947 3549/558/2946
f 3543/553/2940 3551/561/2948 3550/560/2947
f 3544/554/2941 3552/562/2949 3551/561/2948
f 3545/555/2942 3553/563/2950 3552/562/2949
f 3548/559/2945 3554/564/2951 3547/557/2944
f 3548/559/2945 3556/565/2953 3555/566/2952
f 3549/558/2946 3557/567/2954 3556/565/2953
f 3550/560/2947 3558/568/2955 3557/567/2954
f 3551/561/2948 3559/569/2956 3558/568/2955
f 3552/562/2949 3560/570/2957 3559/569/2956
f 3070/522/2539 3043/146/2525 3037/145/2520
f 3069/521/2538 3512/525/2909 3070/522/2539
f 3069/521/2538 3514/528/2911 3513/523/2910
f 3068/520/2537 3515/530/2912 3514/528/2911
f 3067/519/2536 3516/532/2913 3515/530/2912
f 3066/518/2535 3517/534/2914 3516/532/2913
f 3065/517/2534 3518/571/2915 3517/534/2914
f 3064/516/2533 3106/50/2573 3518/571/2915
f 3518/571/2915 3107/87/2574 3525/535/2922
f 3525/535/2922 3108/86/2575 3532/542/2929
f 3532/542/2929 3109/85/2576 3539/549/2936
f 3539/549/2936 3110/84/2577 3546/556/2943
f 3546/556/2943 3111/82/2578 3553/563/2950
f 3553/563/2950 3112/83/2579 3560/570/2957
f 4523/572/3724 5330/77/4530 4978/573/4178
f 4685/574/3886 5146/575/4346 4689/576/3890
f 4689/576/3890 5150/577/4350 4693/577/3894
f 4693/577/3894 5154/578/4354 4697/579/3898
f 4697/579/3898 5158/580/4358 4701/581/3902
f 4701/581/3902 5162/582/4362 4705/583/3906
f 4713/454/3914 5166/451/4366 5170/454/4370
f 3049/584/2525 4766/585/3967 3266/152/2718
f 3547/557/2944 3049/584/2525 3048/151/2525
f 3540/550/2937 3048/151/2525 3047/150/2525
f 3533/543/2930 3047/150/2525 3046/149/2525
f 3526/536/2923 3046/149/2525 3045/148/2525
f 3519/524/2916 3045/148/2525 3044/147/2525
f 3512/525/2909 3044/147/2525 3043/146/2525
f 3562/586/2599 3568/587/2600 3561/588/2600
f 3563/589/2958 3569/590/2599 3562/586/2599
f 3564/591/2959 3570/592/2598 3563/589/2958
f 3565/593/2960 3571/594/2963 3564/591/2959
f 3566/595/2961 3572/596/2964 3565/593/2960
f 3567/597/2962 3573/598/2965 3566/595/2961
f 3569/590/2599 3575/599/2600 3568/587/2600
f 3570/592/2598 3576/600/2599 3569/590/2599
f 3571/594/2963 3577/601/2598 3570/592/2598
f 3572/596/2964 3578/602/2963 3571/594/2963
f 3573/598/2965 3579/603/2964 3572/596/2964
f 3574/604/2966 3580/605/2967 3573/598/2965
f 3576/600/2599 3582/606/2600 3575/599/2600
f 3577/601/2598 3583/607/2599 3576/600/2599
f 3578/602/2963 3584/608/2598 3577/601/2598
f 3579/603/2964 3585/609/2963 3578/602/2963
f 3580/605/2967 3586/610/2969 3579/603/2964
f 3581/611/2968 3587/612/2970 3580/605/2967
f 3583/607/2599 3589/613/2600 3582/606/2600
f 3584/608/2598 3590/614/2599 3583/607/2599
f 3585/609/2963 3591/615/2598 3584/608/2598
f 3586/610/2969 3592/616/2972 3585/609/2963
f 3587/612/2970 3593/617/2973 3586/610/2969
f 3588/618/2971 3594/619/2974 3587/612/2970
f 3590/614/2599 3596/620/2600 3589/613/2600
f 3591/615/2598 3597/621/2599 3590/614/2599
f 3592/616/2972 3598/622/2598 3591/615/2598
f 3593/617/2973 3599/623/2972 3592/616/2972
f 3594/619/2974 3600/624/2973 3593/617/2973
f 3595/625/2975 3601/626/2976 3594/619/2974
f 3597/621/2599 3603/627/2600 3596/620/2600
f 3598/622/2598 3604/628/2599 3597/621/2599
f 3599/623/2972 3605/629/2598 3598/622/2598
f 3600/624/2973 3606/630/2972 3599/623/2972
f 3601/626/2976 3607/631/2596 3600/624/2973
f 3602/632/2977 3608/633/2595 3601/626/2976
f 4678/634/3879 3113/635/2520 3714/636/2615
f 4825/637/4026 5286/638/4486 4829/638/4030
f 4829/638/4030 5290/639/4490 4833/639/4034
f 4833/639/4034 5294/640/4494 4837/640/4038
f 4837/640/4038 5298/641/4498 4841/641/4042
f 4841/641/4042 5302/642/4502 4845/642/4046
f 4853/643/4054 5306/68/4506 5310/71/4510
f 4521/644/3722 5138/645/4338 4681/646/3882
f 3127/647/2587 3574/604/2966 3567/597/2962
f 3128/648/2588 3581/611/2968 3574/604/2966
f 3129/649/2589 3588/618/2971 3581/611/2968
f 3130/650/2590 3595/625/2975 3588/618/2971
f 3131/651/2591 3602/632/2977 3595/625/2975
f 3132/652/2592 3609/653/2978 3602/632/2977
f 3133/654/2593 3134/514/2594 3609/653/2978
f 3609/653/2978 3135/513/2595 3608/633/2595
f 3608/633/2595 3136/512/2596 3607/631/2596
f 3607/631/2596 3137/511/2597 3606/630/2972
f 3606/630/2972 3138/509/2598 3605/629/2598
f 3605/629/2598 3139/510/2599 3604/628/2599
f 3604/628/2599 3140/508/2600 3603/627/2600
f 3119/655/2520 3140/508/2600 3040/507/2520
f 3118/656/2520 3603/627/2600 3119/655/2520
f 3117/657/2520 3596/620/2600 3118/656/2520
f 3582/606/2600 3117/657/2520 3116/658/2520
f 3575/599/2600 3116/658/2520 3115/659/2520
f 3568/587/2600 3115/659/2520 3114/660/2520
f 3561/588/2600 3114/660/2520 3113/635/2520
f 3610/661/2979 3618/662/2987 3617/663/2986
f 3611/664/2980 3619/665/2988 3618/662/2987
f 3612/666/2981 3620/667/2989 3619/665/2988
f 3613/668/2982 3621/669/2990 3620/667/2989
f 3614/670/2983 3622/671/2991 3621/669/2990
f 3615/672/2984 3623/673/2992 3622/671/2991
f 3617/663/2986 3625/674/2994 3624/675/2993
f 3618/662/2987 3626/676/2995 3625/674/2994
f 3619/665/2988 3627/677/2996 3626/676/2995
f 3620/667/2989 3628/678/2997 3627/677/2996
f 3621/669/2990 3629/679/2998 3628/678/2997
f 3622/671/2991 3630/680/2999 3629/679/2998
f 3624/675/2993 3632/681/3001 3631/682/3000
f 3625/674/2994 3633/683/3002 3632/681/3001
f 3626/676/2995 3634/684/3003 3633/683/3002
f 3627/677/2996 3635/685/3004 3634/684/3003
f 3628/678/2997 3636/686/3005 3635/685/3004
f 3629/679/2998 3637/687/3006 3636/686/3005
f 3631/682/3000 3639/688/3008 3638/689/3007
f 3632/681/3001 3640/690/3009 3639/688/3008
f 3633/683/3002 3641/691/3010 3640/690/3009
f 3634/684/3003 3642/692/3011 3641/691/3010
f 3635/685/3004 3643/693/3012 3642/692/3011
f 3636/686/3005 3644/694/3013 3643/693/3012
f 3638/689/3007 3646/695/3015 3645/696/3014
f 3639/688/3008 3647/697/3016 3646/695/3015
f 3640/690/3009 3648/698/3017 3647/697/3016
f 3641/691/3010 3649/699/3018 3648/698/3017
f 3642/692/3011 3650/700/3019 3649/699/3018
f 3643/693/3012 3651/701/3020 3650/700/3019
f 3645/696/3014 3653/702/3022 3652/703/3021
f 3646/695/3015 3654/704/3023 3653/702/3022
f 3647/697/3016 3655/705/3024 3654/704/3023
f 3648/698/3017 3656/706/3025 3655/705/3024
f 3649/699/3018 3657/707/3026 3656/706/3025
f 3650/700/3019 3658/708/3027 3657/707/3026
f 4793/709/3994 4934/710/4134 5250/165/4450
f 4801/711/4002 5254/164/4454 5258/711/4458
f 4805/712/4006 5258/711/4458 5262/713/4462
f 4809/714/4010 5262/713/4462 5266/714/4466
f 4813/715/4014 5266/714/4466 5270/715/4470
f 4817/716/4018 5270/715/4470 5274/717/4474
f 4821/718/4022 5282/719/4482 4825/637/4026
f 4518/720/3719 5026/721/4226 4569/722/3770
f 3616/723/2985 3121/724/2581 3623/673/2992
f 3623/673/2992 3122/725/2582 3630/680/2999
f 3630/680/2999 3123/726/2583 3637/687/3006
f 3637/687/3006 3124/727/2584 3644/694/3013
f 3644/694/3013 3125/728/2585 3651/701/3020
f 3651/701/3020 3126/729/2586 3658/708/3027
f 3658/708/3027 3041/221/2523 3141/374/2601
f 3657/707/3026 3141/374/2601 3142/372/2602
f 3656/706/3025 3142/372/2602 3143/371/2603
f 3655/705/3024 3143/371/2603 3144/370/2604
f 3654/704/3023 3144/370/2604 3145/369/2605
f 3653/702/3022 3145/369/2605 3146/368/2606
f 3652/703/3021 3146/368/2606 3147/367/2607
f 4534/81/3735 5358/388/4558 4989/81/4189
f 4549/730/3750 5002/731/4202 5006/732/4206
f 4553/733/3754 5006/732/4206 5010/733/4210
f 4557/734/3758 5010/733/4210 5014/735/4214
f 4561/736/3762 5014/735/4214 5018/736/4218
f 4565/737/3766 5018/736/4218 5022/737/4222
f 4569/722/3770 5030/738/4230 4573/739/3774
f 3660/740/3029 3666/741/3035 3659/742/3028
f 3661/743/3030 3667/744/3036 3660/740/3029
f 3662/745/3031 3668/746/3030 3661/743/3030
f 3663/747/3032 3669/748/3037 3662/745/3031
f 3664/749/3033 3670/750/3038 3663/747/3032
f 3665/751/3034 3671/752/3039 3664/749/3033
f 3667/744/3036 3673/753/3041 3666/741/3035
f 3668/746/3030 3674/754/3042 3667/744/3036
f 3669/748/3037 3675/755/3043 3668/746/3030
f 3670/750/3038 3676/756/3044 3669/748/3037
f 3671/752/3039 3677/757/3045 3670/750/3038
f 3672/758/3040 3678/759/3046 3671/752/3039
f 3674/754/3042 3680/760/3048 3673/753/3041
f 3675/755/3043 3681/761/3049 3674/754/3042
f 3676/756/3044 3682/762/3050 3675/755/3043
f 3677/757/3045 3683/763/3051 3676/756/3044
f 3678/759/3046 3684/764/3052 3677/757/3045
f 3679/765/3047 3685/766/3053 3678/759/3046
f 3681/761/3049 3687/767/3055 3680/760/3048
f 3682/762/3050 3688/768/3056 3681/761/3049
f 3683/763/3051 3689/769/3057 3682/762/3050
f 3684/764/3052 3690/770/3058 3683/763/3051
f 3685/766/3053 3691/771/3059 3684/764/3052
f 3686/772/3054 3692/773/3060 3685/766/3053
f 3688/768/3056 3694/774/3062 3687/767/3055
f 3689/769/3057 3695/775/3063 3688/768/3056
f 3690/770/3058 3696/776/3064 3689/769/3057
f 3691/771/3059 3697/777/3065 3690/770/3058
f 3692/773/3060 3698/778/3066 3691/771/3059
f 3693/779/3061 3699/780/3067 3692/773/3060
f 3695/775/3063 3701/781/3069 3694/774/3062
f 3696/776/3064 3702/782/3070 3695/775/3063
f 3697/777/3065 3703/783/3071 3696/776/3064
f 3698/778/3066 3704/784/3072 3697/777/3065
f 3699/780/3067 3705/785/3073 3698/778/3066
f 3700/786/3068 3706/787/3074 3699/780/3067
f 4845/642/4046 4973/720/4173 4518/720/3719
f 4573/739/3774 5034/788/4234 4577/788/3778
f 4577/788/3778 5038/789/4238 4581/790/3782
f 4581/790/3782 5042/791/4242 4585/791/3786
f 4585/791/3786 5046/792/4246 4589/792/3790
f 4589/792/3790 5050/793/4250 4593/793/3794
f 4601/61/3802 5054/794/4254 5058/61/4258
f 4481/795/3682 5362/389/4562 4905/389/4105
f 4909/390/4109 5370/796/4570 4913/796/4113
f 4913/796/4113 5374/797/4574 4917/798/4117
f 4917/798/4117 5378/799/4578 4921/799/4121
f 4921/799/4121 5382/800/4582 4925/800/4125
f 4925/800/4125 5386/302/4586 4929/302/4129
f 4933/801/4133 4330/661/3560 5249/802/4449
f 4545/731/3746 4998/80/4198 5002/731/4202
f 3707/803/3075 3149/300/2609 3706/787/3074
f 3706/787/3074 3150/299/2610 3705/785/3073
f 3705/785/3073 3151/298/2611 3704/784/3072
f 3704/784/3072 3152/297/2612 3703/783/3071
f 3703/783/3071 3153/296/2613 3702/782/3070
f 3702/782/3070 3154/293/2614 3701/781/3069
f 3701/781/3069 3042/295/2524 3133/654/2593
f 3694/774/3062 3133/654/2593 3132/652/2592
f 3687/767/3055 3132/652/2592 3131/651/2591
f 3680/760/3048 3131/651/2591 3130/650/2590
f 3673/753/3041 3130/650/2590 3129/649/2589
f 3666/741/3035 3129/649/2589 3128/648/2588
f 3659/742/3028 3128/648/2588 3127/647/2587
f 3708/804/3076 3716/805/3082 3715/806/3081
f 3709/807/3077 3717/808/3083 3716/805/3082
f 3710/809/3078 3718/810/3084 3717/808/3083
f 3711/811/3079 3719/812/2617 3718/810/3084
f 3712/813/3080 3720/814/2616 3719/812/2617
f 3713/815/2616 3721/816/2615 3720/814/2616
f 3715/806/3081 3723/817/3086 3722/818/3085
f 3716/805/3082 3724/819/3083 3723/817/3086
f 3717/808/3083 3725/820/3084 3724/819/3083
f 3718/810/3084 3726/821/2617 3725/820/3084
f 3719/812/2617 3727/822/2616 3726/821/2617
f 3720/814/2616 3728/823/2615 3727/822/2616
f 3722/818/3085 3730/824/3088 3729/825/3087
f 3723/817/3086 3731/826/3089 3730/824/3088
f 3724/819/3083 3732/827/3084 3731/826/3089
f 3725/820/3084 3733/828/2617 3732/827/3084
f 3726/821/2617 3734/829/2616 3733/828/2617
f 3727/822/2616 3735/830/2615 3734/829/2616
f 3729/825/3087 3737/831/3091 3736/832/3090
f 3730/824/3088 3738/833/3092 3737/831/3091
f 3731/826/3089 3739/834/2730 3738/833/3092
f 3732/827/3084 3740/835/2617 3739/834/2730
f 3733/828/2617 3741/836/2616 3740/835/2617
f 3734/829/2616 3742/837/2615 3741/836/2616
f 3736/832/3090 3744/838/3094 3743/839/3093
f 3737/831/3091 3745/840/3092 3744/838/3094
f 3738/833/3092 3746/841/2730 3745/840/3092
f 3739/834/2730 3747/842/2617 3746/841/2730
f 3740/835/2617 3748/843/2616 3747/842/2617
f 3741/836/2616 3749/844/2615 3748/843/2616
f 3743/839/3093 3751/845/3096 3750/846/3095
f 3744/838/3094 3752/847/2619 3751/845/3096
f 3745/840/3092 3753/848/2730 3752/847/2619
f 3746/841/2730 3754/849/2617 3753/848/2730
f 3747/842/2617 3755/850/2616 3754/849/2617
f 3748/843/2616 3756/851/2615 3755/850/2616
f 4514/852/3715 5274/717/4474 4969/167/4169
f 4661/853/3862 5114/450/4314 5118/853/4318
f 4665/854/3866 5118/853/4318 5122/855/4322
f 4669/856/3870 5122/855/4322 5126/856/4326
f 4673/857/3874 5126/856/4326 5130/857/4330
f 4677/858/3878 5130/857/4330 5134/859/4334
f 4681/646/3882 5142/860/4342 4685/574/3886
f 4821/718/4022 4950/861/4150 5278/718/4478
f 3714/636/2615 3114/660/2520 3721/816/2615
f 3721/816/2615 3115/659/2520 3728/823/2615
f 3728/823/2615 3116/658/2520 3735/830/2615
f 3735/830/2615 3117/657/2520 3742/837/2615
f 3742/837/2615 3118/656/2520 3749/844/2615
f 3749/844/2615 3119/655/2520 3756/851/2615
f 3756/851/2615 3040/507/2520 3155/230/2615
f 3755/850/2616 3155/230/2615 3156/228/2616
f 3754/849/2617 3156/228/2616 3157/227/2617
f 3753/848/2730 3157/227/2617 3158/226/2618
f 3752/847/2619 3158/226/2618 3159/225/2619
f 3751/845/3096 3159/225/2619 3160/224/2620
f 3750/846/3095 3160/224/2620 3161/223/2621
f 3126/729/2586 3161/223/2621 3041/221/2523
f 3125/728/2585 3750/846/3095 3126/729/2586
f 3124/727/2584 3743/839/3093 3125/728/2585
f 3123/726/2583 3736/832/3090 3124/727/2584
f 3122/725/2582 3729/825/3087 3123/726/2583
f 3121/724/2581 3722/818/3085 3122/725/2582
f 3120/862/2580 3715/806/3081 3121/724/2581
f 3889/1/3200 3897/2/3208 3890/4/3201
f 3890/4/3201 3898/5/3209 3891/6/3202
f 3891/6/3202 3899/7/3210 3892/8/3203
f 3892/8/3203 3900/9/3211 3893/10/3204
f 3893/10/3204 3901/11/3212 3894/12/3205
f 3894/12/3205 3902/13/3213 3895/57/3206
f 3896/3/3207 3904/14/3215 3897/2/3208
f 3897/2/3208 3905/16/3216 3898/5/3209
f 3898/5/3209 3906/17/3217 3899/7/3210
f 3899/7/3210 3907/18/3218 3900/9/3211
f 3900/9/3211 3908/19/3219 3901/11/3212
f 3901/11/3212 3909/20/3220 3902/13/3213
f 3903/15/3214 3911/21/3222 3904/14/3215
f 3904/14/3215 3912/23/3223 3905/16/3216
f 3905/16/3216 3913/24/3224 3906/17/3217
f 3906/17/3217 3914/25/3225 3907/18/3218
f 3907/18/3218 3915/26/3226 3908/19/3219
f 3908/19/3219 3916/27/3227 3909/20/3220
f 3910/22/3221 3918/28/3229 3911/21/3222
f 3911/21/3222 3919/30/3230 3912/23/3223
f 3912/23/3223 3920/31/3231 3913/24/3224
f 3913/24/3224 3921/32/3232 3914/25/3225
f 3914/25/3225 3922/33/3233 3915/26/3226
f 3915/26/3226 3923/34/3234 3916/27/3227
f 3917/29/3228 3925/35/3236 3918/28/3229
f 3918/28/3229 3926/37/3237 3919/30/3230
f 3919/30/3230 3927/38/3238 3920/31/3231
f 3920/31/3231 3928/39/3239 3921/32/3232
f 3921/32/3232 3929/40/3240 3922/33/3233
f 3922/33/3233 3930/41/3241 3923/34/3234
f 3924/36/3235 3932/42/3243 3925/35/3236
f 3925/35/3236 3933/44/3244 3926/37/3237
f 3926/37/3237 3934/45/3245 3927/38/3238
f 3927/38/3238 3935/46/3246 3928/39/3239
f 3928/39/3239 3936/47/3247 3929/40/3240
f 3929/40/3240 3937/48/3248 3930/41/3241
f 3759/49/3099 3889/1/3200 3818/51/3143
f 3818/51/3143 3890/4/3201 3817/52/3142
f 3817/52/3142 3891/6/3202 3816/53/3141
f 3816/53/3141 3892/8/3203 3815/54/3140
f 3815/54/3140 3893/10/3204 3814/55/3139
f 3814/55/3139 3894/12/3205 3813/56/3138
f 3813/56/3138 3895/57/3206 3812/311/3137
f 4084/292/3359 4962/863/4162 5217/864/4417
f 3902/13/3213 5061/865/4261 5057/866/4257
f 3909/20/3220 5065/867/4265 5061/865/4261
f 3916/27/3227 5069/868/4269 5065/867/4265
f 3923/34/3234 5073/869/4273 5069/868/4269
f 3930/41/3241 5077/870/4277 5073/869/4273
f 5085/871/4285 4182/441/3454 4181/438/3453
f 5133/872/4333 3833/635/3097 4949/873/4149
f 3935/46/3246 5309/874/4509 3936/47/3247
f 3934/45/3245 5313/875/4513 3935/46/3246
f 3933/44/3244 5317/876/4517 3934/45/3245
f 3932/42/3243 5321/877/4521 3933/44/3244
f 3931/43/3242 5325/878/4525 3932/42/3243
f 5337/879/4537 4127/358/3402 4120/351/3395
f 4997/880/4197 3867/367/3185 4372/703/3602
f 3831/82/3156 3931/43/3242 3924/36/3235
f 3830/84/3155 3924/36/3235 3917/29/3228
f 3829/85/3154 3917/29/3228 3910/22/3221
f 3828/86/3153 3910/22/3221 3903/15/3214
f 3827/87/3152 3903/15/3214 3896/3/3207
f 3826/50/3151 3896/3/3207 3889/1/3200
f 3945/89/3255 3939/88/3250 3938/90/3249
f 3946/92/3256 3940/91/3251 3939/88/3250
f 3947/94/3257 3941/93/3252 3940/91/3251
f 3948/96/3258 3942/95/3253 3941/93/3252
f 3949/98/3259 3943/97/3254 3942/95/3253
f 3950/100/3260 3944/99/3117 3943/97/3254
f 3952/101/3262 3946/92/3256 3945/89/3255
f 3953/102/3263 3947/94/3257 3946/92/3256
f 3954/103/3264 3948/96/3258 3947/94/3257
f 3955/104/3265 3949/98/3259 3948/96/3258
f 3956/105/3266 3950/100/3260 3949/98/3259
f 3957/107/3267 3951/106/3261 3950/100/3260
f 3959/108/3269 3953/102/3263 3952/101/3262
f 3960/109/3270 3954/103/3264 3953/102/3263
f 3961/110/3271 3955/104/3265 3954/103/3264
f 3962/111/3272 3956/105/3266 3955/104/3265
f 3963/112/3273 3957/107/3267 3956/105/3266
f 3964/114/3274 3958/113/3268 3957/107/3267
f 3966/115/3276 3960/109/3270 3959/108/3269
f 3967/116/3277 3961/110/3271 3960/109/3270
f 3968/117/3278 3962/111/3272 3961/110/3271
f 3969/118/3279 3963/112/3273 3962/111/3272
f 3970/119/3280 3964/114/3274 3963/112/3273
f 3971/121/3281 3965/120/3275 3964/114/3274
f 3973/122/3283 3967/116/3277 3966/115/3276
f 3974/123/3284 3968/117/3278 3967/116/3277
f 3975/124/3285 3969/118/3279 3968/117/3278
f 3976/125/3286 3970/119/3280 3969/118/3279
f 3977/126/3287 3971/121/3281 3970/119/3280
f 3978/128/3288 3972/127/3282 3971/121/3281
f 3980/129/3290 3974/123/3284 3973/122/3283
f 3981/130/3291 3975/124/3285 3974/123/3284
f 3982/131/3292 3976/125/3286 3975/124/3285
f 3983/132/3293 3977/126/3287 3976/125/3286
f 3984/133/3294 3978/128/3288 3977/126/3287
f 3985/135/3295 3979/134/3289 3978/128/3288
f 3805/137/3130 3797/136/3123 3758/138/3098
f 3938/90/3249 3796/139/3122 3797/136/3123
f 3939/88/3250 3795/140/3121 3796/139/3122
f 3940/91/3251 3794/141/3120 3795/140/3121
f 3941/93/3252 3793/142/3119 3794/141/3120
f 3942/95/3253 3792/143/3118 3793/142/3119
f 3943/97/3254 3791/144/3117 3792/143/3118
f 3944/99/3117 3757/145/3097 3791/144/3117
f 3951/106/3261 3763/146/3102 3944/99/3117
f 3958/113/3268 3764/147/3102 3951/106/3261
f 3965/120/3275 3765/148/3102 3958/113/3268
f 3972/127/3282 3766/149/3102 3965/120/3275
f 3979/134/3289 3767/150/3102 3972/127/3282
f 3986/152/3296 3768/151/3102 3979/134/3289
f 5189/881/4389 3783/382/3109 4957/882/4157
f 5229/883/4429 3985/135/3295 3984/133/3294
f 5233/884/4433 3984/133/3294 3983/132/3293
f 5237/885/4437 3983/132/3293 3982/131/3292
f 5241/886/4441 3982/131/3292 3981/130/3291
f 5245/887/4445 3981/130/3291 3980/129/3290
f 5249/802/4449 4331/664/3561 5253/888/4453
f 4970/889/4170 4428/804/3657 5109/890/4309
f 3811/168/3136 3973/122/3283 3810/169/3135
f 3810/169/3135 3966/115/3276 3809/170/3134
f 3809/170/3134 3959/108/3269 3808/171/3133
f 3808/171/3133 3952/101/3262 3807/172/3132
f 3807/172/3132 3945/89/3255 3806/173/3131
f 3806/173/3131 3938/90/3249 3805/137/3130
f 3987/174/3297 3995/175/3298 3988/177/3298
f 3988/177/3298 3996/178/3299 3989/179/3299
f 3989/179/3299 3997/180/3302 3990/181/3300
f 3990/181/3300 3998/182/3303 3991/183/3195
f 3991/183/3195 3999/184/3194 3992/185/3194
f 3992/185/3194 4000/186/3193 3993/229/3193
f 3994/176/3301 4002/187/3305 3995/175/3298
f 3995/175/3298 4003/189/3299 3996/178/3299
f 3996/178/3299 4004/190/3302 3997/180/3302
f 3997/180/3302 4005/191/3303 3998/182/3303
f 3998/182/3303 4006/192/3194 3999/184/3194
f 3999/184/3194 4007/193/3193 4000/186/3193
f 4001/188/3304 4009/194/3306 4002/187/3305
f 4002/187/3305 4010/196/3299 4003/189/3299
f 4003/189/3299 4011/197/3300 4004/190/3302
f 4004/190/3302 4012/198/3195 4005/191/3303
f 4005/191/3303 4013/199/3194 4006/192/3194
f 4006/192/3194 4014/200/3193 4007/193/3193
f 4015/201/3307 4009/194/3306 4008/195/3304
f 4016/202/3306 4010/196/3299 4009/194/3306
f 4010/196/3299 4018/203/3302 4011/197/3300
f 4011/197/3300 4019/205/3195 4012/198/3195
f 4012/198/3195 4020/206/3194 4013/199/3194
f 4013/199/3194 4021/207/3308 4014/200/3193
f 4022/208/3307 4016/202/3306 4015/201/3307
f 4023/209/3306 4017/204/3299 4016/202/3306
f 4024/210/3299 4018/203/3302 4017/204/3299
f 4025/211/3196 4019/205/3195 4018/203/3302
f 4026/212/3309 4020/206/3194 4019/205/3195
f 4027/213/3310 4021/207/3308 4020/206/3194
f 4029/214/3307 4023/209/3306 4022/208/3307
f 4030/215/3305 4024/210/3299 4023/209/3306
f 4031/216/3299 4025/211/3196 4024/210/3299
f 4032/217/3311 4026/212/3309 4025/211/3196
f 4033/218/3309 4027/213/3310 4026/212/3309
f 4034/220/3310 4028/219/3308 4027/213/3310
f 3761/221/3100 3987/174/3297 3881/223/3199
f 3881/223/3199 3988/177/3298 3880/224/3198
f 3880/224/3198 3989/179/3299 3879/225/3197
f 3879/225/3197 3990/181/3300 3878/226/3196
f 3878/226/3196 3991/183/3195 3877/227/3195
f 3877/227/3195 3992/185/3194 3876/228/3194
f 3876/228/3194 3993/229/3193 3875/230/3193
f 3875/230/3193 3770/231/3097 3760/507/3097
f 3993/229/3193 3771/232/3097 3770/231/3097
f 4000/186/3193 3772/233/3097 3771/232/3097
f 4007/193/3193 3773/234/3097 3772/233/3097
f 4014/200/3193 3774/235/3097 3773/234/3097
f 4028/219/3308 3774/235/3097 4021/207/3308
f 4035/237/3308 3775/236/3097 4028/219/3308
f 3791/144/3117 3776/238/3097 4035/237/3308
f 3792/143/3118 4035/237/3308 4034/220/3310
f 3793/142/3119 4034/220/3310 4033/218/3309
f 3794/141/3120 4033/218/3309 4032/217/3311
f 3795/140/3121 4032/217/3311 4031/216/3299
f 3796/139/3122 4031/216/3299 4030/215/3305
f 3797/136/3123 4030/215/3305 4029/214/3307
f 3758/138/3098 4029/214/3307 3804/239/3129
f 3804/239/3129 4022/208/3307 3803/240/3129
f 3803/240/3129 4015/201/3307 3802/241/3128
f 3802/241/3128 4008/195/3304 3801/242/3127
f 3800/243/3126 4008/195/3304 4001/188/3304
f 3799/244/3125 4001/188/3304 3994/176/3301
f 3798/222/3124 3994/176/3301 3987/174/3297
f 4043/246/3319 4037/245/3313 4036/247/3312
f 4044/249/3320 4038/248/3314 4037/245/3313
f 4045/251/3321 4039/250/3315 4038/248/3314
f 4046/253/3322 4040/252/3316 4039/250/3315
f 4047/255/3323 4041/254/3317 4040/252/3316
f 4048/257/3324 4042/256/3318 4041/254/3317
f 4050/258/3326 4044/249/3320 4043/246/3319
f 4051/259/3327 4045/251/3321 4044/249/3320
f 4052/260/3328 4046/253/3322 4045/251/3321
f 4053/261/3329 4047/255/3323 4046/253/3322
f 4054/262/3330 4048/257/3324 4047/255/3323
f 4055/264/3331 4049/263/3325 4048/257/3324
f 4050/258/3326 4058/265/3334 4051/259/3327
f 4051/259/3327 4059/267/3335 4052/260/3328
f 4052/260/3328 4060/268/3336 4053/261/3329
f 4053/261/3329 4061/269/3330 4054/262/3330
f 4054/262/3330 4062/270/3337 4055/264/3331
f 4055/264/3331 4063/271/3338 4056/891/3332
f 4057/266/3333 4065/272/3340 4058/265/3334
f 4058/265/3334 4066/274/3341 4059/267/3335
f 4059/267/3335 4067/275/3342 4060/268/3336
f 4060/268/3336 4068/276/3343 4061/269/3330
f 4061/269/3330 4069/277/3344 4062/270/3337
f 4069/277/3344 4063/271/3338 4062/270/3337
f 4064/273/3339 4072/279/3347 4065/272/3340
f 4065/272/3340 4073/281/3348 4066/274/3341
f 4066/274/3341 4074/282/3349 4067/275/3342
f 4067/275/3342 4075/283/3350 4068/276/3343
f 4068/276/3343 4076/284/3351 4069/277/3344
f 4076/284/3351 4070/278/3345 4069/277/3344
f 4071/280/3346 4079/286/3354 4072/279/3347
f 4072/279/3347 4080/288/3355 4073/281/3348
f 4073/281/3348 4081/289/3356 4074/282/3349
f 4074/282/3349 4082/290/3357 4075/283/3350
f 4075/283/3350 4083/291/3358 4076/284/3351
f 4083/291/3358 4077/285/3352 4076/284/3351
f 3819/294/3144 3874/293/3192 3762/295/3101
f 4036/247/3312 3873/296/3191 3874/293/3192
f 4037/245/3313 3872/297/3190 3873/296/3191
f 4038/248/3314 3871/298/3189 3872/297/3190
f 4039/250/3315 3870/299/3188 3871/298/3189
f 4040/252/3316 3869/300/3187 3870/299/3188
f 4041/254/3317 3868/301/3186 3869/300/3187
f 3868/301/3186 5385/892/4585 4427/803/3656
f 4056/891/3332 5197/893/4397 4049/263/3325
f 4063/271/3338 5201/894/4401 4056/891/3332
f 4070/278/3345 5205/895/4405 4063/271/3338
f 4077/285/3352 5209/896/4409 4070/278/3345
f 4084/292/3359 5213/897/4413 4077/285/3352
f 5225/898/4425 3986/152/3296 3985/135/3295
f 5081/899/4281 3811/168/3136 4182/441/3454
f 4083/291/3358 3812/311/3137 4084/292/3359
f 4082/290/3357 3813/56/3138 4083/291/3358
f 4081/289/3356 3814/55/3139 4082/290/3357
f 4080/288/3355 3815/54/3140 4081/289/3356
f 4079/286/3354 3816/53/3141 4080/288/3355
f 4078/287/3353 3817/52/3142 4079/286/3354
f 3825/312/3150 3818/51/3143 4078/287/3353
f 3824/313/3149 4078/287/3353 4071/280/3346
f 3823/314/3148 4071/280/3346 4064/273/3339
f 3822/315/3147 4064/273/3339 4057/266/3333
f 3821/316/3146 4057/266/3333 4050/258/3326
f 3821/316/3146 4043/246/3319 3820/317/3145
f 3820/317/3145 4036/247/3312 3819/294/3144
f 4085/318/3360 4093/319/3368 4086/321/3361
f 4086/321/3361 4094/322/3369 4087/323/3362
f 4087/323/3362 4095/324/3370 4088/325/3363
f 4088/325/3363 4096/326/3371 4089/327/3364
f 4089/327/3364 4097/328/3372 4090/329/3365
f 4090/329/3365 4098/330/3373 4091/373/3366
f 4092/320/3367 4100/331/3375 4093/319/3368
f 4093/319/3368 4101/333/3376 4094/322/3369
f 4094/322/3369 4102/334/3377 4095/324/3370
f 4095/324/3370 4103/335/3378 4096/326/3371
f 4096/326/3371 4104/336/3379 4097/328/3372
f 4097/328/3372 4105/337/3380 4098/330/3373
f 4099/332/3374 4107/338/3382 4100/331/3375
f 4100/331/3375 4108/340/3383 4101/333/3376
f 4101/333/3376 4109/341/3384 4102/334/3377
f 4102/334/3377 4110/342/3385 4103/335/3378
f 4103/335/3378 4111/343/3386 4104/336/3379
f 4104/336/3379 4112/344/3387 4105/337/3380
f 4106/339/3381 4114/346/3389 4107/338/3382
f 4114/346/3389 4108/340/3383 4107/338/3382
f 4115/347/3390 4109/341/3384 4108/340/3383
f 4116/348/3391 4110/342/3385 4109/341/3384
f 4117/349/3392 4111/343/3386 4110/342/3385
f 4118/350/3393 4112/344/3387 4111/343/3386
f 4120/351/3395 4114/346/3389 4113/345/3388
f 4121/352/3396 4115/347/3390 4114/346/3389
f 4122/353/3397 4116/348/3391 4115/347/3390
f 4123/354/3398 4117/349/3392 4116/348/3391
f 4124/355/3399 4118/350/3393 4117/349/3392
f 4125/357/3400 4119/356/3394 4118/350/3393
f 4120/351/3395 4128/359/3403 4121/352/3396
f 4128/359/3403 4122/353/3397 4121/352/3396
f 4129/360/3404 4123/354/3398 4122/353/3397
f 4130/361/3106 4124/355/3399 4123/354/3398
f 4131/362/3399 4125/357/3400 4124/355/3399
f 4132/364/3405 4126/363/3401 4125/357/3400
f 4042/256/3318 4994/900/4194 3868/301/3186
f 3867/367/3185 4086/321/3361 3866/368/3184
f 3866/368/3184 4087/323/3362 3865/369/3183
f 3865/369/3183 4088/325/3363 3864/370/3182
f 3864/370/3182 4089/327/3364 3863/371/3181
f 3863/371/3181 4090/329/3365 3862/372/3180
f 3862/372/3180 4091/373/3366 3861/374/3179
f 3861/374/3179 3798/222/3124 3761/221/3100
f 4091/373/3366 3799/244/3125 3798/222/3124
f 4098/330/3373 3800/243/3126 3799/244/3125
f 4105/337/3380 3801/242/3127 3800/243/3126
f 4119/356/3394 3801/242/3127 4112/344/3387
f 4126/363/3401 3802/241/3128 4119/356/3394
f 4133/375/3401 3803/240/3129 4126/363/3401
f 3777/376/3103 3804/239/3129 4133/375/3401
f 3778/377/3104 4133/375/3401 4132/364/3405
f 3779/378/3105 4132/364/3405 4131/362/3399
f 3780/379/3106 4131/362/3399 4130/361/3106
f 3781/380/3107 4130/361/3106 4129/360/3404
f 3782/381/3108 4129/360/3404 4128/359/3403
f 3783/382/3109 4128/359/3403 4127/358/3402
f 3812/311/3137 5053/901/4253 4962/863/4162
f 5341/902/4541 4120/351/3395 4113/345/3388
f 5345/903/4545 4113/345/3388 4106/339/3381
f 5349/904/4549 4106/339/3381 4099/332/3374
f 5353/905/4553 4099/332/3374 4092/320/3367
f 5357/906/4557 4092/320/3367 4085/318/3360
f 4392/758/3622 5361/907/4561 4385/751/3615
f 4141/392/3413 4135/391/3407 4134/393/3406
f 4142/395/3414 4136/394/3408 4135/391/3407
f 4143/397/3415 4137/396/3409 4136/394/3408
f 4144/399/3416 4138/398/3410 4137/396/3409
f 4145/401/3417 4139/400/3411 4138/398/3410
f 4146/403/3418 4140/402/3412 4139/400/3411
f 4148/404/3420 4142/395/3414 4141/392/3413
f 4149/405/3421 4143/397/3415 4142/395/3414
f 4150/406/3422 4144/399/3416 4143/397/3415
f 4151/407/3423 4145/401/3417 4144/399/3416
f 4152/408/3424 4146/403/3418 4145/401/3417
f 4153/410/3425 4147/409/3419 4146/403/3418
f 4155/411/3427 4149/405/3421 4148/404/3420
f 4156/412/3428 4150/406/3422 4149/405/3421
f 4157/413/3429 4151/407/3423 4150/406/3422
f 4158/414/3430 4152/408/3424 4151/407/3423
f 4159/415/3431 4153/410/3425 4152/408/3424
f 4160/417/3432 4154/416/3426 4153/410/3425
f 4162/418/3434 4156/412/3428 4155/411/3427
f 4163/419/3435 4157/413/3429 4156/412/3428
f 4164/420/3436 4158/414/3430 4157/413/3429
f 4165/421/3437 4159/415/3431 4158/414/3430
f 4166/422/3438 4160/417/3432 4159/415/3431
f 4167/424/3439 4161/423/3433 4160/417/3432
f 4169/425/3441 4163/419/3435 4162/418/3434
f 4170/426/3442 4164/420/3436 4163/419/3435
f 4171/427/3443 4165/421/3437 4164/420/3436
f 4172/428/3444 4166/422/3438 4165/421/3437
f 4173/429/3445 4167/424/3439 4166/422/3438
f 4174/431/3446 4168/430/3440 4167/424/3439
f 4176/432/3448 4170/426/3442 4169/425/3441
f 4177/433/3449 4171/427/3443 4170/426/3442
f 4178/434/3450 4172/428/3444 4171/427/3443
f 4179/435/3451 4173/429/3445 4172/428/3444
f 4180/436/3452 4174/431/3446 4173/429/3445
f 4181/438/3453 4175/437/3447 4174/431/3446
f 5333/908/4533 3783/382/3109 4127/358/3402
f 4134/393/3406 3782/381/3108 3783/382/3109
f 4135/391/3407 3781/380/3107 3782/381/3108
f 4136/394/3408 3780/379/3106 3781/380/3107
f 4137/396/3409 3779/378/3105 3780/379/3106
f 4138/398/3410 3778/377/3104 3779/378/3105
f 4139/400/3411 3777/376/3103 3778/377/3104
f 4140/402/3412 3758/138/3098 3777/376/3103
f 4147/409/3419 3805/137/3130 4140/402/3412
f 4154/416/3426 3806/173/3131 4147/409/3419
f 4161/423/3433 3807/172/3132 4154/416/3426
f 4168/430/3440 3808/171/3133 4161/423/3433
f 4175/437/3447 3809/170/3134 4168/430/3440
f 4182/441/3454 3810/169/3135 4175/437/3447
f 4966/909/4166 3980/129/3290 3811/168/3136
f 5089/910/4289 4181/438/3453 4180/436/3452
f 5093/911/4293 4180/436/3452 4179/435/3451
f 5097/912/4297 4179/435/3451 4178/434/3450
f 5101/913/4301 4178/434/3450 4177/433/3449
f 5105/914/4305 4177/433/3449 4176/432/3448
f 5109/890/4309 4429/807/3658 5113/915/4313
f 3937/48/3248 4945/916/4145 5077/870/4277
f 5169/917/4369 4162/418/3434 5173/918/4373
f 5173/918/4373 4155/411/3427 5177/919/4377
f 5177/919/4377 4148/404/3420 5181/920/4381
f 5181/921/4381 4141/392/3413 5185/922/4385
f 5185/923/4385 4134/393/3406 5189/924/4389
f 4049/263/3325 5193/925/4393 4042/256/3318
f 4183/459/3178 4191/460/3458 4184/463/3177
f 4191/460/3458 4185/462/3176 4184/463/3177
f 4192/465/3176 4186/464/3455 4185/462/3176
f 4193/467/3459 4187/466/3174 4186/464/3455
f 4194/469/3460 4188/468/3456 4187/466/3174
f 4195/471/3461 4189/470/3457 4188/468/3456
f 4190/461/3178 4198/472/3458 4191/460/3458
f 4191/460/3458 4199/474/3463 4192/465/3176
f 4192/465/3176 4200/475/3464 4193/467/3459
f 4200/475/3464 4194/469/3460 4193/467/3459
f 4201/476/3465 4195/471/3461 4194/469/3460
f 4202/478/3466 4196/477/3462 4195/471/3461
f 4197/473/3178 4205/479/3468 4198/472/3458
f 4198/472/3458 4206/481/3469 4199/474/3463
f 4199/474/3463 4207/482/3470 4200/475/3464
f 4200/475/3464 4208/483/3471 4201/476/3465
f 4201/476/3465 4209/484/3472 4202/478/3466
f 4202/478/3466 4210/485/3473 4203/515/3467
f 4204/480/3178 4212/486/3468 4205/479/3468
f 4205/479/3468 4213/488/3474 4206/481/3469
f 4206/481/3469 4214/489/3475 4207/482/3470
f 4207/482/3470 4215/490/3476 4208/483/3471
f 4208/483/3471 4216/491/3477 4209/484/3472
f 4209/484/3472 4217/492/3478 4210/485/3473
f 4211/487/3116 4219/493/3479 4212/486/3468
f 4212/486/3468 4220/495/3480 4213/488/3474
f 4213/488/3474 4221/496/3481 4214/489/3475
f 4214/489/3475 4222/497/3482 4215/490/3476
f 4215/490/3476 4223/498/3483 4216/491/3477
f 4216/491/3477 4224/499/3484 4217/492/3478
f 4225/500/3116 4219/493/3479 4218/494/3116
f 4219/493/3479 4227/501/3486 4220/495/3480
f 4220/495/3480 4228/503/3487 4221/496/3481
f 4221/496/3481 4229/504/3488 4222/497/3482
f 4222/497/3482 4230/505/3489 4223/498/3483
f 4223/498/3483 4231/506/3490 4224/499/3484
f 3760/507/3097 4183/459/3178 3860/508/3178
f 3860/508/3178 4184/463/3177 3859/510/3177
f 4184/463/3177 3858/509/3176 3859/510/3177
f 4185/462/3176 3857/511/3175 3858/509/3176
f 4186/464/3455 3856/512/3174 3857/511/3175
f 4187/466/3174 3855/513/3173 3856/512/3174
f 4188/468/3456 3854/514/3172 3855/513/3173
f 4189/470/3457 3762/295/3101 3854/514/3172
f 4196/477/3462 3819/294/3144 4189/470/3457
f 4203/515/3467 3820/317/3145 4196/477/3462
f 4203/515/3467 3822/315/3147 3821/316/3146
f 4210/485/3473 3823/314/3148 3822/315/3147
f 4217/492/3478 3824/313/3149 3823/314/3148
f 4224/499/3484 3825/312/3150 3824/313/3149
f 4231/506/3490 3759/49/3099 3825/312/3150
f 4230/505/3489 3784/516/3110 4231/506/3490
f 4229/504/3488 3785/517/3111 4230/505/3489
f 4228/503/3487 3786/518/3112 4229/504/3488
f 4227/501/3486 3787/519/3113 4228/503/3487
f 4226/502/3485 3788/520/3114 4227/501/3486
f 3790/522/3116 4226/502/3485 4225/500/3116
f 3757/145/3097 4225/500/3116 3776/238/3097
f 3776/238/3097 4218/494/3116 3775/236/3097
f 3774/235/3097 4218/494/3116 4211/487/3116
f 3773/234/3097 4211/487/3116 4204/480/3178
f 3772/233/3097 4204/480/3178 4197/473/3178
f 3771/232/3097 4197/473/3178 4190/461/3178
f 3770/231/3097 4190/461/3178 4183/459/3178
f 4239/524/3498 4233/523/3492 4232/525/3491
f 4233/523/3492 4241/526/3500 4234/528/3493
f 4234/528/3493 4242/529/3501 4235/530/3494
f 4235/530/3494 4243/531/3502 4236/532/3495
f 4236/532/3495 4244/533/3503 4237/534/3496
f 4237/534/3496 4245/535/3504 4238/571/3497
f 4246/536/3505 4240/527/3499 4239/524/3498
f 4240/527/3499 4248/537/3507 4241/526/3500
f 4241/526/3500 4249/539/3508 4242/529/3501
f 4242/529/3501 4250/540/3509 4243/531/3502
f 4243/531/3502 4251/541/3510 4244/533/3503
f 4244/533/3503 4252/542/3511 4245/535/3504
f 4253/543/3512 4247/538/3506 4246/536/3505
f 4247/538/3506 4255/544/3514 4248/537/3507
f 4248/537/3507 4256/546/3515 4249/539/3508
f 4249/539/3508 4257/547/3516 4250/540/3509
f 4250/540/3509 4258/548/3517 4251/541/3510
f 4251/541/3510 4259/549/3518 4252/542/3511
f 4260/550/3519 4254/545/3513 4253/543/3512
f 4254/545/3513 4262/551/3521 4255/544/3514
f 4255/544/3514 4263/553/3522 4256/546/3515
f 4256/546/3515 4264/554/3523 4257/547/3516
f 4257/547/3516 4265/555/3524 4258/548/3517
f 4258/548/3517 4266/556/3525 4259/549/3518
f 4267/557/3526 4261/552/3520 4260/550/3519
f 4261/552/3520 4269/558/3528 4262/551/3521
f 4262/551/3521 4270/560/3529 4263/553/3522
f 4263/553/3522 4271/561/3530 4264/554/3523
f 4264/554/3523 4272/562/3531 4265/555/3524
f 4265/555/3524 4273/563/3532 4266/556/3525
f 4274/564/3533 4268/559/3527 4267/557/3526
f 4268/559/3527 4276/565/3535 4269/558/3528
f 4269/558/3528 4277/567/3536 4270/560/3529
f 4270/560/3529 4278/568/3537 4271/561/3530
f 4271/561/3530 4279/569/3538 4272/562/3531
f 4272/562/3531 4280/570/3539 4273/563/3532
f 3763/146/3102 3790/522/3116 3757/145/3097
f 4232/525/3491 3789/521/3115 3790/522/3116
f 3789/521/3115 4234/528/3493 3788/520/3114
f 3788/520/3114 4235/530/3494 3787/519/3113
f 3787/519/3113 4236/532/3495 3786/518/3112
f 3786/518/3112 4237/534/3496 3785/517/3111
f 3785/517/3111 4238/571/3497 3784/516/3110
f 3784/516/3110 3826/50/3151 3759/49/3099
f 4238/571/3497 3827/87/3152 3826/50/3151
f 4245/535/3504 3828/86/3153 3827/87/3152
f 4252/542/3511 3829/85/3154 3828/86/3153
f 4259/549/3518 3830/84/3155 3829/85/3154
f 4266/556/3525 3831/82/3156 3830/84/3155
f 4273/563/3532 3832/83/3157 3831/82/3156
f 3832/83/3157 5329/926/4529 3931/43/3242
f 4278/568/3537 5141/927/4341 4279/569/3538
f 4277/567/3536 5145/928/4345 4278/568/3537
f 4276/565/3535 5149/929/4349 4277/567/3536
f 4275/566/3534 5153/930/4353 4276/565/3535
f 5161/931/4361 4275/566/3534 4274/564/3533
f 5165/932/4365 4169/425/3441 5169/933/4369
f 5221/934/4421 3769/584/3102 3986/152/3296
f 3769/584/3102 4267/557/3526 3768/151/3102
f 3768/151/3102 4260/550/3519 3767/150/3102
f 3767/150/3102 4253/543/3512 3766/149/3102
f 3766/149/3102 4246/536/3505 3765/148/3102
f 3765/148/3102 4239/524/3498 3764/147/3102
f 3764/147/3102 4232/525/3491 3763/146/3102
f 4288/587/3178 4282/586/3177 4281/588/3178
f 4289/590/3177 4283/589/3540 4282/586/3177
f 4290/592/3540 4284/591/3541 4283/589/3540
f 4291/594/3545 4285/593/3542 4284/591/3541
f 4292/596/3546 4286/595/3543 4285/593/3542
f 4293/598/3547 4287/597/3544 4286/595/3543
f 4295/599/3178 4289/590/3177 4288/587/3178
f 4296/600/3177 4290/592/3540 4289/590/3177
f 4297/601/3176 4291/594/3545 4290/592/3540
f 4298/602/3545 4292/596/3546 4291/594/3545
f 4299/603/3546 4293/598/3547 4292/596/3546
f 4300/605/3549 4294/604/3548 4293/598/3547
f 4302/606/3178 4296/600/3177 4295/599/3178
f 4303/607/3177 4297/601/3176 4296/600/3177
f 4304/608/3176 4298/602/3545 4297/601/3176
f 4305/609/3545 4299/603/3546 4298/602/3545
f 4306/610/3551 4300/605/3549 4299/603/3546
f 4307/612/3552 4301/611/3550 4300/605/3549
f 4309/613/3178 4303/607/3177 4302/606/3178
f 4310/614/3177 4304/608/3176 4303/607/3177
f 4311/615/3176 4305/609/3545 4304/608/3176
f 4312/616/3175 4306/610/3551 4305/609/3545
f 4313/617/3554 4307/612/3552 4306/610/3551
f 4314/619/3555 4308/618/3553 4307/612/3552
f 4316/620/3178 4310/614/3177 4309/613/3178
f 4317/621/3177 4311/615/3176 4310/614/3177
f 4318/622/3176 4312/616/3175 4311/615/3176
f 4319/623/3175 4313/617/3554 4312/616/3175
f 4320/624/3554 4314/619/3555 4313/617/3554
f 4321/626/3557 4315/625/3556 4314/619/3555
f 4323/627/3178 4317/621/3177 4316/620/3178
f 4324/628/3177 4318/622/3176 4317/621/3177
f 4325/629/3176 4319/623/3175 4318/622/3176
f 4326/630/3175 4320/624/3554 4319/623/3175
f 4327/631/3174 4321/626/3557 4320/624/3554
f 4328/633/3173 4322/632/3558 4321/626/3557
f 4953/935/4153 4274/564/3533 3769/584/3102
f 4282/586/3177 5285/936/4485 5281/937/4481
f 4283/589/3540 5289/938/4489 5285/936/4485
f 4284/591/3541 5293/939/4493 5289/940/4489
f 4285/593/3542 5297/941/4497 5293/939/4493
f 4286/595/3543 5301/942/4501 5297/941/4497
f 3936/47/3247 5305/943/4505 3937/48/3248
f 4280/570/3539 4979/944/4179 3832/83/3157
f 4294/604/3548 3847/647/3165 4287/597/3544
f 4301/611/3550 3848/648/3166 4294/604/3548
f 4308/618/3553 3849/649/3167 4301/611/3550
f 4315/625/3556 3850/650/3168 4308/618/3553
f 4322/632/3558 3851/651/3169 4315/625/3556
f 4329/653/3559 3852/652/3170 4322/632/3558
f 3854/514/3172 3853/654/3171 4329/653/3559
f 3855/513/3173 4329/653/3559 4328/633/3173
f 3856/512/3174 4328/633/3173 4327/631/3174
f 3857/511/3175 4327/631/3174 4326/630/3175
f 3858/509/3176 4326/630/3175 4325/629/3176
f 3859/510/3177 4325/629/3176 4324/628/3177
f 3860/508/3178 4324/628/3177 4323/627/3178
f 3839/655/3097 3860/508/3178 4323/627/3178
f 3838/656/3097 4323/627/3178 4316/620/3178
f 3837/657/3097 4316/620/3178 4309/613/3178
f 3837/657/3097 4302/606/3178 3836/658/3097
f 3836/658/3097 4295/599/3178 3835/659/3097
f 3835/659/3097 4288/587/3178 3834/660/3097
f 3834/660/3097 4281/588/3178 3833/635/3097
f 4330/661/3560 4338/662/3568 4331/664/3561
f 4331/664/3561 4339/665/3569 4332/666/3562
f 4332/666/3562 4340/667/3570 4333/668/3563
f 4333/668/3563 4341/669/3571 4334/670/3564
f 4334/670/3564 4342/671/3572 4335/672/3565
f 4335/672/3565 4343/673/3573 4336/723/3566
f 4337/663/3567 4345/674/3575 4338/662/3568
f 4338/662/3568 4346/676/3576 4339/665/3569
f 4339/665/3569 4347/677/3577 4340/667/3570
f 4340/667/3570 4348/678/3578 4341/669/3571
f 4341/669/3571 4349/679/3579 4342/671/3572
f 4342/671/3572 4350/680/3580 4343/673/3573
f 4344/675/3574 4352/681/3582 4345/674/3575
f 4345/674/3575 4353/683/3583 4346/676/3576
f 4346/676/3576 4354/684/3584 4347/677/3577
f 4347/677/3577 4355/685/3585 4348/678/3578
f 4348/678/3578 4356/686/3586 4349/679/3579
f 4349/679/3579 4357/687/3587 4350/680/3580
f 4351/682/3581 4359/688/3589 4352/681/3582
f 4352/681/3582 4360/690/3590 4353/683/3583
f 4353/683/3583 4361/691/3591 4354/684/3584
f 4354/684/3584 4362/692/3592 4355/685/3585
f 4355/685/3585 4363/693/3593 4356/686/3586
f 4356/686/3586 4364/694/3594 4357/687/3587
f 4358/689/3588 4366/695/3596 4359/688/3589
f 4359/688/3589 4367/697/3597 4360/690/3590
f 4360/690/3590 4368/698/3598 4361/691/3591
f 4361/691/3591 4369/699/3599 4362/692/3592
f 4362/692/3592 4370/700/3600 4363/693/3593
f 4363/693/3593 4371/701/3601 4364/694/3594
f 4365/696/3595 4373/702/3603 4366/695/3596
f 4366/695/3596 4374/704/3604 4367/697/3597
f 4367/697/3597 4375/705/3605 4368/698/3598
f 4368/698/3598 4376/706/3606 4369/699/3599
f 4369/699/3599 4377/707/3607 4370/700/3600
f 4370/700/3600 4378/708/3608 4371/701/3601
f 4385/751/3615 4937/945/4137 5049/946/4249
f 5253/947/4453 4332/666/3562 5257/948/4457
f 5257/948/4457 4333/668/3563 5261/949/4461
f 5261/950/4461 4334/670/3564 5265/951/4465
f 5265/952/4465 4335/672/3565 5269/953/4469
f 5269/953/4469 4336/723/3566 5273/954/4473
f 4281/588/3178 5281/937/4481 5277/955/4477
f 3847/647/3165 5025/956/4225 4974/957/4174
f 4336/723/3566 3841/724/3159 3840/862/3158
f 4343/673/3573 3842/725/3160 3841/724/3159
f 4350/680/3580 3843/726/3161 3842/725/3160
f 4357/687/3587 3844/727/3162 3843/726/3161
f 4364/694/3594 3845/728/3163 3844/727/3162
f 4371/701/3601 3846/729/3164 3845/728/3163
f 4378/708/3608 3761/221/3100 3846/729/3164
f 4377/707/3607 3861/374/3179 4378/708/3608
f 4376/706/3606 3862/372/3180 4377/707/3607
f 4375/705/3605 3863/371/3181 4376/706/3606
f 4374/704/3604 3864/370/3182 4375/705/3605
f 4373/702/3603 3865/369/3183 4374/704/3604
f 4372/703/3602 3866/368/3184 4373/702/3603
f 4990/958/4190 4085/318/3360 3867/367/3185
f 5005/959/4205 4365/696/3595 4358/689/3588
f 5009/960/4209 4358/689/3588 4351/682/3581
f 5013/961/4213 4351/682/3581 4344/675/3574
f 5017/962/4217 4344/675/3574 4337/663/3567
f 5021/963/4221 4337/663/3567 4330/661/3560
f 4379/742/3609 5029/964/4229 5025/956/4225
f 4386/741/3616 4380/740/3610 4379/742/3609
f 4387/744/3617 4381/743/3611 4380/740/3610
f 4388/746/3618 4382/745/3612 4381/743/3611
f 4389/748/3619 4383/747/3613 4382/745/3612
f 4390/750/3620 4384/749/3614 4383/747/3613
f 4391/752/3621 4385/751/3615 4384/749/3614
f 4393/753/3623 4387/744/3617 4386/741/3616
f 4394/754/3624 4388/746/3618 4387/744/3617
f 4395/755/3625 4389/748/3619 4388/746/3618
f 4396/756/3612 4390/750/3620 4389/748/3619
f 4397/757/3626 4391/752/3621 4390/750/3620
f 4398/759/3627 4392/758/3622 4391/752/3621
f 4400/760/3629 4394/754/3624 4393/753/3623
f 4401/761/3630 4395/755/3625 4394/754/3624
f 4402/762/3631 4396/756/3612 4395/755/3625
f 4403/763/3632 4397/757/3626 4396/756/3612
f 4404/764/3633 4398/759/3627 4397/757/3626
f 4405/766/3634 4399/765/3628 4398/759/3627
f 4407/767/3636 4401/761/3630 4400/760/3629
f 4408/768/3637 4402/762/3631 4401/761/3630
f 4409/769/3638 4403/763/3632 4402/762/3631
f 4410/770/3639 4404/764/3633 4403/763/3632
f 4411/771/3640 4405/766/3634 4404/764/3633
f 4412/773/3641 4406/772/3635 4405/766/3634
f 4414/774/3643 4408/768/3637 4407/767/3636
f 4415/775/3644 4409/769/3638 4408/768/3637
f 4416/776/3645 4410/770/3639 4409/769/3638
f 4417/777/3646 4411/771/3640 4410/770/3639
f 4418/778/3647 4412/773/3641 4411/771/3640
f 4419/780/3648 4413/779/3642 4412/773/3641
f 4421/781/3650 4415/775/3644 4414/774/3643
f 4422/782/3651 4416/776/3645 4415/775/3644
f 4423/783/3652 4417/777/3646 4416/776/3645
f 4424/784/3653 4418/778/3647 4417/777/3646
f 4425/785/3654 4419/780/3648 4418/778/3647
f 4426/787/3655 4420/786/3649 4419/780/3648
f 4287/597/3544 4974/957/4174 5301/942/4501
f 4380/740/3610 5033/965/4233 5029/964/4229
f 4381/743/3611 5037/966/4237 5033/965/4233
f 4382/745/3612 5041/967/4241 5037/966/4237
f 4383/747/3613 5045/968/4245 5041/969/4241
f 4384/749/3614 5049/970/4249 5045/968/4245
f 3895/57/3206 5057/866/4257 5053/901/4253
f 4941/971/4141 4176/432/3448 5165/932/4365
f 4399/765/3628 5365/972/4565 4392/758/3622
f 4406/772/3635 5369/973/4569 4399/765/3628
f 4413/779/3642 5373/974/4573 4406/772/3635
f 4420/786/3649 5377/975/4577 4413/779/3642
f 4427/803/3656 5381/976/4581 4420/786/3649
f 5001/977/4201 4372/703/3602 4365/696/3595
f 3869/300/3187 4427/803/3656 4426/787/3655
f 3870/299/3188 4426/787/3655 4425/785/3654
f 3871/298/3189 4425/785/3654 4424/784/3653
f 3872/297/3190 4424/784/3653 4423/783/3652
f 3873/296/3191 4423/783/3652 4422/782/3651
f 3874/293/3192 4422/782/3651 4421/781/3650
f 3762/295/3101 4421/781/3650 3853/654/3171
f 3853/654/3171 4414/774/3643 3852/652/3170
f 3852/652/3170 4407/767/3636 3851/651/3169
f 3851/651/3169 4400/760/3629 3850/650/3168
f 3850/650/3168 4393/753/3623 3849/649/3167
f 3849/649/3167 4386/741/3616 3848/648/3166
f 3848/648/3166 4379/742/3609 3847/647/3165
f 4428/804/3657 4436/805/3663 4429/807/3658
f 4429/807/3658 4437/808/3664 4430/809/3659
f 4430/809/3659 4438/810/3665 4431/811/3660
f 4431/811/3660 4439/812/3195 4432/813/3661
f 4432/813/3661 4440/814/3194 4433/815/3194
f 4433/815/3194 4441/816/3193 4434/636/3193
f 4435/806/3662 4443/817/3667 4436/805/3663
f 4436/805/3663 4444/819/3664 4437/808/3664
f 4437/808/3664 4445/820/3665 4438/810/3665
f 4438/810/3665 4446/821/3195 4439/812/3195
f 4439/812/3195 4447/822/3194 4440/814/3194
f 4440/814/3194 4448/823/3193 4441/816/3193
f 4442/818/3666 4450/824/3669 4443/817/3667
f 4443/817/3667 4451/826/3670 4444/819/3664
f 4444/819/3664 4452/827/3665 4445/820/3665
f 4445/820/3665 4453/828/3195 4446/821/3195
f 4446/821/3195 4454/829/3194 4447/822/3194
f 4447/822/3194 4455/830/3193 4448/823/3193
f 4449/825/3668 4457/831/3672 4450/824/3669
f 4450/824/3669 4458/833/3673 4451/826/3670
f 4451/826/3670 4459/834/3311 4452/827/3665
f 4452/827/3665 4460/835/3195 4453/828/3195
f 4453/828/3195 4461/836/3194 4454/829/3194
f 4454/829/3194 4462/837/3193 4455/830/3193
f 4456/832/3671 4464/838/3675 4457/831/3672
f 4457/831/3672 4465/840/3673 4458/833/3673
f 4458/833/3673 4466/841/3311 4459/834/3311
f 4459/834/3311 4467/842/3195 4460/835/3195
f 4460/835/3195 4468/843/3194 4461/836/3194
f 4461/836/3194 4469/844/3193 4462/837/3193
f 4463/839/3674 4471/845/3677 4464/838/3675
f 4464/838/3675 4472/847/3197 4465/840/3673
f 4465/840/3673 4473/848/3311 4466/841/3311
f 4466/841/3311 4474/849/3195 4467/842/3195
f 4467/842/3195 4475/850/3194 4468/843/3194
f 4468/843/3194 4476/851/3193 4469/844/3193
f 5273/954/4473 3840/862/3158 4970/889/4170
f 5113/915/4313 4430/809/3659 5117/978/4317
f 5117/978/4317 4431/811/3660 5121/979/4321
f 5121/980/4321 4432/813/3661 5125/981/4325
f 5125/981/4325 4433/815/3194 5129/982/4329
f 5129/982/4329 4434/636/3193 5133/872/4333
f 4279/569/3538 5137/983/4337 4280/570/3539
f 3833/635/3097 5277/955/4477 4949/984/4149
f 4434/636/3193 3834/660/3097 3833/635/3097
f 4441/816/3193 3835/659/3097 3834/660/3097
f 4448/823/3193 3836/658/3097 3835/659/3097
f 4455/830/3193 3837/657/3097 3836/658/3097
f 4462/837/3193 3838/656/3097 3837/657/3097
f 4469/844/3193 3839/655/3097 3838/656/3097
f 4476/851/3193 3760/507/3097 3839/655/3097
f 4475/850/3194 3875/230/3193 4476/851/3193
f 4474/849/3195 3876/228/3194 4475/850/3194
f 4473/848/3311 3877/227/3195 4474/849/3195
f 4472/847/3197 3878/226/3196 4473/848/3311
f 4471/845/3677 3879/225/3197 4472/847/3197
f 4470/846/3676 3880/224/3198 4471/845/3677
f 3846/729/3164 3881/223/3199 4470/846/3676
f 3845/728/3163 4470/846/3676 4463/839/3674
f 3844/727/3162 4463/839/3674 4456/832/3671
f 3843/726/3161 4456/832/3671 4449/825/3668
f 3842/725/3160 4449/825/3668 4442/818/3666
f 3841/724/3159 4442/818/3666 4435/806/3662
f 3840/862/3158 4435/806/3662 4428/804/3657
f 4542/985/3743 3147/367/2607 4533/986/3734
f 4546/987/3747 3652/703/3021 4542/988/3743
f 4550/989/3751 3645/696/3014 4546/990/3747
f 4554/960/3755 3638/689/3007 4550/991/3751
f 4558/992/3759 3631/682/3000 4554/993/3755
f 4562/994/3763 3624/675/2993 4558/995/3759
f 4566/996/3767 3617/663/2986 4562/997/3763
f 4478/998/3679 3610/661/2979 4566/996/3767
f 4570/999/3771 3127/647/2587 4517/1000/3718
f 4574/1001/3775 3659/742/3028 4570/999/3771
f 4578/1002/3779 3660/740/3029 4574/1001/3775
f 4582/1003/3783 3661/743/3030 4578/1002/3779
f 4586/1004/3787 3662/745/3031 4582/1005/3783
f 4590/1006/3791 3663/747/3032 4586/1004/3787
f 4594/1007/3795 3664/749/3033 4590/1008/3791
f 4482/1009/3683 3665/751/3034 4594/1010/3795
f 3092/311/2559 4598/1011/3799 3175/57/2628
f 3175/57/2628 4602/866/3803 3182/13/2635
f 3182/13/2635 4606/1012/3807 3189/20/2642
f 3189/20/2642 4610/867/3811 3196/27/2649
f 3196/27/2649 4614/1013/3815 3203/34/2656
f 3203/34/2656 4618/1014/3819 3210/41/2663
f 3210/41/2663 4622/1015/3823 3217/48/2670
f 3217/48/2670 4490/1016/3691 4850/943/4051
f 3091/168/2558 4626/1017/3827 3462/441/2872
f 3462/441/2872 4630/871/3831 3461/438/2871
f 3461/438/2871 4634/910/3835 3460/436/2870
f 3460/436/2870 4638/911/3839 3459/435/2869
f 3459/435/2869 4642/1018/3843 3458/434/2868
f 3458/434/2868 4646/1019/3847 3457/433/2867
f 3457/433/2867 4650/914/3851 3456/432/2866
f 3456/432/2866 4486/1020/3687 4710/1021/3911
f 4513/1022/3714 3708/804/3076 3120/862/2580
f 4654/1023/3855 3709/807/3077 3708/804/3076
f 4658/1024/3859 3710/809/3078 3709/807/3077
f 4662/1025/3863 3711/811/3079 3710/809/3078
f 4666/1026/3867 3712/813/3080 3711/811/3079
f 4670/1027/3871 3713/815/2616 3712/813/3080
f 4674/1028/3875 3714/636/2615 3713/815/2616
f 4822/1029/4023 3113/635/2520 4494/1030/3695
f 3560/570/2957 4522/944/3723 4682/1031/3883
f 3559/569/2956 4682/1031/3883 4686/1032/3887
f 3558/568/2955 4686/1032/3887 4690/1033/3891
f 3557/567/2954 4690/1033/3891 4694/1034/3895
f 3556/565/2953 4694/1034/3895 4698/1035/3899
f 3555/566/2952 4698/1035/3899 4702/1036/3903
f 3555/566/2952 4706/1037/3907 3554/564/2951
f 3554/564/2951 4498/1038/3699 3049/584/2525
f 4489/69/3690 5078/65/4278 4946/69/4146
f 3449/425/2859 4710/1039/3911 4714/1040/3915
f 3442/418/2852 4714/1041/3915 4718/1042/3919
f 3435/411/2845 4718/1043/3919 4722/1044/3923
f 3428/404/2838 4722/1044/3923 4726/1045/3927
f 3421/392/2831 4726/1046/3927 4730/1047/3931
f 3414/393/2532 4730/1048/3931 4734/1049/3935
f 3063/382/2532 4734/1050/3935 4502/1051/3703
f 4537/1052/3738 3322/256/2739 3148/301/2608
f 4738/1053/3939 3329/263/2746 3322/256/2739
f 4742/1054/3943 3336/891/2753 3329/263/2746
f 3336/891/2753 4750/1055/3951 3343/271/2759
f 3343/271/2759 4754/1056/3955 3350/278/2766
f 3350/278/2766 4758/897/3959 3357/285/2772
f 3357/285/2772 4762/1057/3963 3364/292/2779
f 3364/292/2779 4505/863/3706 3092/311/2559
f 4733/458/3934 4958/383/4158 4501/383/3702
f 3266/152/2718 4770/1058/3971 3265/135/2717
f 3265/135/2717 4774/1059/3975 3264/133/2716
f 3264/133/2716 4778/1060/3979 3263/132/2715
f 3263/132/2715 4782/1061/3983 3262/131/2714
f 3262/131/2714 4786/1062/3987 3261/130/2713
f 3261/130/2713 4790/887/3991 3260/129/2712
f 3260/129/2712 4509/1063/3710 3091/168/2558
f 4593/793/3794 4938/795/4138 4481/795/3682
f 4794/1064/3995 3611/664/2980 3610/661/2979
f 4798/1065/3999 3612/666/2981 3611/664/2980
f 4802/1066/4003 3613/668/2982 3612/666/2981
f 4806/1067/4007 3614/670/2983 3613/668/2982
f 4810/1068/4011 3615/672/2984 3614/670/2983
f 4814/1069/4015 3616/723/2985 3615/672/2984
f 4818/1070/4019 3120/862/2580 3616/723/2985
f 4497/153/3698 5162/582/4362 4954/153/4154
f 4826/1071/4027 3561/588/2600 4822/1029/4023
f 4830/1072/4031 3562/586/2599 4826/1071/4027
f 4834/1073/4035 3563/589/2958 4830/1074/4031
f 4838/1075/4039 3564/591/2959 4834/1076/4035
f 4842/1077/4043 3565/593/2960 4838/1075/4039
f 4846/1078/4047 3566/595/2961 4842/1077/4043
f 4517/1000/3718 3567/597/2962 4846/1078/4047
f 4493/861/3694 5134/859/4334 4950/861/4150
f 3216/47/2669 4850/943/4051 4854/1079/4055
f 3215/46/2668 4854/1079/4055 4858/875/4059
f 3214/45/2667 4858/875/4059 4862/876/4063
f 3213/44/2666 4862/876/4063 4866/1080/4067
f 3212/42/2665 4866/1080/4067 4870/878/4071
f 3211/43/2664 4870/878/4071 4874/926/4075
f 3112/83/2579 4874/926/4075 4522/944/3723
f 4597/794/3798 4961/58/4161 5054/794/4254
f 3400/351/2815 4878/1081/4079 4882/1082/4079
f 3393/345/2808 4882/1083/4079 4886/1084/4086
f 3386/339/2801 4886/1084/4086 4890/1085/4090
f 4894/1086/4094 3386/339/2801 4890/1087/4090
f 4898/1088/4098 3379/332/2794 4894/1089/4094
f 4902/1090/4102 3372/320/2787 4898/1091/4098
f 4533/986/3734 3365/318/2780 4902/1090/4102
f 4649/448/3850 4942/452/4142 4485/452/3686
f 4906/1092/4106 3672/758/3040 3665/751/3034
f 4910/1093/4110 3679/765/3047 3672/758/3040
f 4914/1094/4114 3686/772/3054 3679/765/3047
f 4918/1095/4118 3693/779/3061 3686/772/3054
f 4922/1096/4122 3700/786/3068 3693/779/3061
f 4926/1097/4126 3707/803/3075 3700/786/3068
f 4930/892/4130 3148/301/2608 3707/803/3075
f 4524/1098/3725 4525/1099/3726 4521/644/3722
f 4524/1098/3725 4529/1100/3730 4526/1101/3727
f 4527/1102/3728 4528/1103/3729 4522/944/3723
f 4531/1104/3732 4529/1100/3730 4527/1102/3728
f 4523/572/3724 4532/1105/3733 4531/1104/3732
f 4530/1106/3731 4526/1101/3727 4532/1105/3733
f 4526/1101/3727 4529/1100/3730 4532/1105/3733
f 4980/1107/4180 4981/1108/4181 4977/1109/4177
f 4984/1110/4184 4982/1111/4182 4980/1107/4180
f 4978/573/4178 4985/1112/4185 4984/1110/4184
f 4983/1113/4183 4988/1114/4188 4985/1112/4185
f 4986/1115/4186 4987/1116/4187 4979/944/4179
f 4981/1108/4181 4988/1114/4188 4986/1115/4186
f 4982/1111/4182 4985/1112/4185 4988/1114/4188
f 4534/81/3735 4543/1117/3744 4536/1118/3737
f 4543/1117/3744 4535/1119/3736 4536/1118/3737
f 4544/1120/3745 4533/986/3734 4535/1119/3736
f 4545/731/3746 4543/1117/3744 4541/80/3742
f 4547/1121/3748 4544/1120/3745 4543/1117/3744
f 4548/1122/3749 4542/988/3743 4544/1120/3745
f 4549/730/3750 4547/1121/3748 4545/731/3746
f 4551/1123/3752 4548/1122/3749 4547/1121/3748
f 4552/1124/3753 4546/990/3747 4548/1122/3749
f 4553/733/3754 4551/1123/3752 4549/730/3750
f 4555/1125/3756 4552/1124/3753 4551/1123/3752
f 4556/1126/3757 4550/991/3751 4552/1124/3753
f 4557/734/3758 4555/1125/3756 4553/733/3754
f 4559/1127/3760 4556/1126/3757 4555/1125/3756
f 4560/1128/3761 4554/993/3755 4556/1126/3757
f 4561/736/3762 4559/1127/3760 4557/734/3758
f 4563/1129/3764 4560/1128/3761 4559/1127/3760
f 4564/1130/3765 4558/995/3759 4560/1128/3761
f 4565/737/3766 4563/1129/3764 4561/736/3762
f 4567/1131/3768 4564/1130/3765 4563/1129/3764
f 4568/1132/3769 4562/997/3763 4564/1130/3765
f 4477/710/3678 4567/1131/3768 4565/737/3766
f 4479/1133/3680 4568/1132/3769 4567/1131/3768
f 4480/1134/3681 4566/996/3767 4568/1132/3769
f 4569/722/3770 4520/1135/3721 4518/720/3719
f 4571/1136/3772 4519/1137/3720 4520/1135/3721
f 4572/1138/3773 4517/1000/3718 4519/1137/3720
f 4573/739/3774 4571/1136/3772 4569/722/3770
f 4575/1139/3776 4572/1138/3773 4571/1136/3772
f 4576/1140/3777 4570/999/3771 4572/1138/3773
f 4577/788/3778 4575/1139/3776 4573/739/3774
f 4579/1141/3780 4576/1140/3777 4575/1139/3776
f 4580/1142/3781 4574/1001/3775 4576/1140/3777
f 4581/790/3782 4579/1141/3780 4577/788/3778
f 4583/1143/3784 4580/1142/3781 4579/1141/3780
f 4584/1144/3785 4578/1002/3779 4580/1142/3781
f 4585/791/3786 4583/1143/3784 4581/790/3782
f 4587/1145/3788 4584/1144/3785 4583/1143/3784
f 4588/1146/3789 4582/1005/3783 4584/1144/3785
f 4589/792/3790 4587/1145/3788 4585/791/3786
f 4591/1147/3792 4588/1146/3789 4587/1145/3788
f 4592/1148/3793 4586/1004/3787 4588/1146/3789
f 4593/793/3794 4591/1147/3792 4589/792/3790
f 4595/1149/3796 4592/1148/3793 4591/1147/3792
f 4596/1150/3797 4590/1008/3791 4592/1148/3793
f 4481/795/3682 4595/1149/3796 4593/793/3794
f 4483/1151/3684 4596/1150/3797 4595/1149/3796
f 4484/1152/3685 4594/1010/3795 4596/1150/3797
f 4506/58/3707 4599/1153/3800 4508/1154/3709
f 4508/1154/3709 4600/1155/3801 4507/1156/3708
f 4600/1155/3801 4505/863/3706 4507/1156/3708
f 4597/794/3798 4603/1157/3804 4599/1153/3800
f 4599/1153/3800 4604/1158/3805 4600/1155/3801
f 4604/1158/3805 4598/1011/3799 4600/1155/3801
f 4601/61/3802 4607/1159/3808 4603/1157/3804
f 4607/1159/3808 4604/1158/3805 4603/1157/3804
f 4608/1160/3809 4602/866/3803 4604/1158/3805
f 4605/60/3806 4611/1161/3812 4607/1159/3808
f 4611/1161/3812 4608/1160/3809 4607/1159/3808
f 4612/1162/3813 4606/1012/3807 4608/1160/3809
f 4613/63/3814 4611/1161/3812 4609/62/3810
f 4615/1163/3816 4612/1162/3813 4611/1161/3812
f 4616/1164/3817 4610/867/3811 4612/1162/3813
f 4617/64/3818 4615/1163/3816 4613/63/3814
f 4619/1165/3820 4616/1164/3817 4615/1163/3816
f 4620/1166/3821 4614/1013/3815 4616/1164/3817
f 4621/65/3822 4619/1165/3820 4617/64/3818
f 4623/1167/3824 4620/1166/3821 4619/1165/3820
f 4624/1168/3825 4618/1014/3819 4620/1166/3821
f 4489/69/3690 4623/1167/3824 4621/65/3822
f 4491/1169/3692 4624/1168/3825 4623/1167/3824
f 4492/1170/3693 4622/1015/3823 4624/1168/3825
f 4625/66/3826 4512/1171/3713 4510/310/3711
f 4627/1172/3828 4511/1173/3712 4512/1171/3713
f 4628/1174/3829 4509/1063/3710 4511/1173/3712
f 4629/67/3830 4627/1172/3828 4625/66/3826
f 4631/1175/3832 4628/1174/3829 4627/1172/3828
f 4632/1176/3833 4626/1017/3827 4628/1174/3829
f 4633/444/3834 4631/1175/3832 4629/67/3830
f 4635/1177/3836 4632/1176/3833 4631/1175/3832
f 4636/1178/3837 4630/871/3831 4632/1176/3833
f 4637/445/3838 4635/1177/3836 4633/444/3834
f 4639/1179/3840 4636/1178/3837 4635/1177/3836
f 4640/1180/3841 4634/910/3835 4636/1178/3837
f 4641/446/3842 4639/1179/3840 4637/445/3838
f 4643/1181/3844 4640/1180/3841 4639/1179/3840
f 4644/1182/3845 4638/911/3839 4640/1180/3841
f 4645/447/3846 4643/1181/3844 4641/446/3842
f 4647/1183/3848 4644/1182/3845 4643/1181/3844
f 4648/1184/3849 4642/1018/3843 4644/1182/3845
f 4649/448/3850 4647/1183/3848 4645/447/3846
f 4651/1185/3852 4648/1184/3849 4647/1183/3848
f 4652/1186/3853 4646/1019/3847 4648/1184/3849
f 4485/452/3686 4651/1185/3852 4649/448/3850
f 4487/1187/3688 4652/1186/3853 4651/1185/3852
f 4488/1188/3689 4650/914/3851 4652/1186/3853
f 4514/852/3715 4655/1189/3856 4516/1190/3717
f 4516/1190/3717 4656/1191/3857 4515/1192/3716
f 4515/1192/3716 4654/1023/3855 4513/1022/3714
f 4653/166/3854 4659/1193/3860 4655/1189/3856
f 4655/1189/3856 4660/1194/3861 4656/1191/3857
f 4656/1191/3857 4658/1024/3859 4654/1023/3855
f 4657/449/3858 4663/1195/3864 4659/1193/3860
f 4659/1193/3860 4664/1196/3865 4660/1194/3861
f 4660/1194/3861 4662/1025/3863 4658/1024/3859
f 4661/853/3862 4667/1197/3868 4663/1195/3864
f 4663/1195/3864 4668/1198/3869 4664/1196/3865
f 4664/1196/3865 4666/1026/3867 4662/1025/3863
f 4665/854/3866 4671/1199/3872 4667/1197/3868
f 4667/1197/3868 4672/1200/3873 4668/1198/3869
f 4668/1198/3869 4670/1027/3871 4666/1026/3867
f 4669/856/3870 4675/1201/3876 4671/1199/3872
f 4671/1199/3872 4676/1202/3877 4672/1200/3873
f 4672/1200/3873 4674/1203/3875 4670/1027/3871
f 4673/857/3874 4679/1204/3880 4675/1201/3876
f 4675/1201/3876 4680/1205/3881 4676/1202/3877
f 4676/1202/3877 4678/634/3879 4674/1028/3875
f 4677/858/3878 4495/1206/3696 4679/1204/3880
f 4679/1204/3880 4496/1207/3697 4680/1205/3881
f 4680/1205/3881 4494/1030/3695 4678/634/3879
f 4521/644/3722 4683/1208/3884 4524/1098/3725
f 4524/1098/3725 4684/1209/3885 4528/1210/3729
f 4528/1210/3729 4682/1031/3883 4522/944/3723
f 4685/574/3886 4683/1208/3884 4681/646/3882
f 4683/1208/3884 4688/1211/3889 4684/1209/3885
f 4684/1209/3885 4686/1032/3887 4682/1031/3883
f 4685/574/3886 4691/1212/3892 4687/1213/3888
f 4687/1213/3888 4692/1214/3893 4688/1211/3889
f 4688/1211/3889 4690/1033/3891 4686/1032/3887
f 4689/576/3890 4695/1215/3896 4691/1212/3892
f 4691/1212/3892 4696/1216/3897 4692/1214/3893
f 4692/1214/3893 4694/1034/3895 4690/1033/3891
f 4693/577/3894 4699/1217/3900 4695/1215/3896
f 4695/1215/3896 4700/1218/3901 4696/1216/3897
f 4696/1216/3897 4698/1035/3899 4694/1034/3895
f 4701/581/3902 4699/1217/3900 4697/579/3898
f 4699/1217/3900 4704/1219/3905 4700/1218/3901
f 4700/1218/3901 4702/1036/3903 4698/1035/3899
f 4705/583/3906 4703/1220/3904 4701/581/3902
f 4707/1221/3908 4704/1219/3905 4703/1220/3904
f 4708/1222/3909 4702/1036/3903 4704/1219/3905
f 4497/153/3698 4707/1221/3908 4705/583/3906
f 4499/1223/3700 4708/1222/3909 4707/1221/3908
f 4500/1224/3701 4706/1037/3907 4708/1222/3909
f 4485/452/3686 4711/1225/3912 4487/1187/3688
f 4487/1187/3688 4712/1226/3913 4488/1188/3689
f 4488/1188/3689 4710/1021/3911 4486/1020/3687
f 4709/451/3910 4715/1227/3916 4711/1225/3912
f 4711/1225/3912 4716/1228/3917 4712/1226/3913
f 4712/1226/3913 4714/1040/3915 4710/1039/3911
f 4713/454/3914 4719/1229/3920 4715/1227/3916
f 4715/1227/3916 4720/1230/3921 4716/1228/3917
f 4716/1228/3917 4718/1042/3919 4714/1041/3915
f 4717/453/3918 4723/1231/3924 4719/1229/3920
f 4719/1229/3920 4724/1232/3925 4720/1230/3921
f 4720/1230/3921 4722/1044/3923 4718/1043/3919
f 4725/456/3926 4723/1231/3924 4721/455/3922
f 4723/1231/3924 4728/1233/3929 4724/1232/3925
f 4724/1232/3925 4726/1045/3927 4722/1044/3923
f 4729/457/3930 4727/1234/3928 4725/456/3926
f 4727/1234/3928 4732/1235/3933 4728/1233/3929
f 4728/1233/3929 4730/1047/3931 4726/1046/3927
f 4733/458/3934 4731/1236/3932 4729/457/3930
f 4731/1236/3932 4736/1237/3937 4732/1235/3933
f 4732/1235/3933 4734/1049/3935 4730/1048/3931
f 4501/383/3702 4735/1238/3936 4733/458/3934
f 4503/1239/3704 4736/1237/3937 4735/1238/3936
f 4736/1237/3937 4502/1051/3703 4734/1050/3935
f 4538/304/3739 4739/1240/3940 4540/1241/3741
f 4540/1241/3741 4740/1242/3941 4539/1243/3740
f 4539/1243/3740 4738/1053/3939 4537/1052/3738
f 4737/365/3938 4743/1244/3944 4739/1240/3940
f 4739/1240/3940 4744/1245/3945 4740/1242/3941
f 4740/1242/3941 4742/1054/3943 4738/1053/3939
f 4741/306/3942 4747/1246/3948 4743/1244/3944
f 4743/1244/3944 4748/1247/3949 4744/1245/3945
f 4744/1245/3945 4746/894/3947 4742/1054/3943
f 4745/305/3946 4751/1248/3952 4747/1246/3948
f 4747/1246/3948 4752/1249/3953 4748/1247/3949
f 4748/1247/3949 4750/1055/3951 4746/894/3947
f 4749/307/3950 4755/1250/3956 4751/1248/3952
f 4751/1248/3952 4756/1251/3957 4752/1249/3953
f 4752/1249/3953 4754/1056/3955 4750/1055/3951
f 4753/308/3954 4759/1252/3960 4755/1250/3956
f 4755/1250/3956 4760/1253/3961 4756/1251/3957
f 4756/1251/3957 4758/897/3959 4754/1056/3955
f 4757/309/3958 4763/1254/3964 4759/1252/3960
f 4759/1252/3960 4764/1255/3965 4760/1253/3961
f 4760/1253/3961 4762/1057/3963 4758/897/3959
f 4761/59/3962 4508/1154/3709 4763/1254/3964
f 4763/1254/3964 4507/1156/3708 4764/1255/3965
f 4507/1156/3708 4762/1057/3963 4764/1255/3965
f 4765/155/3966 4499/1223/3700 4497/153/3698
f 4767/1256/3968 4500/1224/3701 4499/1223/3700
f 4768/1257/3969 4498/1038/3699 4500/1224/3701
f 4769/157/3970 4767/1256/3968 4765/155/3966
f 4771/1258/3972 4768/1257/3969 4767/1256/3968
f 4772/1259/3973 4766/585/3967 4768/1257/3969
f 4773/156/3974 4771/1258/3972 4769/157/3970
f 4775/1260/3976 4772/1259/3973 4771/1258/3972
f 4776/1261/3977 4770/1058/3971 4772/1259/3973
f 4777/158/3978 4775/1260/3976 4773/156/3974
f 4779/1262/3980 4776/1261/3977 4775/1260/3976
f 4780/1263/3981 4774/1059/3975 4776/1261/3977
f 4781/159/3982 4779/1262/3980 4777/158/3978
f 4783/1264/3984 4780/1263/3981 4779/1262/3980
f 4784/1265/3985 4778/1060/3979 4780/1263/3981
f 4785/161/3986 4783/1264/3984 4781/159/3982
f 4787/1266/3988 4784/1265/3985 4783/1264/3984
f 4788/1267/3989 4782/1061/3983 4784/1265/3985
f 4789/162/3990 4787/1266/3988 4785/161/3986
f 4791/1268/3992 4788/1267/3989 4787/1266/3988
f 4792/1269/3993 4786/1062/3987 4788/1267/3989
f 4510/310/3711 4791/1268/3992 4789/162/3990
f 4512/1171/3713 4792/1269/3993 4791/1268/3992
f 4511/1173/3712 4790/887/3991 4792/1269/3993
f 4477/710/3678 4795/1270/3996 4479/1133/3680
f 4479/1133/3680 4796/1271/3997 4480/1134/3681
f 4480/1134/3681 4794/1272/3995 4478/998/3679
f 4793/709/3994 4799/1273/4000 4795/1270/3996
f 4795/1270/3996 4800/1274/4001 4796/1271/3997
f 4796/1271/3997 4798/1065/3999 4794/1064/3995
f 4797/164/3998 4803/1275/4004 4799/1273/4000
f 4799/1273/4000 4804/1276/4005 4800/1274/4001
f 4800/1274/4001 4802/1066/4003 4798/1065/3999
f 4801/711/4002 4807/1277/4008 4803/1275/4004
f 4803/1275/4004 4808/1278/4009 4804/1276/4005
f 4804/1276/4005 4806/1067/4007 4802/1066/4003
f 4805/712/4006 4811/1279/4012 4807/1277/4008
f 4807/1277/4008 4812/1280/4013 4808/1278/4009
f 4808/1278/4009 4810/1068/4011 4806/1067/4007
f 4809/714/4010 4815/1281/4016 4811/1279/4012
f 4811/1279/4012 4816/1282/4017 4812/1280/4013
f 4812/1280/4013 4814/1069/4015 4810/1068/4011
f 4813/715/4014 4819/1283/4020 4815/1281/4016
f 4815/1281/4016 4820/1284/4021 4816/1282/4017
f 4816/1282/4017 4818/1070/4019 4814/1069/4015
f 4817/716/4018 4516/1190/3717 4819/1283/4020
f 4819/1283/4020 4515/1192/3716 4820/1284/4021
f 4820/1284/4021 4513/1022/3714 4818/1070/4019
f 4821/718/4022 4495/1206/3696 4493/861/3694
f 4823/1285/4024 4496/1207/3697 4495/1206/3696
f 4824/1286/4025 4494/1030/3695 4496/1207/3697
f 4825/637/4026 4823/1285/4024 4821/718/4022
f 4827/1287/4028 4824/1286/4025 4823/1285/4024
f 4828/1288/4029 4822/1029/4023 4824/1286/4025
f 4829/638/4030 4827/1287/4028 4825/637/4026
f 4831/1289/4032 4828/1288/4029 4827/1287/4028
f 4832/1290/4033 4826/1071/4027 4828/1288/4029
f 4833/639/4034 4831/1289/4032 4829/638/4030
f 4835/1291/4036 4832/1290/4033 4831/1289/4032
f 4836/1292/4037 4830/1074/4031 4832/1290/4033
f 4837/640/4038 4835/1291/4036 4833/639/4034
f 4839/1293/4040 4836/1292/4037 4835/1291/4036
f 4840/1294/4041 4834/1076/4035 4836/1292/4037
f 4841/641/4042 4839/1293/4040 4837/640/4038
f 4843/1295/4044 4840/1294/4041 4839/1293/4040
f 4844/1296/4045 4838/1075/4039 4840/1294/4041
f 4845/642/4046 4843/1295/4044 4841/641/4042
f 4847/1297/4048 4844/1296/4045 4843/1295/4044
f 4848/1298/4049 4842/1077/4043 4844/1296/4045
f 4518/720/3719 4847/1297/4048 4845/642/4046
f 4520/1135/3721 4848/1298/4049 4847/1297/4048
f 4519/1137/3720 4846/1078/4047 4848/1298/4049
f 4489/69/3690 4851/1299/4052 4491/1169/3692
f 4491/1169/3692 4852/1300/4053 4492/1170/3693
f 4492/1170/3693 4850/943/4051 4490/1016/3691
f 4849/68/4050 4855/1301/4056 4851/1299/4052
f 4851/1299/4052 4856/1302/4057 4852/1300/4053
f 4852/1300/4053 4854/1079/4055 4850/943/4051
f 4853/643/4054 4859/1303/4060 4855/1301/4056
f 4855/1301/4056 4860/1304/4061 4856/1302/4057
f 4856/1302/4057 4858/875/4059 4854/1079/4055
f 4857/70/4058 4863/1305/4064 4859/1303/4060
f 4859/1303/4060 4864/1306/4065 4860/1304/4061
f 4860/1304/4061 4862/876/4063 4858/875/4059
f 4861/72/4062 4867/1307/4068 4863/1305/4064
f 4863/1305/4064 4868/1308/4069 4864/1306/4065
f 4864/1306/4065 4866/1080/4067 4862/876/4063
f 4865/73/4066 4871/1309/4072 4867/1307/4068
f 4867/1307/4068 4872/1310/4073 4868/1308/4069
f 4868/1308/4069 4870/878/4071 4866/1080/4067
f 4869/75/4070 4875/1311/4076 4871/1309/4072
f 4871/1309/4072 4876/1312/4077 4872/1310/4073
f 4872/1310/4073 4874/926/4075 4870/878/4071
f 4873/76/4074 4531/1104/3732 4875/1311/4076
f 4875/1311/4076 4527/1102/3728 4876/1312/4077
f 4876/1312/4077 4522/944/3723 4874/926/4075
f 4877/78/4078 4503/1239/3704 4501/383/3702
f 4879/1313/4080 4504/1314/3705 4503/1239/3704
f 4504/1314/3705 4878/440/4079 4502/439/3703
f 4881/79/4082 4879/1313/4080 4877/78/4078
f 4883/1315/4083 4880/1316/4081 4879/1313/4080
f 4880/1316/4081 4882/1082/4079 4878/1081/4079
f 4885/384/4085 4883/1315/4083 4881/79/4082
f 4887/1317/4087 4884/1318/4084 4883/1315/4083
f 4884/1318/4084 4886/1084/4086 4882/1083/4079
f 4889/385/4089 4887/1317/4087 4885/384/4085
f 4891/1319/4091 4888/1320/4088 4887/1317/4087
f 4888/1320/4088 4890/1085/4090 4886/1084/4086
f 4893/386/4093 4891/1319/4091 4889/385/4089
f 4895/1321/4095 4892/1322/4092 4891/1319/4091
f 4896/1323/4096 4890/1087/4090 4892/1322/4092
f 4897/387/4097 4895/1321/4095 4893/386/4093
f 4899/1324/4099 4896/1323/4096 4895/1321/4095
f 4900/1325/4100 4894/1089/4094 4896/1323/4096
f 4901/388/4101 4899/1324/4099 4897/387/4097
f 4903/1326/4103 4900/1325/4100 4899/1324/4099
f 4904/1327/4104 4898/1091/4098 4900/1325/4100
f 4534/81/3735 4903/1326/4103 4901/388/4101
f 4536/1118/3737 4904/1327/4104 4903/1326/4103
f 4535/1119/3736 4902/1090/4102 4904/1327/4104
f 4905/389/4105 4483/1151/3684 4481/795/3682
f 4483/1151/3684 4908/1328/4108 4484/1152/3685
f 4484/1152/3685 4906/1092/4106 4482/1009/3683
f 4905/389/4105 4911/1329/4111 4907/1330/4107
f 4907/1330/4107 4912/1331/4112 4908/1328/4108
f 4908/1328/4108 4910/1093/4110 4906/1092/4106
f 4909/390/4109 4915/1332/4115 4911/1329/4111
f 4911/1329/4111 4916/1333/4116 4912/1331/4112
f 4912/1331/4112 4914/1094/4114 4910/1093/4110
f 4913/796/4113 4919/1334/4119 4915/1332/4115
f 4915/1332/4115 4920/1335/4120 4916/1333/4116
f 4916/1333/4116 4918/1095/4118 4914/1094/4114
f 4917/798/4117 4923/1336/4123 4919/1334/4119
f 4919/1334/4119 4924/1337/4124 4920/1335/4120
f 4920/1335/4120 4922/1096/4122 4918/1095/4118
f 4921/799/4121 4927/1338/4127 4923/1336/4123
f 4923/1336/4123 4928/1339/4128 4924/1337/4124
f 4924/1337/4124 4926/1097/4126 4922/1096/4122
f 4925/800/4125 4931/1340/4131 4927/1338/4127
f 4927/1338/4127 4932/1341/4132 4928/1339/4128
f 4928/1339/4128 4930/892/4130 4926/1097/4126
f 4929/302/4129 4540/1241/3741 4931/1340/4131
f 4931/1340/4131 4539/1243/3740 4932/1341/4132
f 4932/1341/4132 4537/1052/3738 4930/892/4130
f 4990/1342/4190 4999/1343/4199 4992/1344/4192
f 4992/1344/4192 5000/1345/4200 4991/1346/4191
f 4991/1346/4191 4998/80/4198 4989/81/4189
f 4997/1347/4197 5003/1348/4203 4999/1343/4199
f 4999/1343/4199 5004/1349/4204 5000/1345/4200
f 5000/1345/4200 5002/731/4202 4998/80/4198
f 5001/1350/4201 5007/1351/4207 5003/1348/4203
f 5003/1348/4203 5008/1352/4208 5004/1349/4204
f 5004/1349/4204 5006/732/4206 5002/731/4202
f 5005/989/4205 5011/1353/4211 5007/1351/4207
f 5007/1351/4207 5012/1354/4212 5008/1352/4208
f 5008/1352/4208 5010/733/4210 5006/732/4206
f 5009/1355/4209 5015/1356/4215 5011/1353/4211
f 5011/1353/4211 5016/1357/4216 5012/1354/4212
f 5012/1354/4212 5014/735/4214 5010/733/4210
f 5013/1358/4213 5019/1359/4219 5015/1356/4215
f 5015/1356/4215 5020/1360/4220 5016/1357/4216
f 5016/1357/4216 5018/736/4218 5014/735/4214
f 5017/1361/4217 5023/1362/4223 5019/1359/4219
f 5019/1359/4219 5024/1363/4224 5020/1360/4220
f 5020/1360/4220 5022/737/4222 5018/736/4218
f 5021/1364/4221 4935/1365/4135 5023/1362/4223
f 5023/1362/4223 4936/1366/4136 5024/1363/4224
f 5024/1363/4224 4934/710/4134 5022/737/4222
f 4974/957/4174 5027/1367/4227 4976/1368/4176
f 4976/1368/4176 5028/1369/4228 4975/1370/4175
f 4975/1370/4175 5026/721/4226 4973/720/4173
f 5025/956/4225 5031/1371/4231 5027/1367/4227
f 5027/1367/4227 5032/1372/4232 5028/1369/4228
f 5028/1369/4228 5030/738/4230 5026/721/4226
f 5029/964/4229 5035/1373/4235 5031/1371/4231
f 5031/1371/4231 5036/1374/4236 5032/1372/4232
f 5032/1372/4232 5034/788/4234 5030/738/4230
f 5033/965/4233 5039/1375/4239 5035/1373/4235
f 5035/1373/4235 5040/1376/4240 5036/1374/4236
f 5036/1374/4236 5038/789/4238 5034/788/4234
f 5037/966/4237 5043/1377/4243 5039/1375/4239
f 5039/1375/4239 5044/1378/4244 5040/1376/4240
f 5040/1376/4240 5042/791/4242 5038/789/4238
f 5041/969/4241 5047/1379/4247 5043/1377/4243
f 5043/1377/4243 5048/1380/4248 5044/1378/4244
f 5044/1378/4244 5046/792/4246 5042/791/4242
f 5045/968/4245 5051/1381/4251 5047/1379/4247
f 5047/1379/4247 5052/1382/4252 5048/1380/4248
f 5052/1382/4252 5046/792/4246 5048/1380/4248
f 5049/946/4249 4939/1383/4139 5051/1381/4251
f 5051/1381/4251 4940/1384/4140 5052/1382/4252
f 4940/1384/4140 5050/793/4250 5052/1382/4252
f 4962/863/4162 5055/1385/4255 4964/1386/4164
f 4964/1386/4164 5056/1387/4256 4963/1388/4163
f 4963/1388/4163 5054/794/4254 4961/58/4161
f 5053/901/4253 5059/1389/4259 5055/1385/4255
f 5055/1385/4255 5060/1390/4260 5056/1387/4256
f 5056/1387/4256 5058/61/4258 5054/794/4254
f 5057/866/4257 5063/1391/4263 5059/1389/4259
f 5059/1389/4259 5064/1392/4264 5060/1390/4260
f 5060/1390/4260 5062/60/4262 5058/61/4258
f 5061/865/4261 5067/1393/4267 5063/1391/4263
f 5063/1391/4263 5068/1394/4268 5064/1392/4264
f 5064/1392/4264 5066/62/4266 5062/60/4262
f 5065/867/4265 5071/1395/4271 5067/1393/4267
f 5067/1393/4267 5072/1396/4272 5068/1394/4268
f 5068/1394/4268 5070/63/4270 5066/62/4266
f 5069/868/4269 5075/1397/4275 5071/1395/4271
f 5071/1395/4271 5076/1398/4276 5072/1396/4272
f 5072/1396/4272 5074/64/4274 5070/63/4270
f 5073/869/4273 5079/1399/4279 5075/1397/4275
f 5075/1397/4275 5080/1400/4280 5076/1398/4276
f 5076/1398/4276 5078/65/4278 5074/64/4274
f 5077/870/4277 4947/1401/4147 5079/1399/4279
f 5079/1399/4279 4948/1402/4148 5080/1400/4280
f 5080/1400/4280 4946/69/4146 5078/65/4278
f 4966/909/4166 5083/1403/4283 4968/1404/4168
f 4968/1404/4168 5084/1405/4284 4967/1406/4167
f 4967/1406/4167 5082/66/4282 4965/442/4165
f 5081/899/4281 5087/1407/4287 5083/1403/4283
f 5083/1403/4283 5088/1408/4288 5084/1405/4284
f 5084/1405/4284 5086/67/4286 5082/66/4282
f 5085/871/4285 5091/1409/4291 5087/1407/4287
f 5087/1407/4287 5092/1410/4292 5088/1408/4288
f 5088/1408/4288 5090/443/4290 5086/67/4286
f 5089/910/4289 5095/1411/4295 5091/1409/4291
f 5091/1409/4291 5096/1412/4296 5092/1410/4292
f 5092/1410/4292 5094/445/4294 5090/443/4290
f 5093/911/4293 5099/1413/4299 5095/1411/4295
f 5095/1411/4295 5100/1414/4300 5096/1412/4296
f 5096/1412/4296 5098/446/4298 5094/445/4294
f 5097/912/4297 5103/1415/4303 5099/1413/4299
f 5099/1413/4299 5104/1416/4304 5100/1414/4300
f 5100/1414/4300 5102/447/4302 5098/446/4298
f 5101/913/4301 5107/1417/4307 5103/1415/4303
f 5103/1415/4303 5108/1418/4308 5104/1416/4304
f 5104/1416/4304 5106/448/4306 5102/447/4302
f 5105/914/4305 4943/1419/4143 5107/1417/4307
f 5107/1417/4307 4944/1420/4144 5108/1418/4308
f 5108/1418/4308 4942/452/4142 5106/448/4306
f 5109/890/4309 4972/1421/4172 4970/889/4170
f 5111/1422/4311 4971/1423/4171 4972/1421/4172
f 5112/1424/4312 4969/167/4169 4971/1423/4171
f 5113/915/4313 5111/1422/4311 5109/890/4309
f 5115/1425/4315 5112/1424/4312 5111/1422/4311
f 5116/1426/4316 5110/166/4310 5112/1424/4312
f 5117/978/4317 5115/1425/4315 5113/915/4313
f 5119/1427/4319 5116/1426/4316 5115/1425/4315
f 5120/1428/4320 5114/450/4314 5116/1426/4316
f 5121/979/4321 5119/1427/4319 5117/978/4317
f 5123/1429/4323 5120/1428/4320 5119/1427/4319
f 5124/1430/4324 5118/853/4318 5120/1428/4320
f 5125/981/4325 5123/1429/4323 5121/980/4321
f 5127/1431/4327 5124/1430/4324 5123/1429/4323
f 5128/1432/4328 5122/855/4322 5124/1430/4324
f 5129/982/4329 5127/1431/4327 5125/981/4325
f 5131/1433/4331 5128/1432/4328 5127/1431/4327
f 5132/1434/4332 5126/856/4326 5128/1432/4328
f 5133/872/4333 5131/1433/4331 5129/982/4329
f 5135/1435/4335 5132/1434/4332 5131/1433/4331
f 5136/1436/4336 5130/857/4330 5132/1434/4332
f 4949/873/4149 5135/1435/4335 5133/872/4333
f 4951/1437/4151 5136/1436/4336 5135/1435/4335
f 4952/1438/4152 5134/859/4334 5136/1436/4336
f 5137/983/4337 4986/1115/4186 4979/944/4179
f 5139/1439/4339 4981/1108/4181 4986/1115/4186
f 5140/1440/4340 4977/1109/4177 4981/1108/4181
f 5141/927/4341 5139/1439/4339 5137/983/4337
f 5143/1441/4343 5140/1440/4340 5139/1439/4339
f 5144/1442/4344 5138/645/4338 5140/1440/4340
f 5145/928/4345 5143/1441/4343 5141/927/4341
f 5147/1443/4347 5144/1442/4344 5143/1441/4343
f 5148/1444/4348 5142/860/4342 5144/1442/4344
f 5149/929/4349 5147/1443/4347 5145/928/4345
f 5151/1445/4351 5148/1444/4348 5147/1443/4347
f 5152/1446/4352 5146/575/4346 5148/1444/4348
f 5153/930/4353 5151/1445/4351 5149/929/4349
f 5155/1447/4355 5152/1446/4352 5151/1445/4351
f 5156/1448/4356 5150/577/4350 5152/1446/4352
f 5157/1449/4357 5155/1447/4355 5153/930/4353
f 5159/1450/4359 5156/1448/4356 5155/1447/4355
f 5160/1451/4360 5154/578/4354 5156/1448/4356
f 5157/1449/4357 5163/1452/4363 5159/1450/4359
f 5159/1450/4359 5164/1453/4364 5160/1451/4360
f 5160/1451/4360 5162/582/4362 5158/580/4358
f 5161/931/4361 4955/1454/4155 5163/1452/4363
f 5163/1452/4363 4956/1455/4156 5164/1453/4364
f 5164/1453/4364 4954/153/4154 5162/582/4362
f 5165/932/4365 4943/1419/4143 4941/971/4141
f 5167/1456/4367 4944/1420/4144 4943/1419/4143
f 5168/1225/4368 4942/452/4142 4944/1420/4144
f 5169/933/4369 5167/1456/4367 5165/932/4365
f 5171/1457/4371 5168/1225/4368 5167/1456/4367
f 5172/1458/4372 5166/451/4366 5168/1225/4368
f 5173/918/4373 5171/1457/4371 5169/917/4369
f 5175/1459/4375 5172/1458/4372 5171/1457/4371
f 5176/1460/4376 5170/454/4370 5172/1458/4372
f 5177/919/4377 5175/1459/4375 5173/918/4373
f 5179/1461/4379 5176/1460/4376 5175/1459/4375
f 5180/1462/4380 5174/453/4374 5176/1460/4376
f 5181/920/4381 5179/1461/4379 5177/919/4377
f 5183/1463/4383 5180/1462/4380 5179/1461/4379
f 5184/1464/4384 5178/455/4378 5180/1462/4380
f 5185/922/4385 5183/1463/4383 5181/921/4381
f 5187/1465/4387 5184/1464/4384 5183/1463/4383
f 5188/1236/4388 5182/456/4382 5184/1464/4384
f 5189/924/4389 5187/1465/4387 5185/923/4385
f 5191/1466/4391 5188/1236/4388 5187/1465/4387
f 5192/1238/4392 5186/457/4386 5188/1236/4388
f 4957/882/4157 5191/1466/4391 5189/881/4389
f 4959/1467/4159 5192/1238/4392 5191/1466/4391
f 4960/1468/4160 5190/458/4390 5192/1238/4392
f 5193/925/4393 4996/1469/4196 4994/900/4194
f 5195/1470/4395 4995/1471/4195 4996/1469/4196
f 5196/1472/4396 4993/303/4193 4995/1471/4195
f 5197/893/4397 5195/1470/4395 5193/925/4393
f 5199/1473/4399 5196/1472/4396 5195/1470/4395
f 5200/1474/4400 5194/366/4394 5196/1472/4396
f 5201/894/4401 5199/1473/4399 5197/893/4397
f 5203/1475/4403 5200/1474/4400 5199/1473/4399
f 5204/1476/4404 5198/306/4398 5200/1474/4400
f 5205/895/4405 5203/1475/4403 5201/894/4401
f 5207/1477/4407 5204/1476/4404 5203/1475/4403
f 5208/1478/4408 5202/305/4402 5204/1476/4404
f 5209/896/4409 5207/1477/4407 5205/895/4405
f 5211/1479/4411 5208/1478/4408 5207/1477/4407
f 5212/1480/4412 5206/307/4406 5208/1478/4408
f 5213/897/4413 5211/1479/4411 5209/896/4409
f 5215/1253/4415 5212/1480/4412 5211/1479/4411
f 5216/1481/4416 5210/308/4410 5212/1480/4412
f 5213/897/4413 5219/1482/4419 5215/1253/4415
f 5219/1482/4419 5216/1481/4416 5215/1253/4415
f 5216/1481/4416 5218/59/4418 5214/309/4414
f 5217/864/4417 4964/1386/4164 5219/1482/4419
f 4964/1386/4164 5220/1483/4420 5219/1482/4419
f 5220/1483/4420 4961/58/4161 5218/59/4418
f 4953/935/4153 5223/1484/4423 4955/1454/4155
f 4955/1454/4155 5224/1485/4424 4956/1455/4156
f 4956/1455/4156 5222/154/4422 4954/153/4154
f 5221/934/4421 5227/1486/4427 5223/1484/4423
f 5223/1484/4423 5228/1487/4428 5224/1485/4424
f 5224/1485/4424 5226/157/4426 5222/154/4422
f 5225/898/4425 5231/1488/4431 5227/1486/4427
f 5227/1486/4427 5232/1489/4432 5228/1487/4428
f 5228/1487/4428 5230/156/4430 5226/157/4426
f 5229/883/4429 5235/1490/4435 5231/1488/4431
f 5231/1488/4431 5236/1491/4436 5232/1489/4432
f 5232/1489/4432 5234/158/4434 5230/156/4430
f 5233/884/4433 5239/1492/4439 5235/1490/4435
f 5235/1490/4435 5240/1493/4440 5236/1491/4436
f 5236/1491/4436 5238/160/4438 5234/158/4434
f 5237/885/4437 5243/1494/4443 5239/1492/4439
f 5239/1492/4439 5244/1495/4444 5240/1493/4440
f 5240/1493/4440 5242/161/4442 5238/160/4438
f 5241/886/4441 5247/1496/4447 5243/1494/4443
f 5243/1494/4443 5248/1497/4448 5244/1495/4444
f 5244/1495/4444 5246/163/4446 5242/161/4442
f 5245/887/4445 4968/1404/4168 5247/1496/4447
f 5247/1496/4447 4967/1406/4167 5248/1497/4448
f 5248/1497/4448 4965/442/4165 5246/163/4446
f 5249/802/4449 4935/1365/4135 4933/801/4133
f 5251/1498/4451 4936/1366/4136 4935/1365/4135
f 5252/1499/4452 4934/710/4134 4936/1366/4136
f 5253/888/4453 5251/1498/4451 5249/802/4449
f 5255/1500/4455 5252/1499/4452 5251/1498/4451
f 5256/1501/4456 5250/165/4450 5252/1499/4452
f 5257/948/4457 5255/1500/4455 5253/947/4453
f 5259/1502/4459 5256/1501/4456 5255/1500/4455
f 5260/1503/4460 5254/164/4454 5256/1501/4456
f 5261/949/4461 5259/1502/4459 5257/948/4457
f 5263/1504/4463 5260/1503/4460 5259/1502/4459
f 5264/1505/4464 5258/711/4458 5260/1503/4460
f 5265/951/4465 5263/1504/4463 5261/950/4461
f 5267/1506/4467 5264/1505/4464 5263/1504/4463
f 5268/1507/4468 5262/713/4462 5264/1505/4464
f 5269/953/4469 5267/1506/4467 5265/952/4465
f 5271/1508/4471 5268/1507/4468 5267/1506/4467
f 5272/1509/4472 5266/714/4466 5268/1507/4468
f 5273/954/4473 5271/1508/4471 5269/953/4469
f 5275/1510/4475 5272/1509/4472 5271/1508/4471
f 5276/1511/4476 5270/715/4470 5272/1509/4472
f 4970/889/4170 5275/1510/4475 5273/954/4473
f 4972/1421/4172 5276/1511/4476 5275/1510/4475
f 4971/1423/4171 5274/717/4474 5276/1511/4476
f 4949/984/4149 5279/1512/4479 4951/1437/4151
f 4951/1437/4151 5280/1513/4480 4952/1438/4152
f 4952/1438/4152 5278/718/4478 4950/861/4150
f 5277/955/4477 5283/1514/4483 5279/1512/4479
f 5279/1512/4479 5284/1515/4484 5280/1513/4480
f 5280/1513/4480 5282/719/4482 5278/718/4478
f 5281/937/4481 5287/1516/4487 5283/1514/4483
f 5283/1514/4483 5288/1517/4488 5284/1515/4484
f 5284/1515/4484 5286/638/4486 5282/719/4482
f 5285/936/4485 5291/1518/4491 5287/1516/4487
f 5287/1516/4487 5292/1519/4492 5288/1517/4488
f 5288/1517/4488 5290/639/4490 5286/638/4486
f 5289/940/4489 5295/1520/4495 5291/1518/4491
f 5291/1518/4491 5296/1521/4496 5292/1519/4492
f 5292/1519/4492 5294/640/4494 5290/639/4490
f 5293/939/4493 5299/1522/4499 5295/1520/4495
f 5295/1520/4495 5300/1523/4500 5296/1521/4496
f 5296/1521/4496 5298/641/4498 5294/640/4494
f 5297/941/4497 5303/1524/4503 5299/1522/4499
f 5299/1522/4499 5304/1525/4504 5300/1523/4500
f 5300/1523/4500 5302/642/4502 5298/641/4498
f 5301/942/4501 4976/1368/4176 5303/1524/4503
f 5303/1524/4503 4975/1370/4175 5304/1525/4504
f 5304/1525/4504 4973/720/4173 5302/642/4502
f 5305/943/4505 4947/1401/4147 4945/916/4145
f 5307/1526/4507 4948/1402/4148 4947/1401/4147
f 5308/1527/4508 4946/69/4146 4948/1402/4148
f 5309/874/4509 5307/1526/4507 5305/943/4505
f 5311/1528/4511 5308/1527/4508 5307/1526/4507
f 5312/1529/4512 5306/68/4506 5308/1527/4508
f 5313/875/4513 5311/1528/4511 5309/874/4509
f 5315/1530/4515 5312/1529/4512 5311/1528/4511
f 5316/1531/4516 5310/71/4510 5312/1529/4512
f 5317/876/4517 5315/1530/4515 5313/875/4513
f 5319/1532/4519 5316/1531/4516 5315/1530/4515
f 5320/1533/4520 5314/70/4514 5316/1531/4516
f 5321/877/4521 5319/1532/4519 5317/876/4517
f 5323/1534/4523 5320/1533/4520 5319/1532/4519
f 5324/1535/4524 5318/72/4518 5320/1533/4520
f 5325/878/4525 5323/1534/4523 5321/877/4521
f 5327/1536/4527 5324/1535/4524 5323/1534/4523
f 5328/1537/4528 5322/74/4522 5324/1535/4524
f 5329/926/4529 5327/1536/4527 5325/878/4525
f 5331/1538/4531 5328/1537/4528 5327/1536/4527
f 5332/1539/4532 5326/75/4526 5328/1537/4528
f 4979/944/4179 5331/1538/4531 5329/926/4529
f 4987/1540/4187 5332/1539/4532 5331/1538/4531
f 4983/1113/4183 5330/77/4530 5332/1539/4532
f 5333/908/4533 4959/1467/4159 4957/1541/4157
f 5335/1542/4535 4960/1468/4160 4959/1467/4159
f 5336/1543/4536 4958/383/4158 4960/1468/4160
f 5333/908/4533 5339/1544/4539 5335/1542/4535
f 5335/1542/4535 5340/1545/4540 5336/1543/4536
f 5340/1545/4540 5334/78/4534 5336/1543/4536
f 5337/879/4537 5343/1546/4543 5339/1544/4539
f 5339/1544/4539 5344/1547/4544 5340/1545/4540
f 5344/1547/4544 5338/79/4538 5340/1545/4540
f 5341/1548/4541 5347/1549/4547 5343/1546/4543
f 5343/1546/4543 5348/1550/4548 5344/1547/4544
f 5348/1550/4548 5342/384/4542 5344/1547/4544
f 5345/1551/4545 5351/1552/4551 5347/1549/4547
f 5347/1549/4547 5352/1553/4552 5348/1550/4548
f 5352/1553/4552 5346/385/4546 5348/1550/4548
f 5349/1554/4549 5355/1555/4555 5351/1552/4551
f 5351/1552/4551 5356/1556/4556 5352/1553/4552
f 5352/1553/4552 5354/387/4554 5350/386/4550
f 5353/1557/4553 5359/1558/4559 5355/1555/4555
f 5355/1555/4555 5360/1559/4560 5356/1556/4556
f 5356/1556/4556 5358/388/4558 5354/387/4554
f 5357/1560/4557 4992/1344/4192 5359/1558/4559
f 5359/1558/4559 4991/1346/4191 5360/1559/4560
f 5360/1559/4560 4989/81/4189 5358/388/4558
f 5361/907/4561 4939/1383/4139 4937/945/4137
f 5363/1561/4563 4940/1384/4140 4939/1383/4139
f 5364/1562/4564 4938/795/4138 4940/1384/4140
f 5365/972/4565 5363/1561/4563 5361/907/4561
f 5367/1563/4567 5364/1562/4564 5363/1561/4563
f 5368/1564/4568 5362/389/4562 5364/1562/4564
f 5369/973/4569 5367/1563/4567 5365/972/4565
f 5371/1565/4571 5368/1564/4568 5367/1563/4567
f 5372/1566/4572 5366/390/4566 5368/1564/4568
f 5373/974/4573 5371/1565/4571 5369/973/4569
f 5375/1567/4575 5372/1566/4572 5371/1565/4571
f 5376/1568/4576 5370/796/4570 5372/1566/4572
f 5377/975/4577 5375/1567/4575 5373/974/4573
f 5379/1569/4579 5376/1568/4576 5375/1567/4575
f 5380/1570/4580 5374/797/4574 5376/1568/4576
f 5381/976/4581 5379/1569/4579 5377/975/4577
f 5383/1571/4583 5380/1570/4580 5379/1569/4579
f 5384/1572/4584 5378/799/4578 5380/1570/4580
f 5385/892/4585 5383/1571/4583 5381/976/4581
f 5387/1573/4587 5384/1572/4584 5383/1571/4583
f 5388/1574/4588 5382/800/4582 5384/1572/4584
f 4994/900/4194 5387/1573/4587 5385/892/4585
f 4996/1469/4196 5388/1574/4588 5387/1573/4587
f 4995/1471/4195 5386/302/4586 5388/1574/4588
f 4523/572/3724 4984/1110/4184 4530/1106/3731
f 4984/1110/4184 4525/1099/3726 4530/1106/3731
f 4980/1107/4180 4521/644/3722 4525/1099/3726
f 4477/710/3678 5022/737/4222 4934/710/4134
f 133/1/102 134/4/103 141/2/110
f 134/4/103 135/6/104 142/5/111
f 135/6/104 136/8/105 143/7/112
f 136/8/105 137/10/106 144/9/113
f 137/10/106 138/12/107 145/11/114
f 138/12/107 139/57/108 146/13/115
f 140/3/109 141/2/110 148/14/117
f 141/2/110 142/5/111 149/16/118
f 142/5/111 143/7/112 150/17/119
f 143/7/112 144/9/113 151/18/120
f 144/9/113 145/11/114 152/19/121
f 145/11/114 146/13/115 153/20/122
f 147/15/116 148/14/117 155/21/124
f 148/14/117 149/16/118 156/23/125
f 149/16/118 150/17/119 157/24/126
f 150/17/119 151/18/120 158/25/127
f 151/18/120 152/19/121 159/26/128
f 152/19/121 153/20/122 160/27/129
f 154/22/123 155/21/124 162/28/131
f 155/21/124 156/23/125 163/30/132
f 156/23/125 157/24/126 164/31/133
f 157/24/126 158/25/127 165/32/134
f 158/25/127 159/26/128 166/33/135
f 159/26/128 160/27/129 167/34/136
f 161/29/130 162/28/131 169/35/138
f 162/28/131 163/30/132 170/37/139
f 163/30/132 164/31/133 171/38/140
f 164/31/133 165/32/134 172/39/141
f 165/32/134 166/33/135 173/40/142
f 166/33/135 167/34/136 174/41/143
f 168/36/137 169/35/138 176/42/145
f 169/35/138 170/37/139 177/44/146
f 170/37/139 171/38/140 178/45/147
f 171/38/140 172/39/141 179/46/148
f 172/39/141 173/40/142 180/47/149
f 173/40/142 174/41/143 181/48/150
f 3/49/3 62/51/46 133/1/102
f 62/51/46 61/52/45 134/4/103
f 61/52/45 60/53/44 135/6/104
f 60/53/44 59/54/43 136/8/105
f 59/54/43 58/55/42 137/10/106
f 58/55/42 57/56/41 138/12/107
f 57/56/41 56/311/40 139/57/108
f 1470/58/1198 1725/59/1453 2182/59/1908
f 1569/60/1297 1565/61/1293 2022/61/1748
f 1573/62/1301 1569/60/1297 2026/60/1752
f 1577/63/1305 1573/62/1301 2030/62/1756
f 1581/64/1309 1577/63/1305 2034/63/1760
f 1585/65/1313 1581/64/1309 2038/64/1764
f 1589/66/1317 2046/66/1772 2050/67/1776
f 1813/68/1541 1453/69/1181 1910/69/1636
f 1821/70/1549 1817/643/1545 2274/71/2000
f 1825/72/1553 1821/70/1549 2278/70/2004
f 1829/73/1557 1825/72/1553 2282/72/2008
f 1833/75/1561 1829/73/1557 2286/74/2012
f 1837/76/1565 1833/75/1561 2290/75/2016
f 1841/78/1569 2298/78/2024 2302/79/2028
f 1505/80/1233 1498/81/1226 1953/81/1679
f 75/82/59 168/36/137 175/43/144
f 74/84/58 161/29/130 168/36/137
f 73/85/57 154/22/123 161/29/130
f 72/86/56 147/15/116 154/22/123
f 71/87/55 140/3/109 147/15/116
f 70/50/54 133/1/102 140/3/109
f 183/88/152 190/92/158 189/89/157
f 184/91/153 191/94/159 190/92/158
f 185/93/154 192/96/160 191/94/159
f 186/95/155 193/98/161 192/96/160
f 187/97/156 194/100/162 193/98/161
f 188/99/21 195/106/163 194/100/162
f 190/92/158 197/102/165 196/101/164
f 191/94/159 198/103/166 197/102/165
f 192/96/160 199/104/167 198/103/166
f 193/98/161 200/105/168 199/104/167
f 194/100/162 201/107/169 200/105/168
f 195/106/163 202/113/170 201/107/169
f 197/102/165 204/109/172 203/108/171
f 198/103/166 205/110/173 204/109/172
f 199/104/167 206/111/174 205/110/173
f 200/105/168 207/112/175 206/111/174
f 201/107/169 208/114/176 207/112/175
f 202/113/170 209/120/177 208/114/176
f 204/109/172 211/116/179 210/115/178
f 205/110/173 212/117/180 211/116/179
f 206/111/174 213/118/181 212/117/180
f 207/112/175 214/119/182 213/118/181
f 208/114/176 215/121/183 214/119/182
f 209/120/177 216/127/184 215/121/183
f 211/116/179 218/123/186 217/122/185
f 212/117/180 219/124/187 218/123/186
f 213/118/181 220/125/188 219/124/187
f 214/119/182 221/126/189 220/125/188
f 215/121/183 222/128/190 221/126/189
f 216/127/184 223/134/191 222/128/190
f 218/123/186 225/130/193 224/129/192
f 219/124/187 226/131/194 225/130/193
f 220/125/188 227/132/195 226/131/194
f 221/126/189 228/133/196 227/132/195
f 222/128/190 229/135/197 228/133/196
f 223/134/191 230/152/198 229/135/197
f 41/136/27 182/90/151 49/137/33
f 40/139/26 183/88/152 182/90/151
f 39/140/25 184/91/153 183/88/152
f 38/141/24 185/93/154 184/91/153
f 37/142/23 186/95/155 185/93/154
f 36/143/22 187/97/156 186/95/155
f 35/144/21 188/99/21 187/97/156
f 1/145/1 7/146/6 188/99/21
f 7/146/6 8/147/6 195/106/163
f 8/147/6 9/148/6 202/113/170
f 9/148/6 10/149/6 209/120/177
f 10/149/6 11/150/6 216/127/184
f 11/150/6 12/151/6 223/134/191
f 12/151/6 13/584/6 230/152/198
f 1461/153/1189 1918/153/1644 2186/154/1912
f 1737/156/1465 1733/157/1461 2190/157/1916
f 1741/158/1469 1737/156/1465 2194/156/1920
f 1745/159/1473 1741/158/1469 2198/158/1924
f 1749/161/1477 1745/159/1473 2202/160/1928
f 1753/162/1481 1749/161/1477 2206/161/1932
f 1761/164/1489 1757/709/1485 2214/165/1940
f 1617/166/1345 1478/852/1206 1933/167/1659
f 217/122/185 224/129/192 55/168/39
f 210/115/178 217/122/185 54/169/38
f 203/108/171 210/115/178 53/170/37
f 196/101/164 203/108/171 52/171/36
f 189/89/157 196/101/164 51/172/35
f 182/90/151 189/89/157 50/173/34
f 231/174/199 232/177/200 239/175/203
f 232/177/200 233/179/201 240/178/204
f 233/179/201 234/181/202 241/180/202
f 234/181/202 235/183/98 242/182/98
f 235/183/98 236/185/97 243/184/205
f 236/185/97 237/229/96 244/186/96
f 238/176/199 239/175/203 246/187/203
f 239/175/203 240/178/204 247/189/204
f 240/178/204 241/180/202 248/190/202
f 241/180/202 242/182/98 249/191/98
f 242/182/98 243/184/205 250/192/205
f 243/184/205 244/186/96 251/193/96
f 245/188/206 246/187/203 253/194/203
f 246/187/203 247/189/204 254/196/204
f 247/189/204 248/190/202 255/197/202
f 248/190/202 249/191/98 256/198/98
f 249/191/98 250/192/205 257/199/205
f 250/192/205 251/193/96 258/200/96
f 253/194/203 260/202/208 259/201/207
f 254/196/204 261/204/204 260/202/208
f 254/196/204 255/197/202 262/203/202
f 255/197/202 256/198/98 263/205/98
f 256/198/98 257/199/205 264/206/205
f 257/199/205 258/200/96 265/207/96
f 260/202/208 267/209/209 266/208/207
f 261/204/204 268/210/204 267/209/209
f 262/203/202 269/211/24 268/210/204
f 263/205/98 270/212/210 269/211/24
f 264/206/205 271/213/211 270/212/210
f 265/207/96 272/219/96 271/213/211
f 267/209/209 274/215/209 273/214/207
f 268/210/204 275/216/204 274/215/209
f 269/211/24 276/217/24 275/216/204
f 270/212/210 277/218/210 276/217/24
f 271/213/211 278/220/211 277/218/210
f 272/219/96 279/237/212 278/220/211
f 5/221/4 125/223/101 231/174/199
f 125/223/101 124/224/100 232/177/200
f 124/224/100 123/225/99 233/179/201
f 123/225/99 122/226/24 234/181/202
f 122/226/24 121/227/98 235/183/98
f 121/227/98 120/228/97 236/185/97
f 120/228/97 119/230/96 237/229/96
f 119/230/96 4/507/1 14/231/1
f 237/229/96 14/231/1 15/232/1
f 244/186/96 15/232/1 16/233/1
f 251/193/96 16/233/1 17/234/1
f 258/200/96 17/234/1 18/235/1
f 18/235/1 19/236/1 272/219/96
f 19/236/1 20/238/1 279/237/212
f 20/238/1 1/145/1 35/144/21
f 279/237/212 35/144/21 36/143/22
f 278/220/211 36/143/22 37/142/23
f 277/218/210 37/142/23 38/141/24
f 276/217/24 38/141/24 39/140/25
f 275/216/204 39/140/25 40/139/26
f 274/215/209 40/139/26 41/136/27
f 273/214/207 41/136/27 2/138/2
f 266/208/207 273/214/207 48/239/32
f 259/201/207 266/208/207 47/240/32
f 252/195/206 259/201/207 46/241/31
f 44/243/30 245/188/206 252/195/206
f 43/244/29 238/176/199 245/188/206
f 42/222/28 231/174/199 238/176/199
f 281/245/214 288/249/221 287/246/220
f 282/248/215 289/251/222 288/249/221
f 283/250/216 290/253/223 289/251/222
f 284/252/217 291/255/224 290/253/223
f 285/254/218 292/257/225 291/255/224
f 286/256/219 293/263/226 292/257/225
f 288/249/221 295/259/228 294/258/227
f 289/251/222 296/260/229 295/259/228
f 290/253/223 297/261/230 296/260/229
f 291/255/224 298/262/231 297/261/230
f 292/257/225 299/264/232 298/262/231
f 293/263/226 300/891/233 299/264/232
f 294/258/227 295/259/228 302/265/235
f 295/259/228 296/260/229 303/267/236
f 296/260/229 297/261/230 304/268/237
f 297/261/230 298/262/231 305/269/224
f 298/262/231 299/264/232 306/270/238
f 299/264/232 300/891/233 307/271/239
f 301/266/234 302/265/235 309/272/241
f 302/265/235 303/267/236 310/274/242
f 303/267/236 304/268/237 311/275/243
f 304/268/237 305/269/224 312/276/244
f 305/269/224 306/270/238 313/277/245
f 306/270/238 307/271/239 314/278/246
f 308/273/240 309/272/241 316/279/248
f 309/272/241 310/274/242 317/281/249
f 310/274/242 311/275/243 318/282/250
f 311/275/243 312/276/244 319/283/91
f 312/276/244 313/277/245 320/284/251
f 313/277/245 314/278/246 321/285/252
f 315/280/247 316/279/248 323/286/254
f 316/279/248 317/281/249 324/288/255
f 317/281/249 318/282/250 325/289/256
f 318/282/250 319/283/91 326/290/257
f 319/283/91 320/284/251 327/291/258
f 320/284/251 321/285/252 328/292/259
f 118/293/95 280/247/213 63/294/47
f 117/296/94 281/245/214 280/247/213
f 116/297/93 282/248/215 281/245/214
f 115/298/92 283/250/216 282/248/215
f 114/299/91 284/252/217 283/250/216
f 113/300/90 285/254/218 284/252/217
f 112/301/89 286/256/219 285/254/218
f 1893/302/1619 2350/302/2076 1957/303/1683
f 1709/305/1437 1705/306/1433 2162/306/1888
f 1713/307/1441 1709/305/1437 2166/305/1892
f 1717/308/1445 1713/307/1441 2170/307/1896
f 1721/309/1449 1717/308/1445 2174/308/1900
f 1725/59/1453 1721/309/1449 2178/309/1904
f 1729/155/1457 2186/154/1912 2190/157/1916
f 1474/310/1202 1929/442/1655 2046/66/1772
f 327/291/258 328/292/259 56/311/40
f 326/290/257 327/291/258 57/56/41
f 325/289/256 326/290/257 58/55/42
f 324/288/255 325/289/256 59/54/43
f 323/286/254 324/288/255 60/53/44
f 322/287/253 323/286/254 61/52/45
f 69/312/53 322/287/253 62/51/46
f 68/313/52 315/280/247 322/287/253
f 67/314/51 308/273/240 315/280/247
f 66/315/50 301/266/234 308/273/240
f 65/316/49 294/258/227 301/266/234
f 287/246/220 294/258/227 65/316/49
f 280/247/213 287/246/220 64/317/48
f 329/318/260 330/321/261 337/319/268
f 330/321/261 331/323/262 338/322/269
f 331/323/262 332/325/263 339/324/270
f 332/325/263 333/327/264 340/326/271
f 333/327/264 334/329/265 341/328/272
f 334/329/265 335/373/266 342/330/273
f 336/320/267 337/319/268 344/331/275
f 337/319/268 338/322/269 345/333/276
f 338/322/269 339/324/270 346/334/277
f 339/324/270 340/326/271 347/335/278
f 340/326/271 341/328/272 348/336/279
f 341/328/272 342/330/273 349/337/280
f 343/332/274 344/331/275 351/338/282
f 344/331/275 345/333/276 352/340/283
f 345/333/276 346/334/277 353/341/284
f 346/334/277 347/335/278 354/342/285
f 347/335/278 348/336/279 355/343/286
f 348/336/279 349/337/280 356/344/287
f 351/338/282 358/346/289 357/345/288
f 352/340/283 359/347/290 358/346/289
f 353/341/284 360/348/291 359/347/290
f 354/342/285 361/349/292 360/348/291
f 355/343/286 362/350/293 361/349/292
f 356/344/287 363/356/294 362/350/293
f 358/346/289 365/352/296 364/351/295
f 359/347/290 366/353/297 365/352/296
f 360/348/291 367/354/298 366/353/297
f 361/349/292 368/355/299 367/354/298
f 362/350/293 369/357/300 368/355/299
f 363/356/294 370/363/301 369/357/300
f 365/352/296 372/359/303 371/358/302
f 366/353/297 373/360/304 372/359/303
f 367/354/298 374/361/305 373/360/304
f 368/355/299 375/362/306 374/361/305
f 369/357/300 376/364/307 375/362/306
f 370/363/301 377/375/308 376/364/307
f 1701/365/1429 1502/304/1230 1957/303/1683
f 111/367/88 110/368/87 330/321/261
f 110/368/87 109/369/86 331/323/262
f 109/369/86 108/370/85 332/325/263
f 108/370/85 107/371/84 333/327/264
f 107/371/84 106/372/83 334/329/265
f 106/372/83 105/374/82 335/373/266
f 105/374/82 5/221/4 42/222/28
f 335/373/266 42/222/28 43/244/29
f 342/330/273 43/244/29 44/243/30
f 349/337/280 44/243/30 45/242/30
f 45/242/30 46/241/31 363/356/294
f 46/241/31 47/240/32 370/363/301
f 47/240/32 48/239/32 377/375/308
f 48/239/32 2/138/2 21/376/7
f 377/375/308 21/376/7 22/377/8
f 376/364/307 22/377/8 23/378/9
f 375/362/306 23/378/9 24/379/10
f 374/361/305 24/379/10 25/380/11
f 373/360/304 25/380/11 26/381/12
f 372/359/303 26/381/12 27/382/13
f 1465/383/1193 1922/383/1648 2298/78/2024
f 1845/79/1573 2302/79/2028 2306/384/2032
f 1849/384/1576 2306/384/2032 2310/385/2036
f 1853/385/1580 2310/385/2036 2314/386/2040
f 1857/386/1584 2314/386/2040 2318/387/2044
f 1861/387/1587 2318/387/2044 2322/388/2048
f 1869/389/1595 2326/389/2052 2330/390/2056
f 379/391/12 386/395/315 385/392/314
f 380/394/309 387/397/316 386/395/315
f 381/396/310 388/399/317 387/397/316
f 382/398/311 389/401/318 388/399/317
f 383/400/312 390/403/319 389/401/318
f 384/402/313 391/409/320 390/403/319
f 386/395/315 393/405/322 392/404/321
f 387/397/316 394/406/323 393/405/322
f 388/399/317 395/407/324 394/406/323
f 389/401/318 396/408/325 395/407/324
f 390/403/319 397/410/326 396/408/325
f 391/409/320 398/416/327 397/410/326
f 393/405/322 400/412/329 399/411/328
f 394/406/323 401/413/330 400/412/329
f 395/407/324 402/414/331 401/413/330
f 396/408/325 403/415/332 402/414/331
f 397/410/326 404/417/333 403/415/332
f 398/416/327 405/423/334 404/417/333
f 400/412/329 407/419/336 406/418/335
f 401/413/330 408/420/337 407/419/336
f 402/414/331 409/421/338 408/420/337
f 403/415/332 410/422/339 409/421/338
f 404/417/333 411/424/340 410/422/339
f 405/423/334 412/430/341 411/424/340
f 407/419/336 414/426/343 413/425/342
f 408/420/337 415/427/344 414/426/343
f 409/421/338 416/428/345 415/427/344
f 410/422/339 417/429/346 416/428/345
f 411/424/340 418/431/347 417/429/346
f 412/430/341 419/437/348 418/431/347
f 414/426/343 421/433/350 420/432/349
f 415/427/344 422/434/351 421/433/350
f 416/428/345 423/435/352 422/434/351
f 417/429/346 424/436/353 423/435/352
f 418/431/347 425/438/354 424/436/353
f 419/437/348 426/441/355 425/438/354
f 371/358/302 27/382/13 1466/439/1194
f 26/381/12 379/391/12 378/393/13
f 25/380/11 380/394/309 379/391/12
f 24/379/10 381/396/310 380/394/309
f 23/378/9 382/398/311 381/396/310
f 22/377/8 383/400/312 382/398/311
f 21/376/7 384/402/313 383/400/312
f 2/138/2 49/137/33 384/402/313
f 49/137/33 50/173/34 391/409/320
f 50/173/34 51/172/35 398/416/327
f 51/172/35 52/171/36 405/423/334
f 52/171/36 53/170/37 412/430/341
f 53/170/37 54/169/38 419/437/348
f 54/169/38 55/168/39 426/441/355
f 1474/310/1202 1753/162/1481 2210/163/1936
f 1593/67/1321 2050/67/1776 2054/443/1780
f 1597/444/1325 2054/443/1780 2058/445/1784
f 1601/445/1329 2058/445/1784 2062/446/1788
f 1605/446/1333 2062/446/1788 2066/447/1792
f 1609/447/1337 2066/447/1792 2070/448/1796
f 1621/449/1349 1617/166/1345 2074/166/1800
f 1673/451/1401 1449/452/1177 1906/452/1632
f 1681/453/1409 1677/454/1405 2134/454/1860
f 1681/453/1409 2138/453/1864 2142/455/1868
f 1685/455/1413 2142/455/1868 2146/456/1872
f 1689/456/1417 2146/456/1872 2150/457/1876
f 1693/457/1421 2150/457/1876 2154/458/1880
f 1705/306/1433 1701/365/1429 2158/366/1884
f 427/459/81 428/463/80 435/460/80
f 429/462/79 436/465/79 435/460/80
f 430/464/78 437/467/358 436/465/79
f 431/466/77 438/469/359 437/467/358
f 432/468/356 439/471/360 438/469/359
f 433/470/357 440/477/361 439/471/360
f 434/461/81 435/460/80 442/472/362
f 435/460/80 436/465/79 443/474/363
f 437/467/358 444/475/364 443/474/363
f 438/469/359 445/476/365 444/475/364
f 439/471/360 446/478/366 445/476/365
f 440/477/361 447/515/367 446/478/366
f 441/473/81 442/472/362 449/479/362
f 442/472/362 443/474/363 450/481/368
f 443/474/363 444/475/364 451/482/369
f 444/475/364 445/476/365 452/483/370
f 445/476/365 446/478/366 453/484/371
f 446/478/366 447/515/367 454/485/372
f 448/480/81 449/479/362 456/486/374
f 449/479/362 450/481/368 457/488/375
f 450/481/368 451/482/369 458/489/376
f 451/482/369 452/483/370 459/490/377
f 452/483/370 453/484/371 460/491/378
f 453/484/371 454/485/372 461/492/379
f 455/487/373 456/486/374 463/493/380
f 456/486/374 457/488/375 464/495/381
f 457/488/375 458/489/376 465/496/382
f 458/489/376 459/490/377 466/497/383
f 459/490/377 460/491/378 467/498/384
f 460/491/378 461/492/379 468/499/385
f 463/493/380 470/502/386 469/500/20
f 463/493/380 464/495/381 471/501/387
f 464/495/381 465/496/382 472/503/388
f 465/496/382 466/497/383 473/504/389
f 466/497/383 467/498/384 474/505/390
f 467/498/384 468/499/385 475/506/391
f 4/507/1 104/508/81 427/459/81
f 104/508/81 103/510/80 428/463/80
f 102/509/79 429/462/79 428/463/80
f 101/511/78 430/464/78 429/462/79
f 100/512/77 431/466/77 430/464/78
f 99/513/76 432/468/356 431/466/77
f 98/514/75 433/470/357 432/468/356
f 6/295/5 63/294/47 433/470/357
f 63/294/47 64/317/48 440/477/361
f 64/317/48 65/316/49 447/515/367
f 447/515/367 65/316/49 66/315/50
f 454/485/372 66/315/50 67/314/51
f 461/492/379 67/314/51 68/313/52
f 468/499/385 68/313/52 69/312/53
f 475/506/391 69/312/53 3/49/3
f 474/505/390 475/506/391 28/516/14
f 473/504/389 474/505/390 29/517/15
f 472/503/388 473/504/389 30/518/16
f 471/501/387 472/503/388 31/519/17
f 470/502/386 471/501/387 32/520/18
f 470/502/386 33/521/19 34/522/20
f 469/500/20 34/522/20 1/145/1
f 462/494/373 469/500/20 20/238/1
f 18/235/1 455/487/373 462/494/373
f 17/234/1 448/480/81 455/487/373
f 16/233/1 441/473/81 448/480/81
f 15/232/1 434/461/81 441/473/81
f 14/231/1 427/459/81 434/461/81
f 477/523/393 484/527/400 483/524/399
f 477/523/393 478/528/394 485/526/401
f 478/528/394 479/530/395 486/529/402
f 479/530/395 480/532/396 487/531/403
f 480/532/396 481/534/397 488/533/404
f 481/534/397 482/571/398 489/535/405
f 484/527/400 491/538/407 490/536/406
f 484/527/400 485/526/401 492/537/408
f 485/526/401 486/529/402 493/539/409
f 486/529/402 487/531/403 494/540/410
f 487/531/403 488/533/404 495/541/411
f 488/533/404 489/535/405 496/542/412
f 491/538/407 498/545/414 497/543/413
f 491/538/407 492/537/408 499/544/415
f 492/537/408 493/539/409 500/546/416
f 493/539/409 494/540/410 501/547/417
f 494/540/410 495/541/411 502/548/418
f 495/541/411 496/542/412 503/549/419
f 498/545/414 505/552/421 504/550/420
f 498/545/414 499/544/415 506/551/422
f 499/544/415 500/546/416 507/553/423
f 500/546/416 501/547/417 508/554/424
f 501/547/417 502/548/418 509/555/425
f 502/548/418 503/549/419 510/556/426
f 505/552/421 512/559/428 511/557/427
f 505/552/421 506/551/422 513/558/429
f 506/551/422 507/553/423 514/560/430
f 507/553/423 508/554/424 515/561/431
f 508/554/424 509/555/425 516/562/432
f 509/555/425 510/556/426 517/563/433
f 512/559/428 519/566/435 518/564/434
f 512/559/428 513/558/429 520/565/436
f 513/558/429 514/560/430 521/567/437
f 514/560/430 515/561/431 522/568/438
f 515/561/431 516/562/432 523/569/439
f 516/562/432 517/563/433 524/570/440
f 34/522/20 476/525/392 7/146/6
f 33/521/19 477/523/393 476/525/392
f 33/521/19 32/520/18 478/528/394
f 32/520/18 31/519/17 479/530/395
f 31/519/17 30/518/16 480/532/396
f 30/518/16 29/517/15 481/534/397
f 29/517/15 28/516/14 482/571/398
f 28/516/14 3/49/3 70/50/54
f 482/571/398 70/50/54 71/87/55
f 489/535/405 71/87/55 72/86/56
f 496/542/412 72/86/56 73/85/57
f 503/549/419 73/85/57 74/84/58
f 510/556/426 74/84/58 75/82/59
f 517/563/433 75/82/59 76/83/60
f 1487/572/1215 1837/76/1565 2294/77/2020
f 1649/574/1377 2106/860/1832 2110/575/1836
f 1653/576/1381 2110/575/1836 2114/577/1840
f 1657/577/1385 2114/577/1840 2118/578/1844
f 1661/579/1389 2118/578/1844 2122/580/1848
f 1665/581/1393 2122/580/1848 2126/582/1852
f 1677/454/1405 1673/451/1401 2130/451/1856
f 13/584/6 1462/1038/1190 1730/585/1458
f 511/557/427 518/564/434 13/584/6
f 504/550/420 511/557/427 12/151/6
f 497/543/413 504/550/420 11/150/6
f 490/536/406 497/543/413 10/149/6
f 483/524/399 490/536/406 9/148/6
f 476/525/392 483/524/399 8/147/6
f 526/586/80 533/590/80 532/587/81
f 527/589/441 534/592/79 533/590/80
f 528/591/442 535/594/446 534/592/79
f 529/593/443 536/596/447 535/594/446
f 530/595/444 537/598/448 536/596/447
f 531/597/445 538/604/449 537/598/448
f 533/590/80 540/600/80 539/599/450
f 534/592/79 541/601/79 540/600/80
f 535/594/446 542/602/446 541/601/79
f 536/596/447 543/603/447 542/602/446
f 537/598/448 544/605/451 543/603/447
f 538/604/449 545/611/452 544/605/451
f 540/600/80 547/607/80 546/606/450
f 541/601/79 548/608/79 547/607/80
f 542/602/446 549/609/446 548/608/79
f 543/603/447 550/610/453 549/609/446
f 544/605/451 551/612/454 550/610/453
f 545/611/452 552/618/455 551/612/454
f 547/607/80 554/614/80 553/613/81
f 548/608/79 555/615/79 554/614/80
f 549/609/446 556/616/456 555/615/79
f 550/610/453 557/617/457 556/616/456
f 551/612/454 558/619/458 557/617/457
f 552/618/455 559/625/459 558/619/458
f 554/614/80 561/621/80 560/620/81
f 555/615/79 562/622/79 561/621/80
f 556/616/456 563/623/456 562/622/79
f 557/617/457 564/624/460 563/623/456
f 558/619/458 565/626/461 564/624/460
f 559/625/459 566/632/462 565/626/461
f 561/621/80 568/628/80 567/627/81
f 562/622/79 569/629/79 568/628/80
f 563/623/456 570/630/456 569/629/79
f 564/624/460 571/631/77 570/630/456
f 565/626/461 572/633/76 571/631/77
f 566/632/462 573/653/463 572/633/76
f 1642/634/1370 1458/1030/1186 77/635/1
f 1789/637/1517 2246/719/1972 2250/638/1976
f 1793/638/1521 2250/638/1976 2254/639/1980
f 1797/639/1525 2254/639/1980 2258/640/1984
f 1801/640/1529 2258/640/1984 2262/641/1988
f 1805/641/1533 2262/641/1988 2266/642/1992
f 1817/643/1545 1813/68/1541 2270/68/1996
f 1485/644/1213 1941/1109/1667 2102/645/1828
f 91/647/68 92/648/69 538/604/449
f 92/648/69 93/649/70 545/611/452
f 93/649/70 94/650/71 552/618/455
f 94/650/71 95/651/72 559/625/459
f 95/651/72 96/652/73 566/632/462
f 96/652/73 97/654/74 573/653/463
f 97/654/74 6/295/5 98/514/75
f 573/653/463 98/514/75 99/513/76
f 572/633/76 99/513/76 100/512/77
f 571/631/77 100/512/77 101/511/78
f 570/630/456 101/511/78 102/509/79
f 569/629/79 102/509/79 103/510/80
f 568/628/80 103/510/80 104/508/81
f 83/655/1 567/627/81 104/508/81
f 82/656/1 560/620/81 567/627/81
f 81/657/1 553/613/81 560/620/81
f 546/606/450 553/613/81 81/657/1
f 539/599/450 546/606/450 80/658/1
f 532/587/81 539/599/450 79/659/1
f 525/588/81 532/587/81 78/660/1
f 574/661/464 575/664/465 582/662/472
f 575/664/465 576/666/466 583/665/473
f 576/666/466 577/668/467 584/667/474
f 577/668/467 578/670/468 585/669/475
f 578/670/468 579/672/469 586/671/476
f 579/672/469 580/723/470 587/673/477
f 581/663/471 582/662/472 589/674/479
f 582/662/472 583/665/473 590/676/480
f 583/665/473 584/667/474 591/677/481
f 584/667/474 585/669/475 592/678/482
f 585/669/475 586/671/476 593/679/483
f 586/671/476 587/673/477 594/680/484
f 588/675/478 589/674/479 596/681/486
f 589/674/479 590/676/480 597/683/487
f 590/676/480 591/677/481 598/684/488
f 591/677/481 592/678/482 599/685/489
f 592/678/482 593/679/483 600/686/490
f 593/679/483 594/680/484 601/687/491
f 595/682/485 596/681/486 603/688/493
f 596/681/486 597/683/487 604/690/494
f 597/683/487 598/684/488 605/691/495
f 598/684/488 599/685/489 606/692/496
f 599/685/489 600/686/490 607/693/497
f 600/686/490 601/687/491 608/694/498
f 602/689/492 603/688/493 610/695/500
f 603/688/493 604/690/494 611/697/501
f 604/690/494 605/691/495 612/698/502
f 605/691/495 606/692/496 613/699/503
f 606/692/496 607/693/497 614/700/504
f 607/693/497 608/694/498 615/701/505
f 609/696/499 610/695/500 617/702/507
f 610/695/500 611/697/501 618/704/508
f 611/697/501 612/698/502 619/705/509
f 612/698/502 613/699/503 620/706/510
f 613/699/503 614/700/504 621/707/511
f 614/700/504 615/701/505 622/708/512
f 1757/709/1485 1441/710/1169 1898/710/1624
f 1765/711/1493 1761/164/1489 2218/164/1944
f 1769/712/1497 1765/711/1493 2222/711/1948
f 1773/714/1501 1769/712/1497 2226/713/1952
f 1777/715/1505 1773/714/1501 2230/714/1956
f 1781/716/1509 1777/715/1505 2234/715/1960
f 1785/718/1513 2242/718/1968 2246/719/1972
f 1482/720/1210 1937/720/1663 1990/721/1716
f 580/723/470 84/862/61 85/724/62
f 587/673/477 85/724/62 86/725/63
f 594/680/484 86/725/63 87/726/64
f 601/687/491 87/726/64 88/727/65
f 608/694/498 88/727/65 89/728/66
f 615/701/505 89/728/66 90/729/67
f 622/708/512 90/729/67 5/221/4
f 621/707/511 622/708/512 105/374/82
f 620/706/510 621/707/511 106/372/83
f 619/705/509 620/706/510 107/371/84
f 618/704/508 619/705/509 108/370/85
f 617/702/507 618/704/508 109/369/86
f 616/703/506 617/702/507 110/368/87
f 1498/81/1226 1865/388/1591 2322/388/2048
f 1513/730/1241 1509/731/1237 1966/731/1692
f 1517/733/1245 1513/730/1241 1970/732/1696
f 1521/734/1249 1517/733/1245 1974/733/1700
f 1525/736/1253 1521/734/1249 1978/735/1704
f 1529/737/1257 1525/736/1253 1982/736/1708
f 1533/722/1261 1990/721/1716 1994/738/1720
f 624/740/514 631/744/521 630/741/520
f 625/743/515 632/746/515 631/744/521
f 626/745/516 633/748/522 632/746/515
f 627/747/517 634/750/523 633/748/522
f 628/749/518 635/752/524 634/750/523
f 629/751/519 636/758/525 635/752/524
f 631/744/521 638/754/527 637/753/526
f 632/746/515 639/755/528 638/754/527
f 633/748/522 640/756/529 639/755/528
f 634/750/523 641/757/530 640/756/529
f 635/752/524 642/759/531 641/757/530
f 636/758/525 643/765/532 642/759/531
f 638/754/527 645/761/534 644/760/533
f 639/755/528 646/762/535 645/761/534
f 640/756/529 647/763/536 646/762/535
f 641/757/530 648/764/537 647/763/536
f 642/759/531 649/766/538 648/764/537
f 643/765/532 650/772/539 649/766/538
f 645/761/534 652/768/541 651/767/540
f 646/762/535 653/769/542 652/768/541
f 647/763/536 654/770/543 653/769/542
f 648/764/537 655/771/544 654/770/543
f 649/766/538 656/773/545 655/771/544
f 650/772/539 657/779/546 656/773/545
f 652/768/541 659/775/548 658/774/547
f 653/769/542 660/776/549 659/775/548
f 654/770/543 661/777/550 660/776/549
f 655/771/544 662/778/551 661/777/550
f 656/773/545 663/780/552 662/778/551
f 657/779/546 664/786/553 663/780/552
f 659/775/548 666/782/555 665/781/554
f 660/776/549 667/783/556 666/782/555
f 661/777/550 668/784/557 667/783/556
f 662/778/551 669/785/558 668/784/557
f 663/780/552 670/787/559 669/785/558
f 664/786/553 671/803/560 670/787/559
f 1809/642/1537 2266/642/1992 1937/720/1663
f 1537/739/1265 1994/738/1720 1998/788/1724
f 1541/788/1269 1998/788/1724 2002/789/1728
f 1545/790/1273 2002/789/1728 2006/791/1732
f 1549/791/1277 2006/791/1732 2010/792/1736
f 1553/792/1281 2010/792/1736 2014/793/1740
f 1565/61/1293 1561/794/1289 2018/794/1744
f 1445/795/1173 1902/795/1628 2326/389/2052
f 1873/390/1599 2330/390/2056 2334/796/2060
f 1877/796/1603 2334/796/2060 2338/797/2064
f 1881/798/1607 2338/797/2064 2342/799/2068
f 1885/799/1611 2342/799/2068 2346/800/2072
f 1889/800/1615 2346/800/2072 2350/302/2076
f 1897/801/1623 1985/1364/1711 1294/661/1052
f 1509/731/1237 1505/80/1233 1962/80/1688
f 671/803/560 112/301/89 113/300/90
f 670/787/559 113/300/90 114/299/91
f 669/785/558 114/299/91 115/298/92
f 668/784/557 115/298/92 116/297/93
f 667/783/556 116/297/93 117/296/94
f 666/782/555 117/296/94 118/293/95
f 665/781/554 118/293/95 6/295/5
f 658/774/547 665/781/554 97/654/74
f 651/767/540 658/774/547 96/652/73
f 644/760/533 651/767/540 95/651/72
f 637/753/526 644/760/533 94/650/71
f 630/741/520 637/753/526 93/649/70
f 623/742/513 630/741/520 92/648/69
f 672/804/561 673/807/562 680/805/567
f 673/807/562 674/809/563 681/808/568
f 674/809/563 675/811/564 682/810/569
f 675/811/564 676/813/565 683/812/98
f 676/813/565 677/815/97 684/814/97
f 677/815/97 678/636/96 685/816/96
f 679/806/566 680/805/567 687/817/571
f 680/805/567 681/808/568 688/819/568
f 681/808/568 682/810/569 689/820/569
f 682/810/569 683/812/98 690/821/98
f 683/812/98 684/814/97 691/822/97
f 684/814/97 685/816/96 692/823/96
f 686/818/570 687/817/571 694/824/573
f 687/817/571 688/819/568 695/826/574
f 688/819/568 689/820/569 696/827/569
f 689/820/569 690/821/98 697/828/98
f 690/821/98 691/822/97 698/829/97
f 691/822/97 692/823/96 699/830/96
f 693/825/572 694/824/573 701/831/576
f 694/824/573 695/826/574 702/833/577
f 695/826/574 696/827/569 703/834/24
f 696/827/569 697/828/98 704/835/98
f 697/828/98 698/829/97 705/836/97
f 698/829/97 699/830/96 706/837/96
f 700/832/575 701/831/576 708/838/579
f 701/831/576 702/833/577 709/840/577
f 702/833/577 703/834/24 710/841/24
f 703/834/24 704/835/98 711/842/98
f 704/835/98 705/836/97 712/843/97
f 705/836/97 706/837/96 713/844/96
f 707/839/578 708/838/579 715/845/581
f 708/838/579 709/840/577 716/847/99
f 709/840/577 710/841/24 717/848/24
f 710/841/24 711/842/98 718/849/98
f 711/842/98 712/843/97 719/850/97
f 712/843/97 713/844/96 720/851/96
f 1478/852/1206 1781/716/1509 2238/717/1964
f 1625/853/1353 1621/449/1349 2078/450/1804
f 1629/854/1357 1625/853/1353 2082/853/1808
f 1633/856/1361 1629/854/1357 2086/855/1812
f 1637/857/1365 1633/856/1361 2090/856/1816
f 1641/858/1369 1637/857/1365 2094/857/1820
f 1645/646/1373 2102/645/1828 2106/860/1832
f 1785/718/1513 1457/861/1185 1914/861/1640
f 678/636/96 77/635/1 78/660/1
f 685/816/96 78/660/1 79/659/1
f 692/823/96 79/659/1 80/658/1
f 699/830/96 80/658/1 81/657/1
f 706/837/96 81/657/1 82/656/1
f 713/844/96 82/656/1 83/655/1
f 720/851/96 83/655/1 4/507/1
f 719/850/97 720/851/96 119/230/96
f 718/849/98 719/850/97 120/228/97
f 717/848/24 718/849/98 121/227/98
f 716/847/99 717/848/24 122/226/24
f 715/845/581 716/847/99 123/225/99
f 714/846/580 715/845/581 124/224/100
f 90/729/67 714/846/580 125/223/101
f 89/728/66 707/839/578 714/846/580
f 88/727/65 700/832/575 707/839/578
f 87/726/64 693/825/572 700/832/575
f 86/725/63 686/818/570 693/825/572
f 85/724/62 679/806/566 686/818/570
f 84/862/61 672/804/561 679/806/566
f 853/1/683 860/3/690 861/2/691
f 854/4/684 861/2/691 862/5/692
f 855/6/685 862/5/692 863/7/693
f 856/8/686 863/7/693 864/9/694
f 857/10/687 864/9/694 865/11/695
f 858/12/688 865/11/695 866/13/696
f 860/3/690 867/15/697 868/14/698
f 861/2/691 868/14/698 869/16/699
f 862/5/692 869/16/699 870/17/700
f 863/7/693 870/17/700 871/18/701
f 864/9/694 871/18/701 872/19/702
f 865/11/695 872/19/702 873/20/703
f 867/15/697 874/22/704 875/21/705
f 868/14/698 875/21/705 876/23/706
f 869/16/699 876/23/706 877/24/707
f 870/17/700 877/24/707 878/25/708
f 871/18/701 878/25/708 879/26/709
f 872/19/702 879/26/709 880/27/710
f 874/22/704 881/29/711 882/28/712
f 875/21/705 882/28/712 883/30/713
f 876/23/706 883/30/713 884/31/714
f 877/24/707 884/31/714 885/32/715
f 878/25/708 885/32/715 886/33/716
f 879/26/709 886/33/716 887/34/717
f 881/29/711 888/36/718 889/35/719
f 882/28/712 889/35/719 890/37/720
f 883/30/713 890/37/720 891/38/721
f 884/31/714 891/38/721 892/39/722
f 885/32/715 892/39/722 893/40/723
f 886/33/716 893/40/723 894/41/724
f 888/36/718 895/43/725 896/42/726
f 889/35/719 896/42/726 897/44/727
f 890/37/720 897/44/727 898/45/728
f 891/38/721 898/45/728 899/46/729
f 892/39/722 899/46/729 900/47/730
f 893/40/723 900/47/730 901/48/731
f 723/49/584 790/50/635 853/1/683
f 782/51/627 853/1/683 854/4/684
f 781/52/626 854/4/684 855/6/685
f 780/53/625 855/6/685 856/8/686
f 779/54/624 856/8/686 857/10/687
f 778/55/623 857/10/687 858/12/688
f 777/56/622 858/12/688 859/57/689
f 1048/292/844 776/311/621 1926/863/1652
f 866/13/696 873/20/703 2025/865/1751
f 873/20/703 880/27/710 2029/867/1755
f 880/27/710 887/34/717 2033/868/1759
f 887/34/717 894/41/724 2037/869/1763
f 894/41/724 901/48/731 2041/870/1767
f 2049/871/1775 2045/899/1771 1146/441/942
f 2097/872/1823 1398/636/677 797/635/582
f 899/46/729 2277/875/2003 2273/874/1999
f 898/45/728 2281/876/2007 2277/875/2003
f 897/44/727 2285/877/2011 2281/876/2007
f 896/42/726 2289/878/2015 2285/877/2011
f 895/43/725 2293/926/2019 2289/878/2015
f 2301/879/2027 2297/908/2023 1091/358/887
f 1961/880/1687 1954/1342/1680 831/367/669
f 795/82/640 796/83/641 895/43/725
f 794/84/639 795/82/640 888/36/718
f 793/85/638 794/84/639 881/29/711
f 792/86/637 793/85/638 874/22/704
f 791/87/636 792/86/637 867/15/697
f 790/50/635 791/87/636 860/3/690
f 909/89/738 910/92/739 903/88/733
f 910/92/739 911/94/740 904/91/734
f 911/94/740 912/96/741 905/93/735
f 912/96/741 913/98/742 906/95/736
f 913/98/742 914/100/743 907/97/737
f 914/100/743 915/106/744 908/99/602
f 916/101/745 917/102/746 910/92/739
f 917/102/746 918/103/747 911/94/740
f 918/103/747 919/104/748 912/96/741
f 919/104/748 920/105/749 913/98/742
f 920/105/749 921/107/750 914/100/743
f 921/107/750 922/113/751 915/106/744
f 923/108/752 924/109/753 917/102/746
f 924/109/753 925/110/754 918/103/747
f 925/110/754 926/111/755 919/104/748
f 926/111/755 927/112/756 920/105/749
f 927/112/756 928/114/757 921/107/750
f 928/114/757 929/120/758 922/113/751
f 930/115/759 931/116/760 924/109/753
f 931/116/760 932/117/761 925/110/754
f 932/117/761 933/118/762 926/111/755
f 933/118/762 934/119/763 927/112/756
f 934/119/763 935/121/764 928/114/757
f 935/121/764 936/127/765 929/120/758
f 937/122/766 938/123/767 931/116/760
f 938/123/767 939/124/768 932/117/761
f 939/124/768 940/125/769 933/118/762
f 940/125/769 941/126/770 934/119/763
f 941/126/770 942/128/771 935/121/764
f 942/128/771 943/134/772 936/127/765
f 944/129/773 945/130/774 938/123/767
f 945/130/774 946/131/775 939/124/768
f 946/131/775 947/132/776 940/125/769
f 947/132/776 948/133/777 941/126/770
f 948/133/777 949/135/778 942/128/771
f 949/135/778 950/152/779 943/134/772
f 769/137/614 902/90/732 761/136/608
f 902/90/732 903/88/733 760/139/607
f 903/88/733 904/91/734 759/140/606
f 904/91/734 905/93/735 758/141/605
f 905/93/735 906/95/736 757/142/604
f 906/95/736 907/97/737 756/143/603
f 907/97/737 908/99/602 755/144/602
f 908/99/602 727/146/587 721/145/582
f 915/106/744 728/147/587 727/146/587
f 922/113/751 729/148/587 728/147/587
f 929/120/758 730/149/587 729/148/587
f 936/127/765 731/150/587 730/149/587
f 943/134/772 732/151/587 731/150/587
f 950/152/779 733/584/587 732/151/587
f 2153/881/1879 1098/393/894 747/382/594
f 2193/883/1919 2189/898/1915 949/135/778
f 2197/884/1923 2193/883/1919 948/133/777
f 2201/885/1927 2197/884/1923 947/132/776
f 2205/886/1931 2201/885/1927 946/131/775
f 2209/887/1935 2205/886/1931 945/130/774
f 2213/802/1939 1294/661/1052 1295/664/1053
f 1934/889/1660 804/862/642 1392/804/1148
f 775/168/620 944/129/773 937/122/766
f 774/169/619 937/122/766 930/115/759
f 773/170/618 930/115/759 923/108/752
f 772/171/617 923/108/752 916/101/745
f 771/172/616 916/101/745 909/89/738
f 770/173/615 909/89/738 902/90/732
f 951/174/780 958/176/784 959/175/785
f 952/177/781 959/175/785 960/178/782
f 953/179/782 960/178/782 961/180/783
f 954/181/783 961/180/783 962/182/786
f 955/183/679 962/182/786 963/184/787
f 956/185/678 963/184/787 964/186/677
f 958/176/784 965/188/788 966/187/785
f 959/175/785 966/187/785 967/189/782
f 960/178/782 967/189/782 968/190/783
f 961/180/783 968/190/783 969/191/786
f 962/182/786 969/191/786 970/192/787
f 963/184/787 970/192/787 971/193/677
f 965/188/788 972/195/788 973/194/789
f 966/187/785 973/194/789 974/196/782
f 967/189/782 974/196/782 975/197/783
f 968/190/783 975/197/783 976/198/679
f 969/191/786 976/198/679 977/199/787
f 970/192/787 977/199/787 978/200/677
f 979/201/790 980/202/789 973/194/789
f 980/202/789 981/204/791 974/196/782
f 974/196/782 981/204/791 982/203/783
f 975/197/783 982/203/783 983/205/679
f 976/198/679 983/205/679 984/206/787
f 977/199/787 984/206/787 985/207/677
f 986/208/790 987/209/792 980/202/789
f 987/209/792 988/210/782 981/204/791
f 988/210/782 989/211/605 982/203/783
f 989/211/605 990/212/793 983/205/679
f 990/212/793 991/213/794 984/206/787
f 991/213/794 992/219/677 985/207/677
f 993/214/790 994/215/795 987/209/792
f 994/215/795 995/216/782 988/210/782
f 995/216/782 996/217/605 989/211/605
f 996/217/605 997/218/793 990/212/793
f 997/218/793 998/220/794 991/213/794
f 998/220/794 999/237/796 992/219/677
f 725/221/585 762/222/609 951/174/780
f 845/223/682 951/174/780 952/177/781
f 844/224/681 952/177/781 953/179/782
f 843/225/680 953/179/782 954/181/783
f 842/226/605 954/181/783 955/183/679
f 841/227/679 955/183/679 956/185/678
f 840/228/678 956/185/678 957/229/677
f 839/230/677 957/229/677 734/231/582
f 957/229/677 964/186/677 735/232/582
f 964/186/677 971/193/677 736/233/582
f 971/193/677 978/200/677 737/234/582
f 978/200/677 985/207/677 738/235/582
f 992/219/677 739/236/582 738/235/582
f 999/237/796 740/238/582 739/236/582
f 755/144/602 721/145/582 740/238/582
f 756/143/603 755/144/602 999/237/796
f 757/142/604 756/143/603 998/220/794
f 758/141/605 757/142/604 997/218/793
f 759/140/606 758/141/605 996/217/605
f 760/139/607 759/140/606 995/216/782
f 761/136/608 760/139/607 994/215/795
f 722/138/583 761/136/608 993/214/790
f 768/239/613 993/214/790 986/208/790
f 767/240/613 986/208/790 979/201/790
f 766/241/612 979/201/790 972/195/788
f 764/243/611 765/242/611 972/195/788
f 763/244/610 764/243/611 965/188/788
f 762/222/609 763/244/610 958/176/784
f 1007/246/804 1008/249/805 1001/245/798
f 1008/249/805 1009/251/806 1002/248/799
f 1009/251/806 1010/253/807 1003/250/800
f 1010/253/807 1011/255/808 1004/252/801
f 1011/255/808 1012/257/809 1005/254/802
f 1012/257/809 1013/263/810 1006/256/803
f 1014/258/811 1015/259/812 1008/249/805
f 1015/259/812 1016/260/813 1009/251/806
f 1016/260/813 1017/261/814 1010/253/807
f 1017/261/814 1018/262/815 1011/255/808
f 1018/262/815 1019/264/816 1012/257/809
f 1019/264/816 1020/891/817 1013/263/810
f 1014/258/811 1021/266/818 1022/265/819
f 1015/259/812 1022/265/819 1023/267/820
f 1016/260/813 1023/267/820 1024/268/821
f 1017/261/814 1024/268/821 1025/269/815
f 1018/262/815 1025/269/815 1026/270/822
f 1019/264/816 1026/270/822 1027/271/823
f 1021/266/818 1028/273/824 1029/272/825
f 1022/265/819 1029/272/825 1030/274/826
f 1023/267/820 1030/274/826 1031/275/827
f 1024/268/821 1031/275/827 1032/276/828
f 1025/269/815 1032/276/828 1033/277/829
f 1033/277/829 1034/278/830 1027/271/823
f 1028/273/824 1035/280/831 1036/279/832
f 1029/272/825 1036/279/832 1037/281/833
f 1030/274/826 1037/281/833 1038/282/834
f 1031/275/827 1038/282/834 1039/283/835
f 1032/276/828 1039/283/835 1040/284/836
f 1040/284/836 1041/285/837 1034/278/830
f 1035/280/831 1042/287/838 1043/286/839
f 1036/279/832 1043/286/839 1044/288/840
f 1037/281/833 1044/288/840 1045/289/841
f 1038/282/834 1045/289/841 1046/290/842
f 1039/283/835 1046/290/842 1047/291/843
f 1047/291/843 1048/292/844 1041/285/837
f 783/294/628 1000/247/797 838/293/676
f 1000/247/797 1001/245/798 837/296/675
f 1001/245/798 1002/248/799 836/297/674
f 1002/248/799 1003/250/800 835/298/673
f 1003/250/800 1004/252/801 834/299/672
f 1004/252/801 1005/254/802 833/300/671
f 1005/254/802 1006/256/803 832/301/670
f 832/301/670 1958/900/1684 2349/892/2075
f 1020/891/817 2165/894/1891 2161/893/1887
f 1027/271/823 2169/895/1895 2165/894/1891
f 1034/278/830 2173/896/1899 2169/895/1895
f 1041/285/837 2177/897/1903 2173/896/1899
f 1048/292/844 2181/864/1907 2177/897/1903
f 2189/898/1915 2185/934/1911 950/152/779
f 2045/899/1771 1930/909/1656 775/168/620
f 1047/291/843 777/56/622 776/311/621
f 1046/290/842 778/55/623 777/56/622
f 1045/289/841 779/54/624 778/55/623
f 1044/288/840 780/53/625 779/54/624
f 1043/286/839 781/52/626 780/53/625
f 1042/287/838 782/51/627 781/52/626
f 789/312/634 723/49/584 782/51/627
f 788/313/633 789/312/634 1042/287/838
f 787/314/632 788/313/633 1035/280/831
f 786/315/631 787/314/632 1028/273/824
f 785/316/630 786/315/631 1021/266/818
f 785/316/630 1014/258/811 1007/246/804
f 784/317/629 1007/246/804 1000/247/797
f 1049/318/845 1056/320/852 1057/319/853
f 1050/321/846 1057/319/853 1058/322/854
f 1051/323/847 1058/322/854 1059/324/855
f 1052/325/848 1059/324/855 1060/326/856
f 1053/327/849 1060/326/856 1061/328/857
f 1054/329/850 1061/328/857 1062/330/858
f 1056/320/852 1063/332/859 1064/331/860
f 1057/319/853 1064/331/860 1065/333/861
f 1058/322/854 1065/333/861 1066/334/862
f 1059/324/855 1066/334/862 1067/335/863
f 1060/326/856 1067/335/863 1068/336/864
f 1061/328/857 1068/336/864 1069/337/865
f 1063/332/859 1070/339/866 1071/338/867
f 1064/331/860 1071/338/867 1072/340/868
f 1065/333/861 1072/340/868 1073/341/869
f 1066/334/862 1073/341/869 1074/342/870
f 1067/335/863 1074/342/870 1075/343/871
f 1068/336/864 1075/343/871 1076/344/872
f 1070/339/866 1077/345/873 1078/346/874
f 1078/346/874 1079/347/875 1072/340/868
f 1079/347/875 1080/348/876 1073/341/869
f 1080/348/876 1081/349/877 1074/342/870
f 1081/349/877 1082/350/878 1075/343/871
f 1082/350/878 1083/356/879 1076/344/872
f 1084/351/880 1085/352/881 1078/346/874
f 1085/352/881 1086/353/882 1079/347/875
f 1086/353/882 1087/354/883 1080/348/876
f 1087/354/883 1088/355/884 1081/349/877
f 1088/355/884 1089/357/885 1082/350/878
f 1089/357/885 1090/363/886 1083/356/879
f 1084/351/880 1091/358/887 1092/359/888
f 1092/359/888 1093/360/889 1086/353/882
f 1093/360/889 1094/361/890 1087/354/883
f 1094/361/890 1095/362/891 1088/355/884
f 1095/362/891 1096/364/892 1089/357/885
f 1096/364/892 1097/375/893 1090/363/886
f 1006/256/803 2157/925/1883 1958/900/1684
f 831/367/669 1049/318/845 1050/321/846
f 830/368/668 1050/321/846 1051/323/847
f 829/369/667 1051/323/847 1052/325/848
f 828/370/666 1052/325/848 1053/327/849
f 827/371/665 1053/327/849 1054/329/850
f 826/372/664 1054/329/850 1055/373/851
f 825/374/663 1055/373/851 762/222/609
f 1055/373/851 1062/330/858 763/244/610
f 1062/330/858 1069/337/865 764/243/611
f 1069/337/865 1076/344/872 765/242/611
f 1083/356/879 766/241/612 765/242/611
f 1090/363/886 767/240/613 766/241/612
f 1097/375/893 768/239/613 767/240/613
f 741/376/588 722/138/583 768/239/613
f 742/377/589 741/376/588 1097/375/893
f 743/378/590 742/377/589 1096/364/892
f 744/379/591 743/378/590 1095/362/891
f 745/380/592 744/379/591 1094/361/890
f 746/381/593 745/380/592 1093/360/889
f 747/382/594 746/381/593 1092/359/888
f 776/311/621 859/57/689 2017/901/1743
f 2305/902/2031 2301/879/2027 1084/351/880
f 2309/903/2035 2305/1548/2031 1077/345/873
f 2313/904/2039 2309/1551/2035 1070/339/866
f 2317/905/2043 2313/1554/2039 1063/332/859
f 2321/906/2047 2317/1557/2043 1056/320/852
f 1356/758/1113 2329/972/2055 2325/907/2051
f 1105/392/901 1106/395/902 1099/391/895
f 1106/395/902 1107/397/903 1100/394/896
f 1107/397/903 1108/399/904 1101/396/897
f 1108/399/904 1109/401/905 1102/398/898
f 1109/401/905 1110/403/906 1103/400/899
f 1110/403/906 1111/409/907 1104/402/900
f 1112/404/908 1113/405/909 1106/395/902
f 1113/405/909 1114/406/910 1107/397/903
f 1114/406/910 1115/407/911 1108/399/904
f 1115/407/911 1116/408/912 1109/401/905
f 1116/408/912 1117/410/913 1110/403/906
f 1117/410/913 1118/416/914 1111/409/907
f 1119/411/915 1120/412/916 1113/405/909
f 1120/412/916 1121/413/917 1114/406/910
f 1121/413/917 1122/414/918 1115/407/911
f 1122/414/918 1123/415/919 1116/408/912
f 1123/415/919 1124/417/920 1117/410/913
f 1124/417/920 1125/423/921 1118/416/914
f 1126/418/922 1127/419/923 1120/412/916
f 1127/419/923 1128/420/924 1121/413/917
f 1128/420/924 1129/421/925 1122/414/918
f 1129/421/925 1130/422/926 1123/415/919
f 1130/422/926 1131/424/927 1124/417/920
f 1131/424/927 1132/430/928 1125/423/921
f 1133/425/929 1134/426/930 1127/419/923
f 1134/426/930 1135/427/931 1128/420/924
f 1135/427/931 1136/428/932 1129/421/925
f 1136/428/932 1137/429/933 1130/422/926
f 1137/429/933 1138/431/934 1131/424/927
f 1138/431/934 1139/437/935 1132/430/928
f 1140/432/936 1141/433/937 1134/426/930
f 1141/433/937 1142/434/938 1135/427/931
f 1142/434/938 1143/435/939 1136/428/932
f 1143/435/939 1144/436/940 1137/429/933
f 1144/436/940 1145/438/941 1138/431/934
f 1145/438/941 1146/441/942 1139/437/935
f 2297/908/2023 1921/1541/1647 747/382/594
f 1098/393/894 1099/391/895 746/381/593
f 1099/391/895 1100/394/896 745/380/592
f 1100/394/896 1101/396/897 744/379/591
f 1101/396/897 1102/398/898 743/378/590
f 1102/398/898 1103/400/899 742/377/589
f 1103/400/899 1104/402/900 741/376/588
f 1104/402/900 769/137/614 722/138/583
f 1111/409/907 770/173/615 769/137/614
f 1118/416/914 771/172/616 770/173/615
f 1125/423/921 772/171/617 771/172/616
f 1132/430/928 773/170/618 772/171/617
f 1139/437/935 774/169/619 773/170/618
f 1146/441/942 775/168/620 774/169/619
f 1930/909/1656 2209/887/1935 944/129/773
f 2053/910/1779 2049/871/1775 1145/438/941
f 2057/911/1783 2053/910/1779 1144/436/940
f 2061/912/1787 2057/911/1783 1143/435/939
f 2065/913/1791 2061/912/1787 1142/434/938
f 2069/914/1795 2065/913/1791 1141/433/937
f 2073/890/1799 1392/804/1148 1393/807/1149
f 901/48/731 2269/943/1995 1909/916/1635
f 2133/917/1859 1133/425/929 1126/418/922
f 2137/918/1863 1126/418/922 1119/411/915
f 2141/919/1867 1119/411/915 1112/404/908
f 2145/921/1871 1112/404/908 1105/392/901
f 2149/923/1875 1105/392/901 1098/393/894
f 1013/263/810 2161/893/1887 2157/925/1883
f 1147/459/662 1154/461/662 1155/460/661
f 1155/460/661 1156/465/660 1149/462/660
f 1156/465/660 1157/467/946 1150/464/943
f 1157/467/946 1158/469/947 1151/466/658
f 1158/469/947 1159/471/948 1152/468/944
f 1159/471/948 1160/477/949 1153/470/945
f 1154/461/662 1161/473/662 1162/472/950
f 1155/460/661 1162/472/950 1163/474/951
f 1156/465/660 1163/474/951 1164/475/952
f 1164/475/952 1165/476/953 1158/469/947
f 1165/476/953 1166/478/954 1159/471/948
f 1166/478/954 1167/515/955 1160/477/949
f 1161/473/662 1168/480/662 1169/479/956
f 1162/472/950 1169/479/956 1170/481/957
f 1163/474/951 1170/481/957 1171/482/958
f 1164/475/952 1171/482/958 1172/483/959
f 1165/476/953 1172/483/959 1173/484/960
f 1166/478/954 1173/484/960 1174/485/961
f 1168/480/662 1175/487/962 1176/486/963
f 1169/479/956 1176/486/963 1177/488/964
f 1170/481/957 1177/488/964 1178/489/965
f 1171/482/958 1178/489/965 1179/490/966
f 1172/483/959 1179/490/966 1180/491/967
f 1173/484/960 1180/491/967 1181/492/968
f 1175/487/962 1182/494/962 1183/493/969
f 1176/486/963 1183/493/969 1184/495/970
f 1177/488/964 1184/495/970 1185/496/971
f 1178/489/965 1185/496/971 1186/497/972
f 1179/490/966 1186/497/972 1187/498/973
f 1180/491/967 1187/498/973 1188/499/974
f 1189/500/601 1190/502/975 1183/493/969
f 1183/493/969 1190/502/975 1191/501/976
f 1184/495/970 1191/501/976 1192/503/977
f 1185/496/971 1192/503/977 1193/504/978
f 1186/497/972 1193/504/978 1194/505/979
f 1187/498/973 1194/505/979 1195/506/980
f 724/507/582 734/231/582 1147/459/662
f 824/508/662 1147/459/662 1148/463/661
f 1148/463/661 1149/462/660 822/509/660
f 1149/462/660 1150/464/943 821/511/659
f 1150/464/943 1151/466/658 820/512/658
f 1151/466/658 1152/468/944 819/513/657
f 1152/468/944 1153/470/945 818/514/656
f 1153/470/945 783/294/628 726/295/586
f 1160/477/949 784/317/629 783/294/628
f 1167/515/955 785/316/630 784/317/629
f 1167/515/955 1174/485/961 786/315/631
f 1174/485/961 1181/492/968 787/314/632
f 1181/492/968 1188/499/974 788/313/633
f 1188/499/974 1195/506/980 789/312/634
f 1195/506/980 748/516/595 723/49/584
f 1194/505/979 749/517/596 748/516/595
f 1193/504/978 750/518/597 749/517/596
f 1192/503/977 751/519/598 750/518/597
f 1191/501/976 752/520/599 751/519/598
f 1190/502/975 753/521/600 752/520/599
f 754/522/601 753/521/600 1190/502/975
f 721/145/582 754/522/601 1189/500/601
f 740/238/582 1189/500/601 1182/494/962
f 738/235/582 739/236/582 1182/494/962
f 737/234/582 738/235/582 1175/487/962
f 736/233/582 737/234/582 1168/480/662
f 735/232/582 736/233/582 1161/473/662
f 734/231/582 735/232/582 1154/461/662
f 1203/524/988 1204/527/989 1197/523/982
f 1197/523/982 1204/527/989 1205/526/990
f 1198/528/983 1205/526/990 1206/529/991
f 1199/530/984 1206/529/991 1207/531/992
f 1200/532/985 1207/531/992 1208/533/993
f 1201/534/986 1208/533/993 1209/535/994
f 1210/536/995 1211/538/996 1204/527/989
f 1204/527/989 1211/538/996 1212/537/997
f 1205/526/990 1212/537/997 1213/539/998
f 1206/529/991 1213/539/998 1214/540/999
f 1207/531/992 1214/540/999 1215/541/1000
f 1208/533/993 1215/541/1000 1216/542/1001
f 1217/543/1002 1218/545/1003 1211/538/996
f 1211/538/996 1218/545/1003 1219/544/1004
f 1212/537/997 1219/544/1004 1220/546/1005
f 1213/539/998 1220/546/1005 1221/547/1006
f 1214/540/999 1221/547/1006 1222/548/1007
f 1215/541/1000 1222/548/1007 1223/549/1008
f 1224/550/1009 1225/552/1010 1218/545/1003
f 1218/545/1003 1225/552/1010 1226/551/1011
f 1219/544/1004 1226/551/1011 1227/553/1012
f 1220/546/1005 1227/553/1012 1228/554/1013
f 1221/547/1006 1228/554/1013 1229/555/1014
f 1222/548/1007 1229/555/1014 1230/556/1015
f 1231/557/1016 1232/559/1017 1225/552/1010
f 1225/552/1010 1232/559/1017 1233/558/1018
f 1226/551/1011 1233/558/1018 1234/560/1019
f 1227/553/1012 1234/560/1019 1235/561/1020
f 1228/554/1013 1235/561/1020 1236/562/1021
f 1229/555/1014 1236/562/1021 1237/563/1022
f 1238/564/1023 1239/566/1024 1232/559/1017
f 1232/559/1017 1239/566/1024 1240/565/1025
f 1233/558/1018 1240/565/1025 1241/567/1026
f 1234/560/1019 1241/567/1026 1242/568/1027
f 1235/561/1020 1242/568/1027 1243/569/1028
f 1236/562/1021 1243/569/1028 1244/570/1029
f 727/146/587 1196/525/981 754/522/601
f 1196/525/981 1197/523/982 753/521/600
f 753/521/600 1197/523/982 1198/528/983
f 752/520/599 1198/528/983 1199/530/984
f 751/519/598 1199/530/984 1200/532/985
f 750/518/597 1200/532/985 1201/534/986
f 749/517/596 1201/534/986 1202/571/987
f 748/516/595 1202/571/987 790/50/635
f 1202/571/987 1209/535/994 791/87/636
f 1209/535/994 1216/542/1001 792/86/637
f 1216/542/1001 1223/549/1008 793/85/638
f 1223/549/1008 1230/556/1015 794/84/639
f 1230/556/1015 1237/563/1022 795/82/640
f 1237/563/1022 1244/570/1029 796/83/641
f 796/83/641 1943/944/1669 2293/926/2019
f 1242/568/1027 2109/928/1835 2105/927/1831
f 1241/567/1026 2113/929/1839 2109/928/1835
f 1240/565/1025 2117/930/1843 2113/929/1839
f 1239/566/1024 2121/1449/1847 2117/930/1843
f 2125/931/1851 2121/1449/1847 1239/566/1024
f 2129/932/1855 1140/432/936 1133/425/929
f 2185/934/1911 1917/935/1643 733/584/587
f 733/584/587 1238/564/1023 1231/557/1016
f 732/151/587 1231/557/1016 1224/550/1009
f 731/150/587 1224/550/1009 1217/543/1002
f 730/149/587 1217/543/1002 1210/536/995
f 729/148/587 1210/536/995 1203/524/988
f 728/147/587 1203/524/988 1196/525/981
f 1252/587/662 1253/590/661 1246/586/661
f 1253/590/661 1254/592/660 1247/589/1030
f 1254/592/660 1255/594/1035 1248/591/1031
f 1255/594/1035 1256/596/1036 1249/593/1032
f 1256/596/1036 1257/598/1037 1250/595/1033
f 1257/598/1037 1258/604/1038 1251/597/1034
f 1259/599/1039 1260/600/661 1253/590/661
f 1260/600/661 1261/601/660 1254/592/660
f 1261/601/660 1262/602/1035 1255/594/1035
f 1262/602/1035 1263/603/1036 1256/596/1036
f 1263/603/1036 1264/605/1040 1257/598/1037
f 1264/605/1040 1265/611/1041 1258/604/1038
f 1266/606/1039 1267/607/661 1260/600/661
f 1267/607/661 1268/608/660 1261/601/660
f 1268/608/660 1269/609/1035 1262/602/1035
f 1269/609/1035 1270/610/1042 1263/603/1036
f 1270/610/1042 1271/612/1043 1264/605/1040
f 1271/612/1043 1272/618/1044 1265/611/1041
f 1273/613/662 1274/614/661 1267/607/661
f 1274/614/661 1275/615/660 1268/608/660
f 1275/615/660 1276/616/659 1269/609/1035
f 1276/616/659 1277/617/1045 1270/610/1042
f 1277/617/1045 1278/619/1046 1271/612/1043
f 1278/619/1046 1279/625/1047 1272/618/1044
f 1280/620/662 1281/621/661 1274/614/661
f 1281/621/661 1282/622/660 1275/615/660
f 1282/622/660 1283/623/659 1276/616/659
f 1283/623/659 1284/624/1048 1277/617/1045
f 1284/624/1048 1285/626/1049 1278/619/1046
f 1285/626/1049 1286/632/1050 1279/625/1047
f 1287/627/662 1288/628/661 1281/621/661
f 1288/628/661 1289/629/660 1282/622/660
f 1289/629/660 1290/630/659 1283/623/659
f 1290/630/659 1291/631/658 1284/624/1048
f 1291/631/658 1292/633/657 1285/626/1049
f 1292/633/657 1293/653/1051 1286/632/1050
f 1917/935/1643 2125/931/1851 1238/564/1023
f 1246/586/661 1247/589/1030 2249/936/1975
f 1247/589/1030 1248/591/1031 2253/938/1979
f 1248/591/1031 1249/593/1032 2257/939/1983
f 1249/593/1032 1250/595/1033 2261/941/1987
f 1250/595/1033 1251/597/1034 2265/942/1991
f 900/47/730 2273/874/1999 2269/943/1995
f 1244/570/1029 2101/983/1827 1943/944/1669
f 1258/604/1038 812/648/650 811/647/649
f 1265/611/1041 813/649/651 812/648/650
f 1272/618/1044 814/650/652 813/649/651
f 1279/625/1047 815/651/653 814/650/652
f 1286/632/1050 816/652/654 815/651/653
f 1293/653/1051 817/654/655 816/652/654
f 818/514/656 726/295/586 817/654/655
f 819/513/657 818/514/656 1293/653/1051
f 820/512/658 819/513/657 1292/633/657
f 821/511/659 820/512/658 1291/631/658
f 822/509/660 821/511/659 1290/630/659
f 823/510/661 822/509/660 1289/629/660
f 824/508/662 823/510/661 1288/628/661
f 803/655/582 724/507/582 824/508/662
f 802/656/582 803/655/582 1287/627/662
f 801/657/582 802/656/582 1280/620/662
f 801/657/582 1273/613/662 1266/606/1039
f 800/658/582 1266/606/1039 1259/599/1039
f 799/659/582 1259/599/1039 1252/587/662
f 798/660/582 1252/587/662 1245/588/662
f 1294/661/1052 1301/663/1059 1302/662/1060
f 1295/664/1053 1302/662/1060 1303/665/1061
f 1296/666/1054 1303/665/1061 1304/667/1062
f 1297/668/1055 1304/667/1062 1305/669/1063
f 1298/670/1056 1305/669/1063 1306/671/1064
f 1299/672/1057 1306/671/1064 1307/673/1065
f 1301/663/1059 1308/675/1066 1309/674/1067
f 1302/662/1060 1309/674/1067 1310/676/1068
f 1303/665/1061 1310/676/1068 1311/677/1069
f 1304/667/1062 1311/677/1069 1312/678/1070
f 1305/669/1063 1312/678/1070 1313/679/1071
f 1306/671/1064 1313/679/1071 1314/680/1072
f 1308/675/1066 1315/682/1073 1316/681/1074
f 1309/674/1067 1316/681/1074 1317/683/1075
f 1310/676/1068 1317/683/1075 1318/684/1076
f 1311/677/1069 1318/684/1076 1319/685/1077
f 1312/678/1070 1319/685/1077 1320/686/1078
f 1313/679/1071 1320/686/1078 1321/687/1079
f 1315/682/1073 1322/689/1080 1323/688/1081
f 1316/681/1074 1323/688/1081 1324/690/1082
f 1317/683/1075 1324/690/1082 1325/691/1083
f 1318/684/1076 1325/691/1083 1326/692/1084
f 1319/685/1077 1326/692/1084 1327/693/1085
f 1320/686/1078 1327/693/1085 1328/694/1086
f 1322/689/1080 1329/696/1087 1330/695/1088
f 1323/688/1081 1330/695/1088 1331/697/1089
f 1324/690/1082 1331/697/1089 1332/698/1090
f 1325/691/1083 1332/698/1090 1333/699/1091
f 1326/692/1084 1333/699/1091 1334/700/1092
f 1327/693/1085 1334/700/1092 1335/701/1093
f 1329/696/1087 1336/703/1094 1337/702/1095
f 1330/695/1088 1337/702/1095 1338/704/1096
f 1331/697/1089 1338/704/1096 1339/705/1097
f 1332/698/1090 1339/705/1097 1340/706/1098
f 1333/699/1091 1340/706/1098 1341/707/1099
f 1334/700/1092 1341/707/1099 1342/708/1100
f 1349/751/1107 2325/907/2051 1901/945/1627
f 2217/947/1943 1295/664/1053 1296/666/1054
f 2221/948/1947 1296/666/1054 1297/668/1055
f 2225/950/1951 1297/668/1055 1298/670/1056
f 2229/952/1955 1298/670/1056 1299/672/1057
f 2233/953/1959 1299/672/1057 1300/723/1058
f 1245/588/662 1246/586/661 2245/937/1971
f 811/647/649 1343/742/1101 1989/956/1715
f 1300/723/1058 1307/673/1065 805/724/643
f 1307/673/1065 1314/680/1072 806/725/644
f 1314/680/1072 1321/687/1079 807/726/645
f 1321/687/1079 1328/694/1086 808/727/646
f 1328/694/1086 1335/701/1093 809/728/647
f 1335/701/1093 1342/708/1100 810/729/648
f 1342/708/1100 825/374/663 725/221/585
f 1341/707/1099 826/372/664 825/374/663
f 1340/706/1098 827/371/665 826/372/664
f 1339/705/1097 828/370/666 827/371/665
f 1338/704/1096 829/369/667 828/370/666
f 1337/702/1095 830/368/668 829/369/667
f 1336/703/1094 831/367/669 830/368/668
f 1954/958/1680 2321/1560/2047 1049/318/845
f 1969/959/1695 1965/1350/1691 1329/696/1087
f 1973/960/1699 1969/989/1695 1322/689/1080
f 1977/961/1703 1973/1355/1699 1315/682/1073
f 1981/962/1707 1977/1358/1703 1308/675/1066
f 1985/963/1711 1981/1361/1707 1301/663/1059
f 1343/742/1101 1344/740/1102 1993/964/1719
f 1350/741/1108 1351/744/1109 1344/740/1102
f 1351/744/1109 1352/746/1103 1345/743/1103
f 1352/746/1103 1353/748/1110 1346/745/1104
f 1353/748/1110 1354/750/1111 1347/747/1105
f 1354/750/1111 1355/752/1112 1348/749/1106
f 1355/752/1112 1356/758/1113 1349/751/1107
f 1357/753/1114 1358/754/1115 1351/744/1109
f 1358/754/1115 1359/755/1116 1352/746/1103
f 1359/755/1116 1360/756/1104 1353/748/1110
f 1360/756/1104 1361/757/1117 1354/750/1111
f 1361/757/1117 1362/759/1118 1355/752/1112
f 1362/759/1118 1363/765/1119 1356/758/1113
f 1364/760/1120 1365/761/1121 1358/754/1115
f 1365/761/1121 1366/762/1122 1359/755/1116
f 1366/762/1122 1367/763/1123 1360/756/1104
f 1367/763/1123 1368/764/1124 1361/757/1117
f 1368/764/1124 1369/766/1125 1362/759/1118
f 1369/766/1125 1370/772/1126 1363/765/1119
f 1371/767/1127 1372/768/1128 1365/761/1121
f 1372/768/1128 1373/769/1129 1366/762/1122
f 1373/769/1129 1374/770/1130 1367/763/1123
f 1374/770/1130 1375/771/1131 1368/764/1124
f 1375/771/1131 1376/773/1132 1369/766/1125
f 1376/773/1132 1377/779/1133 1370/772/1126
f 1378/774/1134 1379/775/1135 1372/768/1128
f 1379/775/1135 1380/776/1136 1373/769/1129
f 1380/776/1136 1381/777/1137 1374/770/1130
f 1381/777/1137 1382/778/1138 1375/771/1131
f 1382/778/1138 1383/780/1139 1376/773/1132
f 1383/780/1139 1384/786/1140 1377/779/1133
f 1385/781/1141 1386/782/1142 1379/775/1135
f 1386/782/1142 1387/783/1143 1380/776/1136
f 1387/783/1143 1388/784/1144 1381/777/1137
f 1388/784/1144 1389/785/1145 1382/778/1138
f 1389/785/1145 1390/787/1146 1383/780/1139
f 1390/787/1146 1391/803/1147 1384/786/1140
f 1251/597/1034 811/647/649 1938/957/1664
f 1344/740/1102 1345/743/1103 1997/965/1723
f 1345/743/1103 1346/745/1104 2001/966/1727
f 1346/745/1104 1347/747/1105 2005/967/1731
f 1347/747/1105 1348/749/1106 2009/968/1735
f 1348/749/1106 1349/751/1107 2013/970/1739
f 859/57/689 866/13/696 2021/866/1747
f 1905/971/1631 2069/914/1795 1140/432/936
f 1363/765/1119 2333/973/2059 2329/972/2055
f 1370/772/1126 2337/974/2063 2333/973/2059
f 1377/779/1133 2341/975/2067 2337/974/2063
f 1384/786/1140 2345/976/2071 2341/975/2067
f 1391/803/1147 2349/892/2075 2345/976/2071
f 1965/977/1691 1961/1347/1687 1336/703/1094
f 833/300/671 832/301/670 1391/803/1147
f 834/299/672 833/300/671 1390/787/1146
f 835/298/673 834/299/672 1389/785/1145
f 836/297/674 835/298/673 1388/784/1144
f 837/296/675 836/297/674 1387/783/1143
f 838/293/676 837/296/675 1386/782/1142
f 726/295/586 838/293/676 1385/781/1141
f 817/654/655 1385/781/1141 1378/774/1134
f 816/652/654 1378/774/1134 1371/767/1127
f 815/651/653 1371/767/1127 1364/760/1120
f 814/650/652 1364/760/1120 1357/753/1114
f 813/649/651 1357/753/1114 1350/741/1108
f 812/648/650 1350/741/1108 1343/742/1101
f 1392/804/1148 1399/806/1153 1400/805/1154
f 1393/807/1149 1400/805/1154 1401/808/1155
f 1394/809/1150 1401/808/1155 1402/810/1156
f 1395/811/1151 1402/810/1156 1403/812/679
f 1396/813/1152 1403/812/679 1404/814/678
f 1397/815/678 1404/814/678 1405/816/677
f 1399/806/1153 1406/818/1157 1407/817/1158
f 1400/805/1154 1407/817/1158 1408/819/1155
f 1401/808/1155 1408/819/1155 1409/820/1156
f 1402/810/1156 1409/820/1156 1410/821/679
f 1403/812/679 1410/821/679 1411/822/678
f 1404/814/678 1411/822/678 1412/823/677
f 1406/818/1157 1413/825/1159 1414/824/1160
f 1407/817/1158 1414/824/1160 1415/826/1161
f 1408/819/1155 1415/826/1161 1416/827/1156
f 1409/820/1156 1416/827/1156 1417/828/679
f 1410/821/679 1417/828/679 1418/829/678
f 1411/822/678 1418/829/678 1419/830/677
f 1413/825/1159 1420/832/1162 1421/831/1163
f 1414/824/1160 1421/831/1163 1422/833/1164
f 1415/826/1161 1422/833/1164 1423/834/605
f 1416/827/1156 1423/834/605 1424/835/679
f 1417/828/679 1424/835/679 1425/836/678
f 1418/829/678 1425/836/678 1426/837/677
f 1420/832/1162 1427/839/1165 1428/838/1166
f 1421/831/1163 1428/838/1166 1429/840/1164
f 1422/833/1164 1429/840/1164 1430/841/605
f 1423/834/605 1430/841/605 1431/842/679
f 1424/835/679 1431/842/679 1432/843/678
f 1425/836/678 1432/843/678 1433/844/677
f 1427/839/1165 1434/846/1167 1435/845/1168
f 1428/838/1166 1435/845/1168 1436/847/680
f 1429/840/1164 1436/847/680 1437/848/605
f 1430/841/605 1437/848/605 1438/849/679
f 1431/842/679 1438/849/679 1439/850/678
f 1432/843/678 1439/850/678 1440/851/677
f 2237/954/1963 1300/723/1058 804/862/642
f 2077/915/1803 1393/807/1149 1394/809/1150
f 2081/978/1807 1394/809/1150 1395/811/1151
f 2085/980/1811 1395/811/1151 1396/813/1152
f 2089/981/1815 1396/813/1152 1397/815/678
f 2093/982/1819 1397/815/678 1398/636/677
f 1243/569/1028 2105/927/1831 2101/983/1827
f 797/635/582 1245/588/662 2241/955/1967
f 1398/636/677 1405/816/677 798/660/582
f 1405/816/677 1412/823/677 799/659/582
f 1412/823/677 1419/830/677 800/658/582
f 1419/830/677 1426/837/677 801/657/582
f 1426/837/677 1433/844/677 802/656/582
f 1433/844/677 1440/851/677 803/655/582
f 1440/851/677 839/230/677 724/507/582
f 1439/850/678 840/228/678 839/230/677
f 1438/849/679 841/227/679 840/228/678
f 1437/848/605 842/226/605 841/227/679
f 1436/847/680 843/225/680 842/226/605
f 1435/845/1168 844/224/681 843/225/680
f 1434/846/1167 845/223/682 844/224/681
f 810/729/648 725/221/585 845/223/682
f 809/728/647 810/729/648 1434/846/1167
f 808/727/646 809/728/647 1427/839/1165
f 807/726/645 808/727/646 1420/832/1162
f 806/725/644 807/726/645 1413/825/1159
f 805/724/643 806/725/644 1406/818/1157
f 804/862/642 805/724/643 1399/806/1153
f 1506/985/1234 616/703/506 111/367/88
f 1510/987/1238 609/696/499 616/703/506
f 1514/989/1242 602/689/492 609/696/499
f 1518/960/1246 595/682/485 602/689/492
f 1522/992/1250 588/675/478 595/682/485
f 1526/994/1254 581/663/471 588/675/478
f 1530/996/1258 574/661/464 581/663/471
f 1442/998/1170 1758/1272/1486 574/661/464
f 1534/999/1262 623/742/513 91/647/68
f 1538/1001/1266 624/740/514 623/742/513
f 1542/1002/1270 625/743/515 624/740/514
f 1546/1003/1274 626/745/516 625/743/515
f 1550/1004/1278 627/747/517 626/745/516
f 1554/1006/1282 628/749/518 627/747/517
f 1558/1007/1286 629/751/519 628/749/518
f 1446/1009/1174 1870/1092/1596 629/751/519
f 56/311/40 1469/863/1197 1562/1011/1290
f 139/57/108 1562/1011/1290 1566/866/1294
f 146/13/115 1566/866/1294 1570/1012/1298
f 153/20/122 1570/1012/1298 1574/867/1302
f 160/27/129 1574/867/1302 1578/1013/1306
f 167/34/136 1578/1013/1306 1582/1014/1310
f 174/41/143 1582/1014/1310 1586/1015/1314
f 181/48/150 1586/1015/1314 1454/1016/1182
f 55/168/39 1473/1063/1201 1590/1017/1318
f 426/441/355 1590/1017/1318 1594/871/1322
f 425/438/354 1594/871/1322 1598/910/1326
f 424/436/353 1598/910/1326 1602/911/1330
f 423/435/352 1602/911/1330 1606/1018/1334
f 422/434/351 1606/1018/1334 1610/1019/1338
f 421/433/350 1610/1019/1338 1614/914/1342
f 420/432/349 1614/914/1342 1450/1020/1178
f 1477/1022/1205 1618/1023/1346 672/804/561
f 1618/1023/1346 1622/1024/1350 673/807/562
f 1622/1024/1350 1626/1025/1354 674/809/563
f 1626/1025/1354 1630/1026/1358 675/811/564
f 1630/1026/1358 1634/1027/1362 676/813/565
f 1634/1027/1362 1638/1203/1366 677/815/97
f 1638/1028/1366 1642/634/1370 678/636/96
f 1786/1029/1514 525/588/81 77/635/1
f 524/570/440 76/83/60 1486/944/1214
f 523/569/439 524/570/440 1646/1031/1374
f 522/568/438 523/569/439 1650/1032/1378
f 521/567/437 522/568/438 1654/1033/1382
f 520/565/436 521/567/437 1658/1034/1386
f 519/566/435 520/565/436 1662/1035/1390
f 519/566/435 1666/1036/1394 1670/1037/1398
f 518/564/434 1670/1037/1398 1462/1038/1190
f 1453/69/1181 1585/65/1313 2042/65/1768
f 413/425/342 420/432/349 1674/1039/1402
f 406/418/335 413/425/342 1678/1041/1406
f 399/411/328 406/418/335 1682/1043/1410
f 392/404/321 399/411/328 1686/1044/1414
f 385/392/314 392/404/321 1690/1046/1418
f 378/393/13 385/392/314 1694/1048/1422
f 27/382/13 378/393/13 1698/1050/1426
f 1501/1052/1229 1702/1053/1430 286/256/219
f 1702/1053/1430 1706/1054/1434 293/263/226
f 1706/1054/1434 1710/894/1438 300/891/233
f 300/891/233 1710/894/1438 1714/1055/1442
f 307/271/239 1714/1055/1442 1718/1056/1446
f 314/278/246 1718/1056/1446 1722/897/1450
f 321/285/252 1722/897/1450 1726/1057/1454
f 328/292/259 1726/1057/1454 1469/863/1197
f 1697/458/1425 2154/458/1880 1922/383/1648
f 230/152/198 1730/585/1458 1734/1058/1462
f 229/135/197 1734/1058/1462 1738/1059/1466
f 228/133/196 1738/1059/1466 1742/1060/1470
f 227/132/195 1742/1060/1470 1746/1061/1474
f 226/131/194 1746/1061/1474 1750/1062/1478
f 225/130/193 1750/1062/1478 1754/887/1482
f 224/129/192 1754/887/1482 1473/1063/1201
f 1557/793/1285 2014/793/1740 1902/795/1628
f 1758/1064/1486 1762/1065/1490 575/664/465
f 1762/1065/1490 1766/1066/1494 576/666/466
f 1766/1066/1494 1770/1067/1498 577/668/467
f 1770/1067/1498 1774/1068/1502 578/670/468
f 1774/1068/1502 1778/1069/1506 579/672/469
f 1778/1069/1506 1782/1070/1510 580/723/470
f 1782/1070/1510 1477/1022/1205 84/862/61
f 1461/153/1189 1669/583/1397 2126/582/1852
f 1790/1071/1518 526/586/80 525/588/81
f 1794/1072/1522 527/589/441 526/586/80
f 1798/1073/1526 528/591/442 527/589/441
f 1802/1075/1530 529/593/443 528/591/442
f 1806/1077/1534 530/595/444 529/593/443
f 1810/1078/1538 531/597/445 530/595/444
f 1481/1000/1209 91/647/68 531/597/445
f 1457/861/1185 1641/858/1369 2098/859/1824
f 180/47/149 181/48/150 1814/943/1542
f 179/46/148 180/47/149 1818/1079/1546
f 178/45/147 179/46/148 1822/875/1550
f 177/44/146 178/45/147 1826/876/1554
f 176/42/145 177/44/146 1830/1080/1558
f 175/43/144 176/42/145 1834/878/1562
f 76/83/60 175/43/144 1838/926/1566
f 1561/794/1289 1470/58/1198 1925/58/1651
f 364/351/295 371/358/302 1842/1081/1570
f 357/345/288 364/351/295 1846/1083/1570
f 350/339/281 357/345/288 1850/1084/1577
f 1858/1086/1581 343/332/274 350/339/281
f 1862/1088/1588 336/320/267 343/332/274
f 1866/1090/1592 329/318/260 336/320/267
f 1497/986/1225 111/367/88 329/318/260
f 1613/448/1341 2070/448/1796 1906/452/1632
f 1870/1092/1596 1874/1093/1600 636/758/525
f 1874/1093/1600 1878/1094/1604 643/765/532
f 1878/1094/1604 1882/1095/1608 650/772/539
f 1882/1095/1608 1886/1096/1612 657/779/546
f 1886/1096/1612 1890/1097/1616 664/786/553
f 1890/1097/1616 1894/892/1620 671/803/560
f 1894/892/1620 1501/1052/1229 112/301/89
f 1488/1098/1216 1490/1101/1218 1489/1099/1217
f 1488/1098/1216 1492/1103/1220 1493/1100/1221
f 1491/1102/1219 1493/1100/1221 1492/1103/1220
f 1495/1104/1223 1496/1105/1224 1493/1100/1221
f 1487/572/1215 1494/1106/1222 1496/1105/1224
f 1494/1106/1222 1489/1099/1217 1490/1101/1218
f 1944/1107/1670 1946/1111/1672 1945/1108/1671
f 1948/1110/1674 1949/1112/1675 1946/1111/1672
f 1942/573/1668 1947/1113/1673 1949/1112/1675
f 1947/1113/1673 1951/1116/1677 1952/1114/1678
f 1950/1115/1676 1952/1114/1678 1951/1116/1677
f 1945/1108/1671 1946/1111/1672 1952/1114/1678
f 1498/81/1226 1505/80/1233 1507/1117/1235
f 1507/1117/1235 1508/1120/1236 1499/1119/1227
f 1508/1120/1236 1506/985/1234 1497/986/1225
f 1509/731/1237 1511/1121/1239 1507/1117/1235
f 1511/1121/1239 1512/1122/1240 1508/1120/1236
f 1512/1122/1240 1510/987/1238 1506/988/1234
f 1513/730/1241 1515/1123/1243 1511/1121/1239
f 1515/1123/1243 1516/1124/1244 1512/1122/1240
f 1516/1124/1244 1514/989/1242 1510/990/1238
f 1517/733/1245 1519/1125/1247 1515/1123/1243
f 1519/1125/1247 1520/1126/1248 1516/1124/1244
f 1520/1126/1248 1518/960/1246 1514/991/1242
f 1521/734/1249 1523/1127/1251 1519/1125/1247
f 1523/1127/1251 1524/1128/1252 1520/1126/1248
f 1524/1128/1252 1522/992/1250 1518/993/1246
f 1525/736/1253 1527/1129/1255 1523/1127/1251
f 1527/1129/1255 1528/1130/1256 1524/1128/1252
f 1528/1130/1256 1526/994/1254 1522/995/1250
f 1529/737/1257 1531/1131/1259 1527/1129/1255
f 1531/1131/1259 1532/1132/1260 1528/1130/1256
f 1532/1132/1260 1530/996/1258 1526/997/1254
f 1441/710/1169 1443/1133/1171 1531/1131/1259
f 1443/1133/1171 1444/1134/1172 1532/1132/1260
f 1444/1134/1172 1442/998/1170 1530/996/1258
f 1533/722/1261 1535/1136/1263 1484/1135/1212
f 1535/1136/1263 1536/1138/1264 1483/1137/1211
f 1536/1138/1264 1534/999/1262 1481/1000/1209
f 1537/739/1265 1539/1139/1267 1535/1136/1263
f 1539/1139/1267 1540/1140/1268 1536/1138/1264
f 1540/1140/1268 1538/1001/1266 1534/999/1262
f 1541/788/1269 1543/1141/1271 1539/1139/1267
f 1543/1141/1271 1544/1142/1272 1540/1140/1268
f 1544/1142/1272 1542/1002/1270 1538/1001/1266
f 1545/790/1273 1547/1143/1275 1543/1141/1271
f 1547/1143/1275 1548/1144/1276 1544/1142/1272
f 1548/1144/1276 1546/1003/1274 1542/1002/1270
f 1549/791/1277 1551/1145/1279 1547/1143/1275
f 1551/1145/1279 1552/1146/1280 1548/1144/1276
f 1552/1146/1280 1550/1004/1278 1546/1005/1274
f 1553/792/1281 1555/1147/1283 1551/1145/1279
f 1555/1147/1283 1556/1148/1284 1552/1146/1280
f 1556/1148/1284 1554/1006/1282 1550/1004/1278
f 1557/793/1285 1559/1149/1287 1555/1147/1283
f 1559/1149/1287 1560/1150/1288 1556/1148/1284
f 1560/1150/1288 1558/1007/1286 1554/1008/1282
f 1445/795/1173 1447/1151/1175 1559/1149/1287
f 1447/1151/1175 1448/1152/1176 1560/1150/1288
f 1448/1152/1176 1446/1009/1174 1558/1010/1286
f 1470/58/1198 1561/794/1289 1563/1153/1291
f 1472/1154/1200 1563/1153/1291 1564/1155/1292
f 1564/1155/1292 1562/1011/1290 1469/863/1197
f 1561/794/1289 1565/61/1293 1567/1157/1295
f 1563/1153/1291 1567/1157/1295 1568/1158/1296
f 1568/1158/1296 1566/866/1294 1562/1011/1290
f 1565/61/1293 1569/60/1297 1571/1159/1299
f 1571/1159/1299 1572/1160/1300 1568/1158/1296
f 1572/1160/1300 1570/1012/1298 1566/866/1294
f 1569/60/1297 1573/62/1301 1575/1161/1303
f 1575/1161/1303 1576/1162/1304 1572/1160/1300
f 1576/1162/1304 1574/867/1302 1570/1012/1298
f 1577/63/1305 1579/1163/1307 1575/1161/1303
f 1579/1163/1307 1580/1164/1308 1576/1162/1304
f 1580/1164/1308 1578/1013/1306 1574/867/1302
f 1581/64/1309 1583/1165/1311 1579/1163/1307
f 1583/1165/1311 1584/1166/1312 1580/1164/1308
f 1584/1166/1312 1582/1014/1310 1578/1013/1306
f 1585/65/1313 1587/1167/1315 1583/1165/1311
f 1587/1167/1315 1588/1168/1316 1584/1166/1312
f 1588/1168/1316 1586/1015/1314 1582/1014/1310
f 1453/69/1181 1455/1169/1183 1587/1167/1315
f 1455/1169/1183 1456/1170/1184 1588/1168/1316
f 1456/1170/1184 1454/1016/1182 1586/1015/1314
f 1589/66/1317 1591/1172/1319 1476/1171/1204
f 1591/1172/1319 1592/1174/1320 1475/1173/1203
f 1592/1174/1320 1590/1017/1318 1473/1063/1201
f 1593/67/1321 1595/1175/1323 1591/1172/1319
f 1595/1175/1323 1596/1176/1324 1592/1174/1320
f 1596/1176/1324 1594/871/1322 1590/1017/1318
f 1597/444/1325 1599/1177/1327 1595/1175/1323
f 1599/1177/1327 1600/1178/1328 1596/1176/1324
f 1600/1178/1328 1598/910/1326 1594/871/1322
f 1601/445/1329 1603/1179/1331 1599/1177/1327
f 1603/1179/1331 1604/1180/1332 1600/1178/1328
f 1604/1180/1332 1602/911/1330 1598/910/1326
f 1605/446/1333 1607/1181/1335 1603/1179/1331
f 1607/1181/1335 1608/1182/1336 1604/1180/1332
f 1608/1182/1336 1606/1018/1334 1602/911/1330
f 1609/447/1337 1611/1183/1339 1607/1181/1335
f 1611/1183/1339 1612/1184/1340 1608/1182/1336
f 1612/1184/1340 1610/1019/1338 1606/1018/1334
f 1613/448/1341 1615/1185/1343 1611/1183/1339
f 1615/1185/1343 1616/1186/1344 1612/1184/1340
f 1616/1186/1344 1614/914/1342 1610/1019/1338
f 1449/452/1177 1451/1187/1179 1615/1185/1343
f 1451/1187/1179 1452/1188/1180 1616/1186/1344
f 1452/1188/1180 1450/1020/1178 1614/914/1342
f 1478/852/1206 1617/166/1345 1619/1189/1347
f 1480/1190/1208 1619/1189/1347 1620/1191/1348
f 1479/1192/1207 1620/1191/1348 1618/1023/1346
f 1617/166/1345 1621/449/1349 1623/1193/1351
f 1619/1189/1347 1623/1193/1351 1624/1194/1352
f 1620/1191/1348 1624/1194/1352 1622/1024/1350
f 1621/449/1349 1625/853/1353 1627/1195/1355
f 1623/1193/1351 1627/1195/1355 1628/1196/1356
f 1624/1194/1352 1628/1196/1356 1626/1025/1354
f 1625/853/1353 1629/854/1357 1631/1197/1359
f 1627/1195/1355 1631/1197/1359 1632/1198/1360
f 1628/1196/1356 1632/1198/1360 1630/1026/1358
f 1629/854/1357 1633/856/1361 1635/1199/1363
f 1631/1197/1359 1635/1199/1363 1636/1200/1364
f 1632/1198/1360 1636/1200/1364 1634/1027/1362
f 1633/856/1361 1637/857/1365 1639/1201/1367
f 1635/1199/1363 1639/1201/1367 1640/1202/1368
f 1636/1200/1364 1640/1202/1368 1638/1203/1366
f 1637/857/1365 1641/858/1369 1643/1204/1371
f 1639/1201/1367 1643/1204/1371 1644/1205/1372
f 1640/1202/1368 1644/1205/1372 1642/634/1370
f 1641/858/1369 1457/861/1185 1459/1206/1187
f 1643/1204/1371 1459/1206/1187 1460/1207/1188
f 1644/1205/1372 1460/1207/1188 1458/1030/1186
f 1485/644/1213 1645/646/1373 1647/1208/1375
f 1488/1098/1216 1647/1208/1375 1648/1209/1376
f 1492/1210/1220 1648/1209/1376 1646/1031/1374
f 1649/574/1377 1651/1213/1379 1647/1208/1375
f 1647/1208/1375 1651/1213/1379 1652/1211/1380
f 1648/1209/1376 1652/1211/1380 1650/1032/1378
f 1649/574/1377 1653/576/1381 1655/1212/1383
f 1651/1213/1379 1655/1212/1383 1656/1214/1384
f 1652/1211/1380 1656/1214/1384 1654/1033/1382
f 1653/576/1381 1657/577/1385 1659/1215/1387
f 1655/1212/1383 1659/1215/1387 1660/1216/1388
f 1656/1214/1384 1660/1216/1388 1658/1034/1386
f 1657/577/1385 1661/579/1389 1663/1217/1391
f 1659/1215/1387 1663/1217/1391 1664/1218/1392
f 1660/1216/1388 1664/1218/1392 1662/1035/1390
f 1665/581/1393 1667/1220/1395 1663/1217/1391
f 1663/1217/1391 1667/1220/1395 1668/1219/1396
f 1664/1218/1392 1668/1219/1396 1666/1036/1394
f 1669/583/1397 1671/1221/1399 1667/1220/1395
f 1671/1221/1399 1672/1222/1400 1668/1219/1396
f 1672/1222/1400 1670/1037/1398 1666/1036/1394
f 1461/153/1189 1463/1223/1191 1671/1221/1399
f 1463/1223/1191 1464/1224/1192 1672/1222/1400
f 1464/1224/1192 1462/1038/1190 1670/1037/1398
f 1449/452/1177 1673/451/1401 1675/1225/1403
f 1451/1187/1179 1675/1225/1403 1676/1226/1404
f 1452/1188/1180 1676/1226/1404 1674/1021/1402
f 1673/451/1401 1677/454/1405 1679/1227/1407
f 1675/1225/1403 1679/1227/1407 1680/1228/1408
f 1676/1226/1404 1680/1228/1408 1678/1040/1406
f 1677/454/1405 1681/453/1409 1683/1229/1411
f 1679/1227/1407 1683/1229/1411 1684/1230/1412
f 1680/1228/1408 1684/1230/1412 1682/1042/1410
f 1681/453/1409 1685/455/1413 1687/1231/1415
f 1683/1229/1411 1687/1231/1415 1688/1232/1416
f 1684/1230/1412 1688/1232/1416 1686/1044/1414
f 1689/456/1417 1691/1234/1419 1687/1231/1415
f 1687/1231/1415 1691/1234/1419 1692/1233/1420
f 1688/1232/1416 1692/1233/1420 1690/1045/1418
f 1693/457/1421 1695/1236/1423 1691/1234/1419
f 1691/1234/1419 1695/1236/1423 1696/1235/1424
f 1692/1233/1420 1696/1235/1424 1694/1047/1422
f 1697/458/1425 1699/1238/1427 1695/1236/1423
f 1695/1236/1423 1699/1238/1427 1700/1237/1428
f 1696/1235/1424 1700/1237/1428 1698/1049/1426
f 1465/383/1193 1467/1239/1195 1699/1238/1427
f 1467/1239/1195 1468/1314/1196 1700/1237/1428
f 1700/1237/1428 1468/1314/1196 1466/1051/1194
f 1502/304/1230 1701/365/1429 1703/1240/1431
f 1504/1241/1232 1703/1240/1431 1704/1242/1432
f 1503/1243/1231 1704/1242/1432 1702/1053/1430
f 1701/365/1429 1705/306/1433 1707/1244/1435
f 1703/1240/1431 1707/1244/1435 1708/1245/1436
f 1704/1242/1432 1708/1245/1436 1706/1054/1434
f 1705/306/1433 1709/305/1437 1711/1246/1439
f 1707/1244/1435 1711/1246/1439 1712/1247/1440
f 1708/1245/1436 1712/1247/1440 1710/894/1438
f 1709/305/1437 1713/307/1441 1715/1248/1443
f 1711/1246/1439 1715/1248/1443 1716/1249/1444
f 1712/1247/1440 1716/1249/1444 1714/1055/1442
f 1713/307/1441 1717/308/1445 1719/1250/1447
f 1715/1248/1443 1719/1250/1447 1720/1251/1448
f 1716/1249/1444 1720/1251/1448 1718/1056/1446
f 1717/308/1445 1721/309/1449 1723/1252/1451
f 1719/1250/1447 1723/1252/1451 1724/1253/1452
f 1720/1251/1448 1724/1253/1452 1722/897/1450
f 1721/309/1449 1725/59/1453 1727/1254/1455
f 1723/1252/1451 1727/1254/1455 1728/1255/1456
f 1724/1253/1452 1728/1255/1456 1726/1057/1454
f 1725/59/1453 1470/58/1198 1472/1154/1200
f 1727/1254/1455 1472/1154/1200 1471/1156/1199
f 1471/1156/1199 1469/863/1197 1726/1057/1454
f 1729/155/1457 1731/1256/1459 1463/1223/1191
f 1731/1256/1459 1732/1257/1460 1464/1224/1192
f 1732/1257/1460 1730/585/1458 1462/1038/1190
f 1733/157/1461 1735/1258/1463 1731/1256/1459
f 1735/1258/1463 1736/1259/1464 1732/1257/1460
f 1736/1259/1464 1734/1058/1462 1730/585/1458
f 1737/156/1465 1739/1260/1467 1735/1258/1463
f 1739/1260/1467 1740/1261/1468 1736/1259/1464
f 1740/1261/1468 1738/1059/1466 1734/1058/1462
f 1741/158/1469 1743/1262/1471 1739/1260/1467
f 1743/1262/1471 1744/1263/1472 1740/1261/1468
f 1744/1263/1472 1742/1060/1470 1738/1059/1466
f 1745/159/1473 1747/1264/1475 1743/1262/1471
f 1747/1264/1475 1748/1265/1476 1744/1263/1472
f 1748/1265/1476 1746/1061/1474 1742/1060/1470
f 1749/161/1477 1751/1266/1479 1747/1264/1475
f 1751/1266/1479 1752/1267/1480 1748/1265/1476
f 1752/1267/1480 1750/1062/1478 1746/1061/1474
f 1753/162/1481 1755/1268/1483 1751/1266/1479
f 1755/1268/1483 1756/1269/1484 1752/1267/1480
f 1756/1269/1484 1754/887/1482 1750/1062/1478
f 1474/310/1202 1476/1171/1204 1755/1268/1483
f 1476/1171/1204 1475/1173/1203 1756/1269/1484
f 1475/1173/1203 1473/1063/1201 1754/887/1482
f 1441/710/1169 1757/709/1485 1759/1270/1487
f 1443/1133/1171 1759/1270/1487 1760/1271/1488
f 1444/1134/1172 1760/1271/1488 1758/1272/1486
f 1757/709/1485 1761/164/1489 1763/1273/1491
f 1759/1270/1487 1763/1273/1491 1764/1274/1492
f 1760/1271/1488 1764/1274/1492 1762/1065/1490
f 1761/164/1489 1765/711/1493 1767/1275/1495
f 1763/1273/1491 1767/1275/1495 1768/1276/1496
f 1764/1274/1492 1768/1276/1496 1766/1066/1494
f 1765/711/1493 1769/712/1497 1771/1277/1499
f 1767/1275/1495 1771/1277/1499 1772/1278/1500
f 1768/1276/1496 1772/1278/1500 1770/1067/1498
f 1769/712/1497 1773/714/1501 1775/1279/1503
f 1771/1277/1499 1775/1279/1503 1776/1280/1504
f 1772/1278/1500 1776/1280/1504 1774/1068/1502
f 1773/714/1501 1777/715/1505 1779/1281/1507
f 1775/1279/1503 1779/1281/1507 1780/1282/1508
f 1776/1280/1504 1780/1282/1508 1778/1069/1506
f 1777/715/1505 1781/716/1509 1783/1283/1511
f 1779/1281/1507 1783/1283/1511 1784/1284/1512
f 1780/1282/1508 1784/1284/1512 1782/1070/1510
f 1781/716/1509 1478/852/1206 1480/1190/1208
f 1783/1283/1511 1480/1190/1208 1479/1192/1207
f 1784/1284/1512 1479/1192/1207 1477/1022/1205
f 1785/718/1513 1787/1285/1515 1459/1206/1187
f 1787/1285/1515 1788/1286/1516 1460/1207/1188
f 1788/1286/1516 1786/1029/1514 1458/1030/1186
f 1789/637/1517 1791/1287/1519 1787/1285/1515
f 1791/1287/1519 1792/1288/1520 1788/1286/1516
f 1792/1288/1520 1790/1071/1518 1786/1029/1514
f 1793/638/1521 1795/1289/1523 1791/1287/1519
f 1795/1289/1523 1796/1290/1524 1792/1288/1520
f 1796/1290/1524 1794/1072/1522 1790/1071/1518
f 1797/639/1525 1799/1291/1527 1795/1289/1523
f 1799/1291/1527 1800/1292/1528 1796/1290/1524
f 1800/1292/1528 1798/1073/1526 1794/1074/1522
f 1801/640/1529 1803/1293/1531 1799/1291/1527
f 1803/1293/1531 1804/1294/1532 1800/1292/1528
f 1804/1294/1532 1802/1075/1530 1798/1076/1526
f 1805/641/1533 1807/1295/1535 1803/1293/1531
f 1807/1295/1535 1808/1296/1536 1804/1294/1532
f 1808/1296/1536 1806/1077/1534 1802/1075/1530
f 1809/642/1537 1811/1297/1539 1807/1295/1535
f 1811/1297/1539 1812/1298/1540 1808/1296/1536
f 1812/1298/1540 1810/1078/1538 1806/1077/1534
f 1482/720/1210 1484/1135/1212 1811/1297/1539
f 1484/1135/1212 1483/1137/1211 1812/1298/1540
f 1483/1137/1211 1481/1000/1209 1810/1078/1538
f 1453/69/1181 1813/68/1541 1815/1299/1543
f 1455/1169/1183 1815/1299/1543 1816/1300/1544
f 1456/1170/1184 1816/1300/1544 1814/943/1542
f 1813/68/1541 1817/643/1545 1819/1301/1547
f 1815/1299/1543 1819/1301/1547 1820/1302/1548
f 1816/1300/1544 1820/1302/1548 1818/1079/1546
f 1817/643/1545 1821/70/1549 1823/1303/1551
f 1819/1301/1547 1823/1303/1551 1824/1304/1552
f 1820/1302/1548 1824/1304/1552 1822/875/1550
f 1821/70/1549 1825/72/1553 1827/1305/1555
f 1823/1303/1551 1827/1305/1555 1828/1306/1556
f 1824/1304/1552 1828/1306/1556 1826/876/1554
f 1825/72/1553 1829/73/1557 1831/1307/1559
f 1827/1305/1555 1831/1307/1559 1832/1308/1560
f 1828/1306/1556 1832/1308/1560 1830/1080/1558
f 1829/73/1557 1833/75/1561 1835/1309/1563
f 1831/1307/1559 1835/1309/1563 1836/1310/1564
f 1832/1308/1560 1836/1310/1564 1834/878/1562
f 1833/75/1561 1837/76/1565 1839/1311/1567
f 1835/1309/1563 1839/1311/1567 1840/1312/1568
f 1836/1310/1564 1840/1312/1568 1838/926/1566
f 1837/76/1565 1487/572/1215 1495/1104/1223
f 1839/1311/1567 1495/1104/1223 1491/1102/1219
f 1840/1312/1568 1491/1102/1219 1486/944/1214
f 1841/78/1569 1843/1313/1571 1467/1239/1195
f 1843/1313/1571 1844/1316/1572 1468/1314/1196
f 1468/1314/1196 1844/1316/1572 1842/440/1570
f 1845/79/1573 1847/1315/1574 1843/1313/1571
f 1847/1315/1574 1848/1318/1575 1844/1316/1572
f 1844/1316/1572 1848/1318/1575 1846/1082/1570
f 1849/384/1576 1851/1317/1578 1847/1315/1574
f 1851/1317/1578 1852/1320/1579 1848/1318/1575
f 1848/1318/1575 1852/1320/1579 1850/1084/1577
f 1853/385/1580 1855/1319/1582 1851/1317/1578
f 1855/1319/1582 1856/1322/1583 1852/1320/1579
f 1852/1320/1579 1856/1322/1583 1854/1085/1581
f 1857/386/1584 1859/1321/1585 1855/1319/1582
f 1859/1321/1585 1860/1323/1586 1856/1322/1583
f 1860/1323/1586 1858/1086/1581 1854/1087/1581
f 1861/387/1587 1863/1324/1589 1859/1321/1585
f 1863/1324/1589 1864/1325/1590 1860/1323/1586
f 1864/1325/1590 1862/1088/1588 1858/1089/1581
f 1865/388/1591 1867/1326/1593 1863/1324/1589
f 1867/1326/1593 1868/1327/1594 1864/1325/1590
f 1868/1327/1594 1866/1090/1592 1862/1091/1588
f 1498/81/1226 1500/1118/1228 1867/1326/1593
f 1500/1118/1228 1499/1119/1227 1868/1327/1594
f 1499/1119/1227 1497/986/1225 1866/1090/1592
f 1869/389/1595 1871/1330/1597 1447/1151/1175
f 1447/1151/1175 1871/1330/1597 1872/1328/1598
f 1448/1152/1176 1872/1328/1598 1870/1092/1596
f 1869/389/1595 1873/390/1599 1875/1329/1601
f 1871/1330/1597 1875/1329/1601 1876/1331/1602
f 1872/1328/1598 1876/1331/1602 1874/1093/1600
f 1873/390/1599 1877/796/1603 1879/1332/1605
f 1875/1329/1601 1879/1332/1605 1880/1333/1606
f 1876/1331/1602 1880/1333/1606 1878/1094/1604
f 1877/796/1603 1881/798/1607 1883/1334/1609
f 1879/1332/1605 1883/1334/1609 1884/1335/1610
f 1880/1333/1606 1884/1335/1610 1882/1095/1608
f 1881/798/1607 1885/799/1611 1887/1336/1613
f 1883/1334/1609 1887/1336/1613 1888/1337/1614
f 1884/1335/1610 1888/1337/1614 1886/1096/1612
f 1885/799/1611 1889/800/1615 1891/1338/1617
f 1887/1336/1613 1891/1338/1617 1892/1339/1618
f 1888/1337/1614 1892/1339/1618 1890/1097/1616
f 1889/800/1615 1893/302/1619 1895/1340/1621
f 1891/1338/1617 1895/1340/1621 1896/1341/1622
f 1892/1339/1618 1896/1341/1622 1894/892/1620
f 1893/302/1619 1502/304/1230 1504/1241/1232
f 1895/1340/1621 1504/1241/1232 1503/1243/1231
f 1896/1341/1622 1503/1243/1231 1501/1052/1229
f 1954/1342/1680 1961/880/1687 1963/1343/1689
f 1956/1344/1682 1963/1343/1689 1964/1345/1690
f 1955/1346/1681 1964/1345/1690 1962/80/1688
f 1961/1347/1687 1965/977/1691 1967/1348/1693
f 1963/1343/1689 1967/1348/1693 1968/1349/1694
f 1964/1345/1690 1968/1349/1694 1966/731/1692
f 1965/1350/1691 1969/959/1695 1971/1351/1697
f 1967/1348/1693 1971/1351/1697 1972/1352/1698
f 1968/1349/1694 1972/1352/1698 1970/732/1696
f 1969/989/1695 1973/960/1699 1975/1353/1701
f 1971/1351/1697 1975/1353/1701 1976/1354/1702
f 1972/1352/1698 1976/1354/1702 1974/733/1700
f 1973/1355/1699 1977/961/1703 1979/1356/1705
f 1975/1353/1701 1979/1356/1705 1980/1357/1706
f 1976/1354/1702 1980/1357/1706 1978/735/1704
f 1977/1358/1703 1981/962/1707 1983/1359/1709
f 1979/1356/1705 1983/1359/1709 1984/1360/1710
f 1980/1357/1706 1984/1360/1710 1982/736/1708
f 1981/1361/1707 1985/963/1711 1987/1362/1713
f 1983/1359/1709 1987/1362/1713 1988/1363/1714
f 1984/1360/1710 1988/1363/1714 1986/737/1712
f 1985/1364/1711 1897/801/1623 1899/1365/1625
f 1987/1362/1713 1899/1365/1625 1900/1366/1626
f 1988/1363/1714 1900/1366/1626 1898/710/1624
f 1938/957/1664 1989/956/1715 1991/1367/1717
f 1940/1368/1666 1991/1367/1717 1992/1369/1718
f 1939/1370/1665 1992/1369/1718 1990/721/1716
f 1989/956/1715 1993/964/1719 1995/1371/1721
f 1991/1367/1717 1995/1371/1721 1996/1372/1722
f 1992/1369/1718 1996/1372/1722 1994/738/1720
f 1993/964/1719 1997/965/1723 1999/1373/1725
f 1995/1371/1721 1999/1373/1725 2000/1374/1726
f 1996/1372/1722 2000/1374/1726 1998/788/1724
f 1997/965/1723 2001/966/1727 2003/1375/1729
f 1999/1373/1725 2003/1375/1729 2004/1376/1730
f 2000/1374/1726 2004/1376/1730 2002/789/1728
f 2001/966/1727 2005/967/1731 2007/1377/1733
f 2003/1375/1729 2007/1377/1733 2008/1378/1734
f 2004/1376/1730 2008/1378/1734 2006/791/1732
f 2005/969/1731 2009/968/1735 2011/1379/1737
f 2007/1377/1733 2011/1379/1737 2012/1380/1738
f 2008/1378/1734 2012/1380/1738 2010/792/1736
f 2009/968/1735 2013/970/1739 2015/1381/1741
f 2011/1379/1737 2015/1381/1741 2016/1382/1742
f 2016/1382/1742 2014/793/1740 2010/792/1736
f 2013/946/1739 1901/945/1627 1903/1383/1629
f 2015/1381/1741 1903/1383/1629 1904/1384/1630
f 1904/1384/1630 1902/795/1628 2014/793/1740
f 1926/863/1652 2017/901/1743 2019/1385/1745
f 1928/1386/1654 2019/1385/1745 2020/1387/1746
f 1927/1388/1653 2020/1387/1746 2018/794/1744
f 2017/901/1743 2021/866/1747 2023/1389/1749
f 2019/1385/1745 2023/1389/1749 2024/1390/1750
f 2020/1387/1746 2024/1390/1750 2022/61/1748
f 2021/866/1747 2025/865/1751 2027/1391/1753
f 2023/1389/1749 2027/1391/1753 2028/1392/1754
f 2024/1390/1750 2028/1392/1754 2026/60/1752
f 2025/865/1751 2029/867/1755 2031/1393/1757
f 2027/1391/1753 2031/1393/1757 2032/1394/1758
f 2028/1392/1754 2032/1394/1758 2030/62/1756
f 2029/867/1755 2033/868/1759 2035/1395/1761
f 2031/1393/1757 2035/1395/1761 2036/1396/1762
f 2032/1394/1758 2036/1396/1762 2034/63/1760
f 2033/868/1759 2037/869/1763 2039/1397/1765
f 2035/1395/1761 2039/1397/1765 2040/1398/1766
f 2036/1396/1762 2040/1398/1766 2038/64/1764
f 2037/869/1763 2041/870/1767 2043/1399/1769
f 2039/1397/1765 2043/1399/1769 2044/1400/1770
f 2040/1398/1766 2044/1400/1770 2042/65/1768
f 2041/870/1767 1909/916/1635 1911/1401/1637
f 2043/1399/1769 1911/1401/1637 1912/1402/1638
f 2044/1400/1770 1912/1402/1638 1910/69/1636
f 1930/909/1656 2045/899/1771 2047/1403/1773
f 1932/1404/1658 2047/1403/1773 2048/1405/1774
f 1931/1406/1657 2048/1405/1774 2046/66/1772
f 2045/899/1771 2049/871/1775 2051/1407/1777
f 2047/1403/1773 2051/1407/1777 2052/1408/1778
f 2048/1405/1774 2052/1408/1778 2050/67/1776
f 2049/871/1775 2053/910/1779 2055/1409/1781
f 2051/1407/1777 2055/1409/1781 2056/1410/1782
f 2052/1408/1778 2056/1410/1782 2054/443/1780
f 2053/910/1779 2057/911/1783 2059/1411/1785
f 2055/1409/1781 2059/1411/1785 2060/1412/1786
f 2056/1410/1782 2060/1412/1786 2058/445/1784
f 2057/911/1783 2061/912/1787 2063/1413/1789
f 2059/1411/1785 2063/1413/1789 2064/1414/1790
f 2060/1412/1786 2064/1414/1790 2062/446/1788
f 2061/912/1787 2065/913/1791 2067/1415/1793
f 2063/1413/1789 2067/1415/1793 2068/1416/1794
f 2064/1414/1790 2068/1416/1794 2066/447/1792
f 2065/913/1791 2069/914/1795 2071/1417/1797
f 2067/1415/1793 2071/1417/1797 2072/1418/1798
f 2068/1416/1794 2072/1418/1798 2070/448/1796
f 2069/914/1795 1905/971/1631 1907/1419/1633
f 2071/1417/1797 1907/1419/1633 1908/1420/1634
f 2072/1418/1798 1908/1420/1634 1906/452/1632
f 2073/890/1799 2075/1422/1801 1936/1421/1662
f 2075/1422/1801 2076/1424/1802 1935/1423/1661
f 2076/1424/1802 2074/166/1800 1933/167/1659
f 2077/915/1803 2079/1425/1805 2075/1422/1801
f 2079/1425/1805 2080/1426/1806 2076/1424/1802
f 2080/1426/1806 2078/450/1804 2074/166/1800
f 2081/978/1807 2083/1427/1809 2079/1425/1805
f 2083/1427/1809 2084/1428/1810 2080/1426/1806
f 2084/1428/1810 2082/853/1808 2078/450/1804
f 2085/979/1811 2087/1429/1813 2083/1427/1809
f 2087/1429/1813 2088/1430/1814 2084/1428/1810
f 2088/1430/1814 2086/855/1812 2082/853/1808
f 2089/981/1815 2091/1431/1817 2087/1429/1813
f 2091/1431/1817 2092/1432/1818 2088/1430/1814
f 2092/1432/1818 2090/856/1816 2086/855/1812
f 2093/982/1819 2095/1433/1821 2091/1431/1817
f 2095/1433/1821 2096/1434/1822 2092/1432/1818
f 2096/1434/1822 2094/857/1820 2090/856/1816
f 2097/872/1823 2099/1435/1825 2095/1433/1821
f 2099/1435/1825 2100/1436/1826 2096/1434/1822
f 2100/1436/1826 2098/859/1824 2094/857/1820
f 1913/873/1639 1915/1437/1641 2099/1435/1825
f 1915/1437/1641 1916/1438/1642 2100/1436/1826
f 1916/1438/1642 1914/861/1640 2098/859/1824
f 2101/983/1827 2103/1439/1829 1950/1115/1676
f 2103/1439/1829 2104/1440/1830 1945/1108/1671
f 2104/1440/1830 2102/645/1828 1941/1109/1667
f 2105/927/1831 2107/1441/1833 2103/1439/1829
f 2107/1441/1833 2108/1442/1834 2104/1440/1830
f 2108/1442/1834 2106/860/1832 2102/645/1828
f 2109/928/1835 2111/1443/1837 2107/1441/1833
f 2111/1443/1837 2112/1444/1838 2108/1442/1834
f 2112/1444/1838 2110/575/1836 2106/860/1832
f 2113/929/1839 2115/1445/1841 2111/1443/1837
f 2115/1445/1841 2116/1446/1842 2112/1444/1838
f 2116/1446/1842 2114/577/1840 2110/575/1836
f 2117/930/1843 2119/1447/1845 2115/1445/1841
f 2119/1447/1845 2120/1448/1846 2116/1446/1842
f 2120/1448/1846 2118/578/1844 2114/577/1840
f 2121/1449/1847 2123/1450/1849 2119/1447/1845
f 2123/1450/1849 2124/1451/1850 2120/1448/1846
f 2124/1451/1850 2122/580/1848 2118/578/1844
f 2121/1449/1847 2125/931/1851 2127/1452/1853
f 2123/1450/1849 2127/1452/1853 2128/1453/1854
f 2124/1451/1850 2128/1453/1854 2126/582/1852
f 2125/931/1851 1917/935/1643 1919/1454/1645
f 2127/1452/1853 1919/1454/1645 1920/1455/1646
f 2128/1453/1854 1920/1455/1646 1918/153/1644
f 2129/932/1855 2131/1456/1857 1907/1419/1633
f 2131/1456/1857 2132/1225/1858 1908/1420/1634
f 2132/1225/1858 2130/451/1856 1906/452/1632
f 2133/933/1859 2135/1457/1861 2131/1456/1857
f 2135/1457/1861 2136/1458/1862 2132/1225/1858
f 2136/1458/1862 2134/454/1860 2130/451/1856
f 2137/918/1863 2139/1459/1865 2135/1457/1861
f 2139/1459/1865 2140/1460/1866 2136/1458/1862
f 2140/1460/1866 2138/453/1864 2134/454/1860
f 2141/919/1867 2143/1461/1869 2139/1459/1865
f 2143/1461/1869 2144/1462/1870 2140/1460/1866
f 2144/1462/1870 2142/455/1868 2138/453/1864
f 2145/920/1871 2147/1463/1873 2143/1461/1869
f 2147/1463/1873 2148/1464/1874 2144/1462/1870
f 2148/1464/1874 2146/456/1872 2142/455/1868
f 2149/922/1875 2151/1465/1877 2147/1463/1873
f 2151/1465/1877 2152/1236/1878 2148/1464/1874
f 2152/1236/1878 2150/457/1876 2146/456/1872
f 2153/924/1879 2155/1466/1881 2151/1465/1877
f 2155/1466/1881 2156/1238/1882 2152/1236/1878
f 2156/1238/1882 2154/458/1880 2150/457/1876
f 1921/882/1647 1923/1467/1649 2155/1466/1881
f 1923/1467/1649 1924/1468/1650 2156/1238/1882
f 1924/1468/1650 1922/383/1648 2154/458/1880
f 2157/925/1883 2159/1470/1885 1960/1469/1686
f 2159/1470/1885 2160/1472/1886 1959/1471/1685
f 2160/1472/1886 2158/366/1884 1957/303/1683
f 2161/893/1887 2163/1473/1889 2159/1470/1885
f 2163/1473/1889 2164/1474/1890 2160/1472/1886
f 2164/1474/1890 2162/306/1888 2158/366/1884
f 2165/894/1891 2167/1475/1893 2163/1473/1889
f 2167/1475/1893 2168/1476/1894 2164/1474/1890
f 2168/1476/1894 2166/305/1892 2162/306/1888
f 2169/895/1895 2171/1477/1897 2167/1475/1893
f 2171/1477/1897 2172/1478/1898 2168/1476/1894
f 2172/1478/1898 2170/307/1896 2166/305/1892
f 2173/896/1899 2175/1479/1901 2171/1477/1897
f 2175/1479/1901 2176/1480/1902 2172/1478/1898
f 2176/1480/1902 2174/308/1900 2170/307/1896
f 2177/897/1903 2179/1253/1905 2175/1479/1901
f 2179/1253/1905 2180/1481/1906 2176/1480/1902
f 2180/1481/1906 2178/309/1904 2174/308/1900
f 2177/897/1903 2181/864/1907 2183/1482/1909
f 2183/1482/1909 2184/1483/1910 2180/1481/1906
f 2180/1481/1906 2184/1483/1910 2182/59/1908
f 2181/864/1907 1926/863/1652 1928/1386/1654
f 1928/1386/1654 1927/1388/1653 2184/1483/1910
f 2184/1483/1910 1927/1388/1653 1925/58/1651
f 1917/935/1643 2185/934/1911 2187/1484/1913
f 1919/1454/1645 2187/1484/1913 2188/1485/1914
f 1920/1455/1646 2188/1485/1914 2186/154/1912
f 2185/934/1911 2189/898/1915 2191/1486/1917
f 2187/1484/1913 2191/1486/1917 2192/1487/1918
f 2188/1485/1914 2192/1487/1918 2190/157/1916
f 2189/898/1915 2193/883/1919 2195/1488/1921
f 2191/1486/1917 2195/1488/1921 2196/1489/1922
f 2192/1487/1918 2196/1489/1922 2194/156/1920
f 2193/883/1919 2197/884/1923 2199/1490/1925
f 2195/1488/1921 2199/1490/1925 2200/1491/1926
f 2196/1489/1922 2200/1491/1926 2198/158/1924
f 2197/884/1923 2201/885/1927 2203/1492/1929
f 2199/1490/1925 2203/1492/1929 2204/1493/1930
f 2200/1491/1926 2204/1493/1930 2202/160/1928
f 2201/885/1927 2205/886/1931 2207/1494/1933
f 2203/1492/1929 2207/1494/1933 2208/1495/1934
f 2204/1493/1930 2208/1495/1934 2206/161/1932
f 2205/886/1931 2209/887/1935 2211/1496/1937
f 2207/1494/1933 2211/1496/1937 2212/1497/1938
f 2208/1495/1934 2212/1497/1938 2210/163/1936
f 2209/887/1935 1930/909/1656 1932/1404/1658
f 2211/1496/1937 1932/1404/1658 1931/1406/1657
f 2212/1497/1938 1931/1406/1657 1929/442/1655
f 2213/802/1939 2215/1498/1941 1899/1365/1625
f 2215/1498/1941 2216/1499/1942 1900/1366/1626
f 2216/1499/1942 2214/165/1940 1898/710/1624
f 2217/888/1943 2219/1500/1945 2215/1498/1941
f 2219/1500/1945 2220/1501/1946 2216/1499/1942
f 2220/1501/1946 2218/164/1944 2214/165/1940
f 2221/948/1947 2223/1502/1949 2219/1500/1945
f 2223/1502/1949 2224/1503/1950 2220/1501/1946
f 2224/1503/1950 2222/711/1948 2218/164/1944
f 2225/949/1951 2227/1504/1953 2223/1502/1949
f 2227/1504/1953 2228/1505/1954 2224/1503/1950
f 2228/1505/1954 2226/713/1952 2222/711/1948
f 2229/951/1955 2231/1506/1957 2227/1504/1953
f 2231/1506/1957 2232/1507/1958 2228/1505/1954
f 2232/1507/1958 2230/714/1956 2226/713/1952
f 2233/953/1959 2235/1508/1961 2231/1506/1957
f 2235/1508/1961 2236/1509/1962 2232/1507/1958
f 2236/1509/1962 2234/715/1960 2230/714/1956
f 2237/954/1963 2239/1510/1965 2235/1508/1961
f 2239/1510/1965 2240/1511/1966 2236/1509/1962
f 2240/1511/1966 2238/717/1964 2234/715/1960
f 1934/889/1660 1936/1421/1662 2239/1510/1965
f 1936/1421/1662 1935/1423/1661 2240/1511/1966
f 1935/1423/1661 1933/167/1659 2238/717/1964
f 1913/984/1639 2241/955/1967 2243/1512/1969
f 1915/1437/1641 2243/1512/1969 2244/1513/1970
f 1916/1438/1642 2244/1513/1970 2242/718/1968
f 2241/955/1967 2245/937/1971 2247/1514/1973
f 2243/1512/1969 2247/1514/1973 2248/1515/1974
f 2244/1513/1970 2248/1515/1974 2246/719/1972
f 2245/937/1971 2249/936/1975 2251/1516/1977
f 2247/1514/1973 2251/1516/1977 2252/1517/1978
f 2248/1515/1974 2252/1517/1978 2250/638/1976
f 2249/936/1975 2253/938/1979 2255/1518/1981
f 2251/1516/1977 2255/1518/1981 2256/1519/1982
f 2252/1517/1978 2256/1519/1982 2254/639/1980
f 2253/940/1979 2257/939/1983 2259/1520/1985
f 2255/1518/1981 2259/1520/1985 2260/1521/1986
f 2256/1519/1982 2260/1521/1986 2258/640/1984
f 2257/939/1983 2261/941/1987 2263/1522/1989
f 2259/1520/1985 2263/1522/1989 2264/1523/1990
f 2260/1521/1986 2264/1523/1990 2262/641/1988
f 2261/941/1987 2265/942/1991 2267/1524/1993
f 2263/1522/1989 2267/1524/1993 2268/1525/1994
f 2264/1523/1990 2268/1525/1994 2266/642/1992
f 2265/942/1991 1938/957/1664 1940/1368/1666
f 2267/1524/1993 1940/1368/1666 1939/1370/1665
f 2268/1525/1994 1939/1370/1665 1937/720/1663
f 2269/943/1995 2271/1526/1997 1911/1401/1637
f 2271/1526/1997 2272/1527/1998 1912/1402/1638
f 2272/1527/1998 2270/68/1996 1910/69/1636
f 2273/874/1999 2275/1528/2001 2271/1526/1997
f 2275/1528/2001 2276/1529/2002 2272/1527/1998
f 2276/1529/2002 2274/71/2000 2270/68/1996
f 2277/875/2003 2279/1530/2005 2275/1528/2001
f 2279/1530/2005 2280/1531/2006 2276/1529/2002
f 2280/1531/2006 2278/70/2004 2274/71/2000
f 2281/876/2007 2283/1532/2009 2279/1530/2005
f 2283/1532/2009 2284/1533/2010 2280/1531/2006
f 2284/1533/2010 2282/72/2008 2278/70/2004
f 2285/877/2011 2287/1534/2013 2283/1532/2009
f 2287/1534/2013 2288/1535/2014 2284/1533/2010
f 2288/1535/2014 2286/74/2012 2282/72/2008
f 2289/878/2015 2291/1536/2017 2287/1534/2013
f 2291/1536/2017 2292/1537/2018 2288/1535/2014
f 2292/1537/2018 2290/75/2016 2286/74/2012
f 2293/926/2019 2295/1538/2021 2291/1536/2017
f 2295/1538/2021 2296/1539/2022 2292/1537/2018
f 2296/1539/2022 2294/77/2020 2290/75/2016
f 1943/944/1669 1951/1540/1677 2295/1538/2021
f 1951/1540/1677 1947/1113/1673 2296/1539/2022
f 1947/1113/1673 1942/573/1668 2294/77/2020
f 2297/908/2023 2299/1542/2025 1923/1467/1649
f 2299/1542/2025 2300/1543/2026 1924/1468/1650
f 2300/1543/2026 2298/78/2024 1922/383/1648
f 2297/908/2023 2301/879/2027 2303/1544/2029
f 2299/1542/2025 2303/1544/2029 2304/1545/2030
f 2304/1545/2030 2302/79/2028 2298/78/2024
f 2301/879/2027 2305/902/2031 2307/1546/2033
f 2303/1544/2029 2307/1546/2033 2308/1547/2034
f 2308/1547/2034 2306/384/2032 2302/79/2028
f 2305/1548/2031 2309/903/2035 2311/1549/2037
f 2307/1546/2033 2311/1549/2037 2312/1550/2038
f 2312/1550/2038 2310/385/2036 2306/384/2032
f 2309/1551/2035 2313/904/2039 2315/1552/2041
f 2311/1549/2037 2315/1552/2041 2316/1553/2042
f 2316/1553/2042 2314/386/2040 2310/385/2036
f 2313/1554/2039 2317/905/2043 2319/1555/2045
f 2315/1552/2041 2319/1555/2045 2320/1556/2046
f 2316/1553/2042 2320/1556/2046 2318/387/2044
f 2317/1557/2043 2321/906/2047 2323/1558/2049
f 2319/1555/2045 2323/1558/2049 2324/1559/2050
f 2320/1556/2046 2324/1559/2050 2322/388/2048
f 2321/1560/2047 1954/958/1680 1956/1344/1682
f 2323/1558/2049 1956/1344/1682 1955/1346/1681
f 2324/1559/2050 1955/1346/1681 1953/81/1679
f 2325/907/2051 2327/1561/2053 1903/1383/1629
f 2327/1561/2053 2328/1562/2054 1904/1384/1630
f 2328/1562/2054 2326/389/2052 1902/795/1628
f 2329/972/2055 2331/1563/2057 2327/1561/2053
f 2331/1563/2057 2332/1564/2058 2328/1562/2054
f 2332/1564/2058 2330/390/2056 2326/389/2052
f 2333/973/2059 2335/1565/2061 2331/1563/2057
f 2335/1565/2061 2336/1566/2062 2332/1564/2058
f 2336/1566/2062 2334/796/2060 2330/390/2056
f 2337/974/2063 2339/1567/2065 2335/1565/2061
f 2339/1567/2065 2340/1568/2066 2336/1566/2062
f 2340/1568/2066 2338/797/2064 2334/796/2060
f 2341/975/2067 2343/1569/2069 2339/1567/2065
f 2343/1569/2069 2344/1570/2070 2340/1568/2066
f 2344/1570/2070 2342/799/2068 2338/797/2064
f 2345/976/2071 2347/1571/2073 2343/1569/2069
f 2347/1571/2073 2348/1572/2074 2344/1570/2070
f 2348/1572/2074 2346/800/2072 2342/799/2068
f 2349/892/2075 2351/1573/2077 2347/1571/2073
f 2351/1573/2077 2352/1574/2078 2348/1572/2074
f 2352/1574/2078 2350/302/2076 2346/800/2072
f 1958/900/1684 1960/1469/1686 2351/1573/2077
f 1960/1469/1686 1959/1471/1685 2352/1574/2078
f 1959/1471/1685 1957/303/1683 2350/302/2076
f 1487/572/1215 1942/573/1668 1948/1110/1674
f 1948/1110/1674 1944/1107/1670 1489/1099/1217
f 1944/1107/1670 1941/1109/1667 1485/644/1213
f 1441/710/1169 1529/737/1257 1986/737/1712
f 2378/1575/2098 2357/1728/2083 2384/1576/2102
f 2434/1578/2103 2393/1635/2103 2366/1579/2091
f 2380/1581/2085 2362/1660/2088 2426/1582/2088
f 2386/1584/2104 2361/1594/2087 2425/1585/2122
f 2427/1587/2082 2365/1667/2082 2360/1588/2086
f 2537/1590/2085 2435/1590/2124 2441/1591/2129
f 2379/1592/2082 2365/1667/2082 2427/1587/2082
f 2361/1594/2087 2367/1663/2085 2428/1595/2085
f 2383/1596/2101 2358/1718/2084 2364/1597/2090
f 2410/1599/2082 2354/1742/2080 2356/1600/2082
f 2422/1602/2085 2418/1610/2085 2376/1603/2085
f 2417/1605/2082 2375/1665/2082 2371/1588/2095
f 2421/1607/2082 2414/1608/2082 2374/1608/2082
f 2418/1610/2085 2413/1620/2116 2372/1611/2096
f 2420/1612/2119 2415/1606/2117 2371/1588/2095
f 2423/1614/2120 2366/1664/2091 2379/1592/2082
f 2428/1595/2085 2367/1663/2085 2380/1581/2085
f 2387/1598/2105 2364/1597/2090 2378/1575/2098
f 2359/1615/2085 2406/1743/2115 2411/1616/2085
f 2387/1598/2105 2391/1577/2108 2396/1618/2112
f 2413/1620/2116 2419/1584/2118 2390/1584/2107
f 2618/1621/2237 2616/1669/2235 2533/1584/2191
f 2383/1596/2101 2387/1598/2105 2394/1619/2110
f 2398/1623/2104 2386/1584/2104 2431/1586/2123
f 2426/1582/2088 2362/1660/2088 2388/1625/2103
f 2396/1618/2112 2391/1577/2108 2384/1576/2102
f 2377/1628/2097 2396/1618/2112 2397/1627/2113
f 2360/1588/2086 2398/1623/2104 2433/1624/2123
f 2538/1630/2082 2540/1608/2082 2440/1608/2128
f 2392/1622/2109 2394/1619/2110 2363/1631/2089
f 2503/1633/2169 2493/1633/2161 2495/1634/2162
f 2394/1619/2110 2396/1618/2112 2377/1628/2097
f 2419/1584/2118 2420/1612/2119 2399/1613/2107
f 2432/1626/2103 2388/1625/2103 2393/1635/2103
f 2687/1636/2292 2403/1671/2111 2395/1637/2111
f 2400/1639/2114 2404/1642/2106 2688/1640/2293
f 2404/1642/2106 2389/1672/2106 2693/1643/2298
f 2369/1644/2093 2403/1671/2111 2687/1636/2292
f 2683/1646/2288 2370/1673/2094 2381/1647/2099
f 2686/1649/2291 2402/1658/2100 2382/1650/2100
f 2694/1638/2299 2395/1637/2111 2370/1652/2094
f 2382/1650/2100 2369/1644/2093 2690/1645/2295
f 2693/1643/2298 2389/1672/2106 2368/1654/2092
f 2401/1656/2099 2400/1639/2114 2684/1641/2289
f 2381/1647/2099 2401/1656/2099 2685/1657/2290
f 2689/1655/2294 2368/1654/2092 2402/1658/2100
f 2388/1625/2103 2385/1661/2103 2412/1659/2103
f 2546/1591/2085 2500/1591/2166 2489/1591/2158
f 2362/1660/2088 2406/1743/2115 2385/1661/2103
f 2613/1662/2232 2610/1588/2229 2530/1588/2188
f 2407/1617/2085 2411/1616/2085 2380/1581/2085
f 2366/1664/2091 2354/1742/2080 2410/1599/2082
f 2421/1607/2082 2409/1609/2082 2375/1665/2082
f 2422/1602/2085 2408/1604/2085 2373/1591/2085
f 2453/1604/2085 2461/1685/2085 2458/1591/2137
f 2379/1592/2082 2410/1599/2082 2405/1601/2082
f 2609/1668/2228 2534/1594/2192 2533/1584/2191
f 2393/1635/2103 2412/1659/2103 2354/1670/2080
f 2411/1616/2085 2406/1743/2115 2362/1660/2088
f 2407/1617/2085 2422/1602/2085 2416/1591/2085
f 2405/1601/2082 2421/1607/2082 2417/1605/2082
f 2386/1584/2104 2398/1623/2104 2420/1612/2119
f 2361/1594/2087 2386/1584/2104 2419/1584/2118
f 2398/1623/2104 2360/1588/2086 2415/1606/2117
f 2367/1663/2085 2361/1594/2087 2413/1620/2116
f 2405/1601/2082 2356/1600/2082 2414/1608/2082
f 2365/1667/2082 2417/1605/2082 2415/1606/2117
f 2407/1617/2085 2367/1663/2085 2418/1610/2085
f 2403/1671/2111 2432/1626/2103 2434/1578/2103
f 2424/1589/2121 2433/1624/2123 2404/1642/2106
f 2369/1644/2093 2426/1582/2088 2432/1626/2103
f 2433/1624/2123 2431/1586/2123 2389/1672/2106
f 2402/1658/2100 2428/1595/2085 2430/1583/2085
f 2370/1673/2094 2423/1614/2120 2429/1593/2082
f 2368/1654/2092 2425/1585/2122 2428/1595/2085
f 2429/1593/2082 2427/1587/2082 2401/1656/2099
f 2427/1587/2082 2424/1589/2121 2400/1639/2114
f 2431/1586/2123 2425/1585/2122 2368/1654/2092
f 2430/1583/2085 2426/1582/2088 2369/1644/2093
f 2395/1637/2111 2434/1578/2103 2423/1580/2120
f 2440/1608/2128 2442/1675/2126 2439/1674/2127
f 2442/1675/2126 2437/1677/2126 2438/1676/2127
f 2437/1677/2126 2441/1591/2129 2435/1590/2124
f 2500/1591/2166 2501/1677/2167 2490/1677/2159
f 2637/1630/2082 2644/1609/2082 2454/1609/2082
f 2643/1678/2085 2453/1604/2085 2444/1666/2131
f 2642/1612/2205 2452/1612/2135 2450/1584/2135
f 2634/1634/2253 2641/1633/2257 2451/1633/2134
f 2640/1584/2205 2450/1584/2135 2447/1594/2132
f 2641/1633/2257 2639/1680/2256 2449/1680/2134
f 2638/1590/2085 2446/1683/2085 2453/1604/2085
f 2635/1588/2254 2637/1630/2082 2445/1630/2082
f 2644/1609/2082 2634/1709/2253 2448/1682/2133
f 2633/1594/2252 2447/1594/2132 2446/1683/2085
f 2639/1680/2256 2636/1591/2255 2444/1666/2131
f 2463/1680/2140 2459/1633/2138 2451/1633/2134
f 2466/1584/2143 2450/1584/2135 2452/1612/2135
f 2450/1584/2135 2466/1584/2143 2465/1684/2142
f 2459/1633/2138 2464/1634/2141 2448/1679/2133
f 2458/1591/2137 2463/1680/2140 2449/1680/2134
f 2445/1630/2082 2454/1609/2082 2457/1609/2082
f 2464/1608/2141 2457/1609/2082 2454/1609/2082
f 2443/1681/2130 2456/1708/2136 2460/1612/2139
f 2462/1630/2082 2456/1708/2136 2443/1681/2130
f 2446/1683/2085 2455/1590/2085 2461/1685/2085
f 2447/1594/2132 2465/1684/2142 2455/1590/2085
f 2601/1590/2085 2558/1611/2199 2486/1611/2156
f 2635/1588/2254 2443/1681/2130 2452/1612/2135
f 2567/1683/2085 2565/1611/2204 2477/1686/2149
f 2561/1604/2085 2473/1604/2085 2470/1688/2145
f 2563/1680/2202 2475/1680/2146 2471/1633/2146
f 2572/1612/2205 2472/1612/2147 2478/1584/2150
f 2566/1584/2205 2478/1584/2150 2477/1686/2149
f 2571/1633/2202 2471/1633/2146 2476/1634/2148
f 2570/1689/2207 2470/1688/2145 2475/1680/2146
f 2562/1690/2082 2569/1691/2082 2469/1691/2082
f 2569/1691/2082 2564/1608/2203 2476/1608/2148
f 2568/1681/2206 2468/1693/2144 2472/1612/2147
f 2562/1690/2082 2474/1692/2082 2468/1693/2144
f 2567/1683/2085 2467/1687/2085 2473/1604/2085
f 2560/1694/2201 2606/1604/2085 2581/1604/2085
f 2607/1680/2225 2484/1680/2153 2481/1633/2153
f 2605/1623/2226 2482/1612/2154 2487/1584/2154
f 2559/1584/2200 2487/1584/2154 2486/1611/2156
f 2604/1633/2225 2481/1633/2153 2485/1634/2155
f 2560/1694/2201 2480/1591/2152 2484/1680/2153
f 2603/1691/2082 2580/1697/2082 2483/1695/2082
f 2608/1608/2227 2485/1608/2155 2580/1697/2082
f 2602/1698/2224 2479/1693/2151 2482/1612/2154
f 2557/1696/2082 2483/1695/2082 2479/1693/2151
f 2606/1604/2085 2601/1590/2085 2579/1683/2085
f 2510/1675/2173 2509/1608/2172 2496/1608/2163
f 2501/1677/2167 2505/1675/2167 2491/1675/2159
f 2505/1675/2167 2506/1608/2171 2488/1608/2157
f 2504/1699/2170 2495/1608/2162 2573/1608/2082
f 2502/1700/2168 2492/1591/2160 2494/1680/2161
f 2507/1680/2169 2494/1680/2161 2493/1633/2161
f 2512/1688/2174 2511/1677/2173 2498/1677/2165
f 2512/1688/2174 2497/1591/2164 2543/1591/2085
f 2511/1677/2173 2510/1675/2173 2499/1675/2165
f 2484/1680/2153 2507/1680/2169 2503/1633/2169
f 2480/1591/2152 2502/1700/2168 2507/1680/2169
f 2485/1608/2155 2504/1699/2170 2584/1699/2082
f 2442/1675/2126 2440/1608/2128 2506/1608/2171
f 2437/1677/2126 2442/1675/2126 2505/1675/2167
f 2441/1591/2129 2437/1677/2126 2501/1677/2167
f 2539/1591/2085 2441/1591/2129 2500/1591/2166
f 2481/1633/2153 2503/1633/2169 2504/1634/2170
f 2520/1677/2176 2515/1675/2176 2510/1675/2173
f 2516/1591/2177 2512/1688/2174 2547/1700/2085
f 2516/1591/2177 2520/1677/2176 2511/1677/2173
f 2515/1675/2176 2514/1608/2175 2509/1608/2172
f 2523/1675/2182 2522/1608/2181 2514/1608/2175
f 2527/1633/2186 2519/1633/2179 2585/1634/2211
f 2524/1700/2183 2528/1677/2182 2520/1677/2176
f 2524/1700/2183 2516/1591/2177 2550/1701/2085
f 2525/1704/2184 2517/1591/2178 2518/1680/2179
f 2526/1680/2185 2518/1680/2179 2519/1633/2179
f 2528/1677/2182 2523/1675/2182 2515/1675/2176
f 2490/1677/2159 2491/1675/2159 2523/1675/2182
f 2494/1680/2161 2526/1680/2185 2527/1633/2186
f 2492/1591/2160 2525/1704/2184 2526/1680/2185
f 2489/1591/2158 2524/1700/2183 2551/1703/2085
f 2489/1591/2158 2490/1677/2159 2528/1677/2182
f 2493/1633/2161 2527/1633/2186 2521/1702/2180
f 2573/1608/2082 2495/1608/2162 2521/1682/2180
f 2491/1675/2159 2488/1608/2157 2522/1608/2181
f 2553/1588/2195 2530/1588/2188 2532/1612/2190
f 2555/1594/2197 2556/1584/2198 2533/1584/2191
f 2554/1612/2196 2532/1612/2190 2533/1584/2191
f 2619/1705/2238 2611/1584/2230 2536/1584/2194
f 2618/1621/2237 2532/1612/2190 2530/1588/2188
f 2620/1612/2239 2617/1693/2236 2529/1693/2187
f 2615/1594/2234 2619/1705/2238 2535/1611/2193
f 2620/1612/2239 2531/1612/2189 2536/1584/2194
f 2612/1668/2231 2555/1594/2197 2534/1594/2192
f 2578/1584/2210 2588/1613/2214 2554/1612/2196
f 2578/1584/2210 2556/1584/2198 2555/1594/2197
f 2588/1613/2214 2587/1693/2213 2553/1588/2195
f 2488/1608/2157 2542/1608/2082 2552/1608/2082
f 2541/1591/2085 2551/1703/2085 2576/1704/2208
f 2576/1704/2208 2551/1703/2085 2550/1701/2085
f 2522/1608/2181 2552/1608/2082 2549/1707/2082
f 2514/1608/2175 2549/1707/2082 2548/1608/2082
f 2550/1701/2085 2547/1700/2085 2513/1701/2085
f 2581/1604/2085 2539/1591/2085 2546/1591/2085
f 2540/1608/2082 2545/1608/2082 2506/1608/2171
f 2547/1700/2085 2543/1591/2085 2583/1591/2085
f 2545/1608/2082 2542/1608/2082 2488/1608/2157
f 2509/1608/2172 2548/1608/2082 2544/1608/2082
f 2614/1588/2233 2613/1662/2232 2553/1588/2195
f 2575/1689/2085 2546/1591/2085 2541/1591/2085
f 2483/1695/2082 2580/1697/2082 2540/1608/2082
f 2579/1683/2085 2537/1590/2085 2539/1591/2085
f 2473/1604/2085 2467/1687/2085 2601/1590/2085
f 2468/1693/2144 2474/1692/2082 2557/1696/2082
f 2468/1693/2144 2602/1698/2224 2605/1623/2226
f 2476/1608/2148 2608/1608/2227 2603/1691/2082
f 2469/1691/2082 2603/1691/2082 2557/1696/2082
f 2470/1688/2145 2560/1694/2201 2607/1680/2225
f 2471/1633/2146 2604/1633/2225 2608/1634/2227
f 2478/1584/2150 2559/1584/2200 2558/1611/2199
f 2472/1612/2147 2605/1623/2226 2559/1584/2200
f 2475/1680/2146 2607/1680/2225 2604/1633/2225
f 2470/1688/2145 2473/1604/2085 2606/1604/2085
f 2477/1686/2149 2558/1611/2199 2601/1590/2085
f 2455/1590/2085 2567/1683/2085 2561/1604/2085
f 2456/1708/2136 2462/1630/2082 2562/1690/2082
f 2456/1708/2136 2568/1681/2206 2572/1612/2205
f 2457/1609/2082 2464/1608/2141 2564/1608/2203
f 2462/1630/2082 2457/1609/2082 2569/1691/2082
f 2463/1680/2140 2458/1591/2137 2570/1689/2207
f 2464/1634/2141 2459/1633/2138 2571/1633/2202
f 2466/1584/2143 2566/1584/2205 2565/1611/2204
f 2460/1612/2139 2572/1612/2205 2566/1584/2205
f 2459/1633/2138 2463/1680/2140 2563/1680/2202
f 2461/1685/2085 2561/1604/2085 2570/1689/2207
f 2465/1684/2142 2565/1611/2204 2567/1683/2085
f 2502/1700/2168 2575/1689/2085 2582/1591/2085
f 2614/1588/2233 2587/1693/2213 2529/1693/2187
f 2480/1591/2152 2581/1604/2085 2575/1689/2085
f 2582/1591/2085 2576/1704/2208 2525/1704/2184
f 2531/1612/2189 2529/1693/2187 2587/1693/2213
f 2536/1584/2194 2578/1584/2210 2577/1706/2209
f 2536/1584/2194 2531/1612/2189 2588/1613/2214
f 2615/1594/2234 2577/1706/2209 2555/1594/2197
f 2542/1608/2082 2573/1608/2082 2586/1608/2212
f 2586/1608/2212 2585/1682/2211 2549/1707/2082
f 2549/1707/2082 2585/1682/2211 2508/1608/2082
f 2580/1697/2082 2584/1699/2082 2545/1608/2082
f 2652/1591/2264 2649/1591/2261 2651/1608/2263
f 2649/1591/2261 2648/1591/2260 2645/1677/2258
f 2650/1608/2262 2645/1677/2258 2646/1675/2258
f 2649/1591/2261 2645/1677/2258 2650/1608/2262
f 2646/1675/2258 2647/1608/2259 2650/1608/2262
f 2584/1699/2082 2573/1608/2082 2542/1608/2082
f 2548/1608/2082 2508/1608/2082 2574/1709/2082
f 2537/1590/2085 2579/1683/2085 2600/1594/2223
f 2483/1695/2082 2599/1693/2222 2592/1681/2218
f 2538/1630/2082 2598/1681/2222 2599/1693/2222
f 2435/1590/2124 2537/1590/2085 2597/1668/2221
f 2482/1612/2154 2596/1613/2219 2594/1584/2219
f 2579/1683/2085 2486/1611/2156 2595/1710/2220
f 2479/1693/2151 2592/1681/2218 2596/1613/2219
f 2436/1630/2125 2439/1674/2127 2593/1613/2215
f 2487/1584/2154 2594/1584/2219 2595/1710/2220
f 2438/1676/2127 2435/1590/2124 2590/1668/2216
f 2436/1630/2125 2591/1588/2217 2598/1681/2222
f 2439/1674/2127 2438/1676/2127 2589/1711/2215
f 2679/1712/2284 2682/1594/2287 2615/1594/2234
f 2681/1713/2286 2614/1588/2233 2617/1693/2236
f 2680/1662/2285 2613/1662/2232 2614/1588/2233
f 2679/1712/2284 2612/1668/2231 2609/1668/2228
f 2675/1612/2280 2620/1612/2239 2611/1584/2230
f 2682/1594/2287 2674/1716/2279 2619/1705/2238
f 2675/1612/2280 2672/1714/2277 2617/1693/2236
f 2673/1715/2278 2618/1621/2237 2610/1588/2229
f 2674/1716/2279 2678/1584/2283 2611/1584/2230
f 2676/1668/2281 2609/1668/2228 2616/1669/2235
f 2680/1662/2285 2677/1662/2282 2610/1588/2229
f 2673/1715/2278 2671/1717/2276 2616/1669/2235
f 2358/1718/2084 2626/1726/2245 2623/1719/2242
f 2629/1720/2248 2622/1723/2241 2363/1721/2089
f 2622/1723/2241 2621/1737/2240 2355/1724/2081
f 2383/1725/2101 2630/1738/2249 2626/1726/2245
f 2628/1727/2247 2627/1733/2246 2357/1728/2083
f 2631/1729/2250 2632/1739/2251 2353/1730/2079
f 2364/1597/2090 2623/1719/2242 2628/1727/2247
f 2353/1732/2079 2632/1740/2251 2629/1720/2248
f 2627/1733/2246 2624/1741/2243 2384/1734/2102
f 2625/1735/2244 2630/1738/2249 2383/1725/2101
f 2355/1724/2081 2621/1737/2240 2625/1735/2244
f 2384/1734/2102 2624/1741/2243 2631/1729/2250
f 2371/1588/2095 2635/1588/2254 2642/1612/2205
f 2372/1611/2096 2633/1594/2252 2638/1590/2085
f 2374/1608/2082 2634/1709/2253 2644/1609/2082
f 2371/1588/2095 2375/1665/2082 2637/1630/2082
f 2408/1604/2085 2376/1603/2085 2638/1590/2085
f 2390/1584/2107 2640/1584/2205 2633/1594/2252
f 2399/1613/2107 2642/1612/2205 2640/1584/2205
f 2373/1591/2085 2408/1604/2085 2643/1678/2085
f 2409/1609/2082 2644/1609/2082 2637/1630/2082
f 2544/1608/2082 2574/1709/2082 2651/1608/2263
f 2544/1608/2082 2650/1608/2262 2647/1608/2259
f 2543/1591/2085 2649/1591/2261 2652/1591/2264
f 2543/1591/2085 2497/1591/2164 2648/1591/2260
f 2497/1591/2164 2498/1677/2165 2645/1677/2258
f 2499/1675/2165 2496/1608/2163 2647/1608/2259
f 2498/1677/2165 2499/1675/2165 2646/1675/2258
f 2649/1591/2261 2648/1591/2260 2656/1591/2268
f 2650/1608/2262 2658/1608/2082 2655/1608/2267
f 2645/1677/2258 2646/1675/2258 2654/1675/2266
f 2648/1591/2260 2645/1677/2258 2653/1677/2265
f 2646/1675/2258 2647/1608/2259 2655/1608/2267
f 2666/1675/2274 2665/1608/2273 2661/1608/2271
f 2667/1591/2275 2662/1591/2272 2663/1591/2085
f 2669/1677/2274 2666/1675/2274 2660/1675/2270
f 2667/1591/2275 2669/1677/2274 2659/1677/2269
f 2665/1608/2273 2670/1608/2082 2664/1608/2082
f 2652/710/2264 2649/710/2261 2657/710/2085
f 2657/710/2085 2668/710/2085 2652/710/2264
f 2650/710/2262 2651/710/2263 2658/710/2082
f 2651/710/2263 2664/710/2082 2670/710/2082
f 2655/1608/2267 2658/1608/2082 2670/1608/2082
f 2656/1591/2268 2653/1677/2265 2669/1677/2274
f 2653/1677/2265 2654/1675/2266 2666/1675/2274
f 2656/1591/2268 2667/1591/2275 2668/1591/2085
f 2654/1675/2266 2655/1608/2267 2665/1608/2273
f 2576/1704/2208 2517/1591/2178 2585/1682/2211
f 2526/710/2185 2525/710/2184 2521/710/2180
f 2529/710/2187 2531/710/2189 2536/710/2194
f 2593/1613/2215 2589/1711/2215 2671/1717/2276
f 2598/1681/2222 2591/1588/2217 2677/1662/2282
f 2590/1668/2216 2676/1668/2281 2671/1717/2276
f 2595/1710/2220 2594/1584/2219 2678/1584/2283
f 2591/1588/2217 2593/1613/2215 2673/1715/2278
f 2592/1681/2218 2672/1714/2277 2675/1612/2280
f 2600/1594/2223 2595/1710/2220 2674/1716/2279
f 2596/1613/2219 2675/1612/2280 2678/1584/2283
f 2597/1668/2221 2679/1712/2284 2676/1668/2281
f 2598/1681/2222 2680/1662/2285 2681/1713/2286
f 2599/1693/2222 2681/1713/2286 2672/1714/2277
f 2597/1668/2221 2600/1594/2223 2682/1594/2287
f 2612/1668/2231 2679/1712/2284 2680/1662/2285
f 2626/1726/2245 2689/1655/2294 2686/1649/2291
f 2692/1648/2297 2685/1657/2290 2622/1723/2241
f 2685/1657/2290 2684/1641/2289 2621/1737/2240
f 2630/1738/2249 2693/1643/2298 2689/1655/2294
f 2691/1651/2296 2690/1645/2295 2627/1733/2246
f 2694/1638/2299 2683/1653/2288 2632/1739/2251
f 2623/1719/2242 2686/1649/2291 2691/1651/2296
f 2632/1740/2251 2683/1646/2288 2692/1648/2297
f 2690/1645/2295 2687/1636/2292 2624/1741/2243
f 2688/1640/2293 2693/1643/2298 2630/1738/2249
f 2621/1737/2240 2684/1641/2289 2688/1640/2293
f 2624/1741/2243 2687/1636/2292 2694/1638/2299
f 2726/1576/2323 2699/1728/2304 2720/1575/2319
f 2776/1578/2324 2765/1580/2341 2708/1579/2312
f 2768/1582/2309 2704/1660/2309 2722/1581/2306
f 2767/1585/2343 2703/1594/2308 2728/1584/2325
f 2769/1587/2303 2766/1589/2342 2702/1588/2307
f 2783/1591/2350 2777/1590/2345 2879/1590/2306
f 2769/1587/2303 2707/1667/2303 2721/1592/2303
f 2770/1595/2306 2709/1663/2306 2703/1594/2308
f 2725/1596/2322 2729/1598/2326 2706/1597/2311
f 2752/1599/2303 2747/1601/2303 2698/1600/2303
f 2764/1602/2306 2750/1604/2306 2718/1603/2306
f 2713/1588/2316 2717/1665/2303 2759/1605/2303
f 2763/1607/2303 2751/1609/2303 2716/1608/2303
f 2760/1610/2306 2718/1603/2306 2714/1611/2317
f 2762/1612/2340 2741/1613/2328 2713/1588/2316
f 2765/1614/2341 2771/1593/2303 2721/1592/2303
f 2770/1595/2306 2772/1583/2306 2722/1581/2306
f 2729/1598/2326 2733/1577/2329 2720/1575/2319
f 2753/1616/2306 2748/1743/2337 2701/1615/2306
f 2738/1618/2333 2733/1577/2329 2729/1598/2326
f 2755/1620/2338 2714/1611/2317 2732/1584/2328
f 2960/1621/2458 2874/1612/2411 2875/1584/2412
f 2736/1619/2331 2729/1598/2326 2725/1596/2322
f 2773/1586/2344 2728/1584/2325 2740/1623/2335
f 2768/1582/2309 2774/1626/2324 2730/1625/2324
f 2738/1618/2333 2739/1627/2334 2726/1576/2323
f 2719/1628/2318 2695/1629/2300 2739/1627/2334
f 2775/1624/2344 2740/1623/2335 2702/1588/2307
f 2880/1630/2303 2778/1630/2346 2782/1608/2349
f 2705/1631/2310 2736/1619/2331 2734/1622/2330
f 2837/1634/2383 2835/1633/2382 2845/1633/2390
f 2719/1628/2318 2738/1618/2333 2736/1619/2331
f 2761/1584/2340 2732/1584/2328 2741/1613/2328
f 2774/1626/2324 2776/1578/2324 2735/1635/2324
f 3029/1636/2512 3036/1638/2519 2737/1637/2332
f 3030/1640/2513 2746/1642/2327 2742/1639/2336
f 3035/1643/2518 2731/1672/2327 2746/1642/2327
f 3029/1636/2512 2745/1671/2332 2711/1644/2314
f 3025/1646/2508 3034/1648/2517 2723/1647/2320
f 3028/1649/2511 3033/1651/2516 2724/1650/2321
f 3036/1638/2519 3025/1653/2508 2712/1652/2315
f 3032/1645/2515 2711/1644/2314 2724/1650/2321
f 3035/1643/2518 3031/1655/2514 2710/1654/2313
f 3026/1641/2509 2742/1639/2336 2743/1656/2320
f 3027/1657/2510 2743/1656/2320 2723/1647/2320
f 3031/1655/2514 3028/1649/2511 2744/1658/2321
f 2730/1625/2324 2735/1635/2324 2754/1659/2324
f 2888/1591/2306 2883/1591/2306 2831/1591/2378
f 2704/1660/2309 2730/1625/2324 2727/1661/2324
f 2955/1662/2453 2895/1588/2416 2872/1588/2409
f 2722/1581/2306 2753/1616/2306 2749/1617/2306
f 2708/1664/2312 2721/1592/2303 2752/1599/2303
f 2717/1665/2303 2751/1609/2303 2763/1607/2303
f 2715/1591/2306 2750/1604/2306 2764/1602/2306
f 2795/1604/2306 2786/1666/2352 2800/1591/2358
f 2721/1592/2303 2707/1667/2303 2747/1601/2303
f 2875/1584/2412 2876/1594/2413 2951/1668/2449
f 2735/1635/2324 2708/1579/2312 2696/1670/2301
f 2704/1660/2309 2748/1743/2337 2753/1616/2306
f 2758/1591/2306 2764/1602/2306 2749/1617/2306
f 2759/1605/2303 2763/1607/2303 2747/1601/2303
f 2728/1584/2325 2761/1584/2340 2762/1612/2340
f 2703/1594/2308 2755/1620/2338 2761/1584/2340
f 2740/1623/2335 2762/1612/2340 2757/1606/2339
f 2709/1663/2306 2760/1610/2306 2755/1620/2338
f 2747/1601/2303 2763/1607/2303 2756/1608/2303
f 2757/1606/2339 2759/1605/2303 2707/1667/2303
f 2749/1617/2306 2764/1602/2306 2760/1610/2306
f 2745/1671/2332 2737/1637/2332 2776/1578/2324
f 2746/1642/2327 2775/1624/2344 2766/1589/2342
f 2711/1644/2314 2745/1671/2332 2774/1626/2324
f 2731/1672/2327 2773/1586/2344 2775/1624/2344
f 2744/1658/2321 2724/1650/2321 2772/1583/2306
f 2712/1673/2315 2723/1647/2320 2771/1593/2303
f 2710/1654/2313 2744/1658/2321 2770/1595/2306
f 2743/1656/2320 2769/1587/2303 2771/1593/2303
f 2742/1639/2336 2766/1589/2342 2769/1587/2303
f 2710/1654/2313 2767/1585/2343 2773/1586/2344
f 2711/1644/2314 2768/1582/2309 2772/1583/2306
f 2737/1637/2332 2712/1652/2315 2765/1580/2341
f 2781/1674/2348 2784/1675/2347 2782/1608/2349
f 2780/1676/2348 2779/1677/2347 2784/1675/2347
f 2777/1590/2345 2783/1591/2350 2779/1677/2347
f 2842/1591/2387 2831/1591/2378 2832/1677/2379
f 2979/1630/2303 2787/1630/2303 2796/1609/2303
f 2786/1666/2352 2795/1604/2306 2985/1678/2306
f 2792/1584/2356 2794/1612/2356 2984/1612/2426
f 2976/1634/2474 2790/1679/2354 2793/1633/2355
f 2789/1594/2353 2792/1584/2356 2982/1584/2426
f 2983/1633/2478 2793/1633/2355 2791/1680/2355
f 2795/1604/2306 2788/1683/2306 2980/1590/2306
f 2977/1588/2475 2785/1681/2351 2787/1630/2303
f 2986/1609/2303 2796/1609/2303 2790/1682/2354
f 2788/1683/2306 2789/1594/2353 2975/1594/2473
f 2981/1680/2477 2791/1680/2355 2786/1666/2352
f 2793/1633/2355 2801/1633/2359 2805/1680/2359
f 2808/1584/2363 2802/1612/2360 2794/1612/2356
f 2792/1584/2356 2789/1594/2353 2807/1684/2362
f 2790/1679/2354 2806/1634/2361 2801/1633/2359
f 2791/1680/2355 2805/1680/2359 2800/1591/2358
f 2799/1609/2303 2796/1609/2303 2787/1630/2303
f 2796/1609/2303 2799/1609/2303 2806/1608/2361
f 2785/1681/2351 2794/1612/2356 2802/1612/2360
f 2785/1681/2351 2798/1708/2357 2804/1630/2303
f 2788/1683/2306 2795/1604/2306 2803/1685/2306
f 2789/1594/2353 2788/1683/2306 2797/1590/2306
f 2943/1590/2306 2921/1683/2306 2828/1611/2376
f 2794/1612/2356 2785/1681/2351 2977/1588/2475
f 2909/1683/2306 2809/1687/2306 2819/1686/2369
f 2812/1688/2365 2815/1604/2306 2903/1604/2306
f 2813/1633/2366 2817/1680/2366 2905/1680/2423
f 2820/1584/2370 2814/1612/2367 2914/1612/2426
f 2819/1686/2369 2820/1584/2370 2908/1584/2426
f 2818/1634/2368 2813/1633/2366 2913/1633/2423
f 2817/1680/2366 2812/1688/2365 2912/1689/2428
f 2904/1690/2303 2816/1692/2303 2811/1691/2303
f 2911/1691/2303 2811/1691/2303 2818/1608/2368
f 2814/1612/2367 2810/1693/2364 2910/1681/2427
f 2810/1693/2364 2816/1692/2303 2904/1690/2303
f 2815/1604/2306 2809/1687/2306 2909/1683/2306
f 2902/1694/2422 2822/1591/2372 2923/1604/2306
f 2823/1633/2373 2826/1680/2373 2949/1680/2446
f 2829/1584/2374 2824/1612/2374 2947/1623/2447
f 2828/1611/2376 2829/1584/2374 2901/1584/2421
f 2827/1634/2375 2823/1633/2373 2946/1633/2446
f 2826/1680/2373 2822/1591/2372 2902/1694/2422
f 2825/1695/2303 2922/1697/2303 2945/1691/2303
f 2922/1697/2303 2827/1608/2375 2950/1608/2448
f 2824/1612/2374 2821/1693/2371 2944/1698/2445
f 2821/1693/2371 2825/1695/2303 2899/1696/2303
f 2948/1604/2306 2923/1604/2306 2921/1683/2306
f 2852/1675/2394 2841/1675/2386 2838/1608/2384
f 2843/1677/2388 2832/1677/2379 2833/1675/2380
f 2847/1675/2388 2833/1675/2380 2830/1608/2377
f 2915/1608/2303 2837/1608/2383 2846/1699/2391
f 2836/1680/2382 2834/1591/2381 2844/1700/2389
f 2835/1633/2382 2836/1680/2382 2849/1680/2390
f 2854/1688/2395 2839/1591/2385 2840/1677/2386
f 2885/1591/2306 2839/1591/2385 2854/1688/2395
f 2853/1677/2394 2840/1677/2386 2841/1675/2386
f 2845/1633/2390 2849/1680/2390 2826/1680/2373
f 2849/1680/2390 2844/1700/2389 2822/1591/2372
f 2926/1699/2303 2846/1699/2391 2827/1608/2375
f 2784/1675/2347 2847/1675/2388 2848/1608/2392
f 2779/1677/2347 2843/1677/2388 2847/1675/2388
f 2783/1591/2350 2842/1591/2387 2843/1677/2388
f 2881/1591/2306 2888/1591/2306 2842/1591/2387
f 2846/1634/2391 2845/1633/2390 2823/1633/2373
f 2862/1677/2397 2853/1677/2394 2852/1675/2394
f 2889/1700/2306 2854/1688/2395 2858/1591/2398
f 2858/1591/2398 2854/1688/2395 2853/1677/2394
f 2857/1675/2397 2852/1675/2394 2851/1608/2393
f 2865/1675/2403 2857/1675/2397 2856/1608/2396
f 2927/1634/2432 2861/1633/2400 2869/1633/2407
f 2866/1700/2404 2858/1591/2398 2862/1677/2397
f 2892/1701/2306 2858/1591/2398 2866/1700/2404
f 2860/1680/2400 2859/1591/2399 2867/1704/2405
f 2861/1633/2400 2860/1680/2400 2868/1680/2406
f 2870/1677/2403 2862/1677/2397 2857/1675/2397
f 2832/1677/2379 2870/1677/2403 2865/1675/2403
f 2869/1633/2407 2868/1680/2406 2836/1680/2382
f 2868/1680/2406 2867/1704/2405 2834/1591/2381
f 2893/1703/2306 2866/1700/2404 2831/1591/2378
f 2831/1591/2378 2866/1700/2404 2870/1677/2403
f 2863/1702/2401 2869/1633/2407 2835/1633/2382
f 2915/1608/2303 2928/1608/2433 2863/1682/2401
f 2833/1675/2380 2865/1675/2403 2864/1608/2402
f 2874/1612/2411 2872/1588/2409 2895/1588/2416
f 2897/1594/2418 2876/1594/2413 2875/1584/2412
f 2875/1584/2412 2874/1612/2411 2896/1612/2417
f 2961/1705/2459 2877/1611/2414 2878/1584/2415
f 2872/1588/2409 2874/1612/2411 2960/1621/2458
f 2962/1612/2460 2873/1612/2410 2871/1693/2408
f 2957/1594/2455 2919/1706/2430 2877/1611/2414
f 2878/1584/2415 2873/1612/2410 2962/1612/2460
f 2876/1594/2413 2897/1594/2418 2954/1668/2452
f 2920/1584/2431 2898/1584/2419 2896/1612/2417
f 2897/1594/2418 2898/1584/2419 2920/1584/2431
f 2930/1613/2435 2896/1612/2417 2895/1588/2416
f 2830/1608/2377 2864/1608/2402 2894/1608/2303
f 2918/1704/2429 2893/1703/2306 2883/1591/2306
f 2918/1704/2429 2859/1591/2399 2892/1701/2306
f 2864/1608/2402 2856/1608/2396 2891/1707/2303
f 2856/1608/2396 2851/1608/2393 2890/1608/2303
f 2855/1701/2306 2889/1700/2306 2892/1701/2306
f 2923/1604/2306 2917/1689/2306 2888/1591/2306
f 2848/1608/2392 2887/1608/2303 2882/1608/2303
f 2925/1591/2306 2885/1591/2306 2889/1700/2306
f 2830/1608/2377 2884/1608/2303 2887/1608/2303
f 2851/1608/2393 2838/1608/2384 2886/1608/2303
f 2956/1588/2454 2929/1693/2434 2895/1588/2416
f 2917/1689/2306 2924/1591/2306 2883/1591/2306
f 2825/1695/2303 2880/1630/2303 2882/1608/2303
f 2881/1591/2306 2879/1590/2306 2921/1683/2306
f 2815/1604/2306 2948/1604/2306 2943/1590/2306
f 2810/1693/2364 2944/1698/2445 2899/1696/2303
f 2947/1623/2447 2944/1698/2445 2810/1693/2364
f 2945/1691/2303 2950/1608/2448 2818/1608/2368
f 2899/1696/2303 2945/1691/2303 2811/1691/2303
f 2949/1680/2446 2902/1694/2422 2812/1688/2365
f 2950/1634/2448 2946/1633/2446 2813/1633/2366
f 2900/1611/2420 2901/1584/2421 2820/1584/2370
f 2901/1584/2421 2947/1623/2447 2814/1612/2367
f 2946/1633/2446 2949/1680/2446 2817/1680/2366
f 2812/1688/2365 2902/1694/2422 2948/1604/2306
f 2943/1590/2306 2900/1611/2420 2819/1686/2369
f 2903/1604/2306 2909/1683/2306 2797/1590/2306
f 2798/1708/2357 2910/1681/2427 2904/1690/2303
f 2914/1612/2426 2910/1681/2427 2798/1708/2357
f 2799/1609/2303 2911/1691/2303 2906/1608/2424
f 2804/1630/2303 2904/1690/2303 2911/1691/2303
f 2805/1680/2359 2905/1680/2423 2912/1689/2428
f 2806/1634/2361 2906/1634/2424 2913/1633/2423
f 2907/1611/2425 2908/1584/2426 2808/1584/2363
f 2908/1584/2426 2914/1612/2426 2802/1612/2360
f 2801/1633/2359 2913/1633/2423 2905/1680/2423
f 2912/1689/2428 2903/1604/2306 2803/1685/2306
f 2909/1683/2306 2907/1611/2425 2807/1684/2362
f 2844/1700/2389 2834/1591/2381 2924/1591/2306
f 2871/1693/2408 2929/1693/2434 2956/1588/2454
f 2822/1591/2372 2844/1700/2389 2917/1689/2306
f 2867/1704/2405 2918/1704/2429 2924/1591/2306
f 2873/1612/2410 2930/1613/2435 2929/1693/2434
f 2919/1706/2430 2920/1584/2431 2878/1584/2415
f 2878/1584/2415 2920/1584/2431 2930/1613/2435
f 2897/1594/2418 2919/1706/2430 2957/1594/2455
f 2884/1608/2303 2894/1608/2303 2928/1608/2433
f 2891/1707/2303 2927/1682/2432 2928/1608/2433
f 2891/1707/2303 2890/1608/2303 2850/1608/2303
f 2887/1608/2303 2926/1699/2303 2922/1697/2303
f 2990/1591/2481 2991/1591/2482 2987/1677/2479
f 2991/1591/2482 2994/1591/2485 2993/1608/2484
f 2987/1677/2479 2991/1591/2482 2992/1608/2483
f 2993/1608/2484 2992/1608/2483 2991/1591/2482
f 2992/1608/2483 2989/1608/2480 2988/1675/2479
f 2884/1608/2303 2915/1608/2303 2926/1699/2303
f 2890/1608/2303 2886/1608/2303 2916/1709/2303
f 2879/1590/2306 2939/1668/2442 2942/1594/2444
f 2934/1681/2439 2941/1693/2443 2825/1695/2303
f 2941/1693/2443 2940/1681/2443 2880/1630/2303
f 2777/1590/2345 2932/1668/2437 2939/1668/2442
f 2936/1584/2440 2938/1613/2440 2824/1612/2374
f 2921/1683/2306 2942/1594/2444 2937/1710/2441
f 2938/1613/2440 2934/1681/2439 2821/1693/2371
f 2778/1630/2346 2933/1588/2438 2935/1613/2436
f 2937/1710/2441 2936/1584/2440 2829/1584/2374
f 2780/1676/2348 2931/1711/2436 2932/1668/2437
f 2940/1681/2443 2933/1588/2438 2778/1630/2346
f 2781/1674/2348 2935/1613/2436 2931/1711/2436
f 3021/1712/2504 2954/1668/2452 2957/1594/2455
f 2959/1693/2457 2956/1588/2454 3023/1713/2506
f 2956/1588/2454 2955/1662/2453 3022/1662/2505
f 2951/1668/2449 2954/1668/2452 3021/1712/2504
f 2953/1584/2451 2962/1612/2460 3017/1612/2500
f 3024/1594/2507 2957/1594/2455 2961/1705/2459
f 3017/1612/2500 2962/1612/2460 2959/1693/2457
f 2952/1588/2450 2960/1621/2458 3015/1715/2498
f 3016/1716/2499 2961/1705/2459 2953/1584/2451
f 2958/1669/2456 2951/1668/2449 3018/1668/2501
f 3022/1662/2505 2955/1662/2453 2952/1588/2450
f 3015/1715/2498 2960/1621/2458 2958/1669/2456
f 2700/1718/2305 2706/1597/2311 2965/1719/2463
f 2705/1721/2310 2964/1723/2462 2971/1720/2469
f 2697/1724/2302 2963/1737/2461 2964/1723/2462
f 2725/1725/2322 2700/1718/2305 2968/1726/2466
f 2699/1728/2304 2969/1733/2467 2970/1727/2468
f 2695/1730/2300 2974/1739/2472 2973/1729/2471
f 2706/1597/2311 2720/1575/2319 2970/1727/2468
f 2695/1732/2300 2719/1722/2318 2971/1720/2469
f 2726/1734/2323 2966/1741/2464 2969/1733/2467
f 2725/1725/2322 2972/1738/2470 2967/1735/2465
f 2697/1724/2302 2734/1736/2330 2967/1735/2465
f 2726/1734/2323 2739/1731/2334 2973/1729/2471
f 2984/1612/2426 2977/1588/2475 2713/1588/2316
f 2980/1590/2306 2975/1594/2473 2714/1611/2317
f 2986/1609/2303 2976/1709/2474 2716/1608/2303
f 2713/1588/2316 2977/1588/2475 2979/1630/2303
f 2750/1604/2306 2985/1678/2306 2980/1590/2306
f 2975/1594/2473 2982/1584/2426 2732/1584/2328
f 2982/1584/2426 2984/1612/2426 2741/1613/2328
f 2715/1591/2306 2978/1591/2476 2985/1678/2306
f 2979/1630/2303 2986/1609/2303 2751/1609/2303
f 2886/1608/2303 2992/1608/2483 2993/1608/2484
f 2989/1608/2480 2992/1608/2483 2886/1608/2303
f 2994/1591/2485 2991/1591/2482 2885/1591/2306
f 2885/1591/2306 2991/1591/2482 2990/1591/2481
f 2839/1591/2385 2990/1591/2481 2987/1677/2479
f 2841/1675/2386 2988/1675/2479 2989/1608/2480
f 2840/1677/2386 2987/1677/2479 2988/1675/2479
f 2991/1591/2482 2999/1591/2306 2998/1591/2489
f 2997/1608/2488 3000/1608/2303 2992/1608/2483
f 2987/1677/2479 2995/1677/2486 2996/1675/2487
f 2990/1591/2481 2998/1591/2489 2995/1677/2486
f 2988/1675/2479 2996/1675/2487 2997/1608/2488
f 3008/1675/2494 3002/1675/2490 3003/1608/2491
f 3005/1591/2306 3004/1591/2492 3009/1591/2495
f 3011/1677/2494 3001/1677/2490 3002/1675/2490
f 3009/1591/2495 3004/1591/2492 3001/1677/2490
f 3007/1608/2493 3003/1608/2491 3006/1608/2303
f 2999/710/2306 2991/710/2482 2994/710/2485
f 2994/710/2485 3005/710/2306 3010/710/2306
f 3006/710/2303 2993/710/2484 3012/710/2303
f 2993/710/2484 2992/710/2483 3000/710/2303
f 2997/1608/2488 3007/1608/2493 3012/1608/2303
f 2998/1591/2489 3009/1591/2495 3011/1677/2494
f 2995/1677/2486 3011/1677/2494 3008/1675/2494
f 3010/1591/2306 3009/1591/2495 2998/1591/2489
f 2996/1675/2487 3008/1675/2494 3007/1608/2493
f 2927/1682/2432 2859/1591/2399 2918/1704/2429
f 2868/710/2406 2869/710/2407 2863/710/2401
f 2871/710/2408 2877/710/2414 2878/710/2415
f 2935/1613/2436 3015/1715/2498 3013/1717/2496
f 2940/1681/2443 3022/1662/2505 3019/1662/2502
f 3013/1717/2496 3018/1668/2501 2932/1668/2437
f 2937/1710/2441 3016/1716/2499 3020/1584/2503
f 2933/1588/2438 3019/1662/2502 3015/1715/2498
f 3017/1612/2500 3014/1714/2497 2934/1681/2439
f 2942/1594/2444 3024/1594/2507 3016/1716/2499
f 3020/1584/2503 3017/1612/2500 2938/1613/2440
f 3018/1668/2501 3021/1712/2504 2939/1668/2442
f 3023/1713/2506 3022/1662/2505 2940/1681/2443
f 3014/1714/2497 3023/1713/2506 2941/1693/2443
f 2939/1668/2442 3021/1712/2504 3024/1594/2507
f 3022/1662/2505 3021/1712/2504 2954/1668/2452
f 2968/1726/2466 2965/1719/2463 3028/1649/2511
f 2964/1723/2462 3027/1657/2510 3034/1648/2517
f 2963/1737/2461 3026/1641/2509 3027/1657/2510
f 2972/1738/2470 2968/1726/2466 3031/1655/2514
f 2969/1733/2467 3032/1645/2515 3033/1651/2516
f 2974/1739/2472 3025/1653/2508 3036/1638/2519
f 2965/1719/2463 2970/1727/2468 3033/1651/2516
f 2974/1740/2472 2971/1720/2469 3034/1648/2517
f 2966/1741/2464 3029/1636/2512 3032/1645/2515
f 2972/1738/2470 3035/1643/2518 3030/1640/2513
f 2963/1737/2461 2967/1735/2465 3030/1640/2513
f 2966/1741/2464 2973/1729/2471 3036/1638/2519
f 3169/1/2622 3170/4/2623 3177/2/2630
f 3170/4/2623 3171/6/2624 3178/5/2631
f 3171/6/2624 3172/8/2625 3179/7/2632
f 3172/8/2625 3173/10/2626 3180/9/2633
f 3173/10/2626 3174/12/2627 3181/11/2634
f 3174/12/2627 3175/57/2628 3182/13/2635
f 3176/3/2629 3177/2/2630 3184/14/2637
f 3177/2/2630 3178/5/2631 3185/16/2638
f 3178/5/2631 3179/7/2632 3186/17/2639
f 3179/7/2632 3180/9/2633 3187/18/2640
f 3180/9/2633 3181/11/2634 3188/19/2641
f 3181/11/2634 3182/13/2635 3189/20/2642
f 3183/15/2636 3184/14/2637 3191/21/2644
f 3184/14/2637 3185/16/2638 3192/23/2645
f 3185/16/2638 3186/17/2639 3193/24/2646
f 3186/17/2639 3187/18/2640 3194/25/2647
f 3187/18/2640 3188/19/2641 3195/26/2648
f 3188/19/2641 3189/20/2642 3196/27/2649
f 3190/22/2643 3191/21/2644 3198/28/2651
f 3191/21/2644 3192/23/2645 3199/30/2652
f 3192/23/2645 3193/24/2646 3200/31/2653
f 3193/24/2646 3194/25/2647 3201/32/2654
f 3194/25/2647 3195/26/2648 3202/33/2655
f 3195/26/2648 3196/27/2649 3203/34/2656
f 3197/29/2650 3198/28/2651 3205/35/2658
f 3198/28/2651 3199/30/2652 3206/37/2659
f 3199/30/2652 3200/31/2653 3207/38/2660
f 3200/31/2653 3201/32/2654 3208/39/2661
f 3201/32/2654 3202/33/2655 3209/40/2662
f 3202/33/2655 3203/34/2656 3210/41/2663
f 3204/36/2657 3205/35/2658 3212/42/2665
f 3205/35/2658 3206/37/2659 3213/44/2666
f 3206/37/2659 3207/38/2660 3214/45/2667
f 3207/38/2660 3208/39/2661 3215/46/2668
f 3208/39/2661 3209/40/2662 3216/47/2669
f 3209/40/2662 3210/41/2663 3217/48/2670
f 3039/49/2522 3098/51/2565 3169/1/2622
f 3098/51/2565 3097/52/2564 3170/4/2623
f 3097/52/2564 3096/53/2563 3171/6/2624
f 3096/53/2563 3095/54/2562 3172/8/2625
f 3095/54/2562 3094/55/2561 3173/10/2626
f 3094/55/2561 3093/56/2560 3174/12/2627
f 3093/56/2560 3092/311/2559 3175/57/2628
f 4506/58/3707 4761/59/3962 5218/59/4418
f 4605/60/3806 4601/61/3802 5058/61/4258
f 4609/62/3810 4605/60/3806 5062/60/4262
f 4613/63/3814 4609/62/3810 5066/62/4266
f 4617/64/3818 4613/63/3814 5070/63/4270
f 4621/65/3822 4617/64/3818 5074/64/4274
f 4625/66/3826 5082/66/4282 5086/67/4286
f 4849/68/4050 4489/69/3690 4946/69/4146
f 4857/70/4058 4853/643/4054 5310/71/4510
f 4861/72/4062 4857/70/4058 5314/70/4514
f 4865/73/4066 4861/72/4062 5318/72/4518
f 4869/75/4070 4865/73/4066 5322/74/4522
f 4873/76/4074 4869/75/4070 5326/75/4526
f 4877/78/4078 5334/78/4534 5338/79/4538
f 4541/80/3742 4534/81/3735 4989/81/4189
f 3111/82/2578 3204/36/2657 3211/43/2664
f 3110/84/2577 3197/29/2650 3204/36/2657
f 3109/85/2576 3190/22/2643 3197/29/2650
f 3108/86/2575 3183/15/2636 3190/22/2643
f 3107/87/2574 3176/3/2629 3183/15/2636
f 3106/50/2573 3169/1/2622 3176/3/2629
f 3219/88/2672 3226/92/2678 3225/89/2677
f 3220/91/2673 3227/94/2679 3226/92/2678
f 3221/93/2674 3228/96/2680 3227/94/2679
f 3222/95/2675 3229/98/2681 3228/96/2680
f 3223/97/2676 3230/100/2682 3229/98/2681
f 3224/99/2540 3231/106/2683 3230/100/2682
f 3226/92/2678 3233/102/2685 3232/101/2684
f 3227/94/2679 3234/103/2686 3233/102/2685
f 3228/96/2680 3235/104/2687 3234/103/2686
f 3229/98/2681 3236/105/2688 3235/104/2687
f 3230/100/2682 3237/107/2689 3236/105/2688
f 3231/106/2683 3238/113/2690 3237/107/2689
f 3233/102/2685 3240/109/2692 3239/108/2691
f 3234/103/2686 3241/110/2693 3240/109/2692
f 3235/104/2687 3242/111/2694 3241/110/2693
f 3236/105/2688 3243/112/2695 3242/111/2694
f 3237/107/2689 3244/114/2696 3243/112/2695
f 3238/113/2690 3245/120/2697 3244/114/2696
f 3240/109/2692 3247/116/2699 3246/115/2698
f 3241/110/2693 3248/117/2700 3247/116/2699
f 3242/111/2694 3249/118/2701 3248/117/2700
f 3243/112/2695 3250/119/2702 3249/118/2701
f 3244/114/2696 3251/121/2703 3250/119/2702
f 3245/120/2697 3252/127/2704 3251/121/2703
f 3247/116/2699 3254/123/2706 3253/122/2705
f 3248/117/2700 3255/124/2707 3254/123/2706
f 3249/118/2701 3256/125/2708 3255/124/2707
f 3250/119/2702 3257/126/2709 3256/125/2708
f 3251/121/2703 3258/128/2710 3257/126/2709
f 3252/127/2704 3259/134/2711 3258/128/2710
f 3254/123/2706 3261/130/2713 3260/129/2712
f 3255/124/2707 3262/131/2714 3261/130/2713
f 3256/125/2708 3263/132/2715 3262/131/2714
f 3257/126/2709 3264/133/2716 3263/132/2715
f 3258/128/2710 3265/135/2717 3264/133/2716
f 3259/134/2711 3266/152/2718 3265/135/2717
f 3077/136/2546 3218/90/2671 3085/137/2552
f 3076/139/2545 3219/88/2672 3218/90/2671
f 3075/140/2544 3220/91/2673 3219/88/2672
f 3074/141/2543 3221/93/2674 3220/91/2673
f 3073/142/2542 3222/95/2675 3221/93/2674
f 3072/143/2541 3223/97/2676 3222/95/2675
f 3071/144/2540 3224/99/2540 3223/97/2676
f 3037/145/2520 3043/146/2525 3224/99/2540
f 3043/146/2525 3044/147/2525 3231/106/2683
f 3044/147/2525 3045/148/2525 3238/113/2690
f 3045/148/2525 3046/149/2525 3245/120/2697
f 3046/149/2525 3047/150/2525 3252/127/2704
f 3047/150/2525 3048/151/2525 3259/134/2711
f 3048/151/2525 3049/584/2525 3266/152/2718
f 4497/153/3698 4954/153/4154 5222/154/4422
f 4773/156/3974 4769/157/3970 5226/157/4426
f 4777/158/3978 4773/156/3974 5230/156/4430
f 4781/159/3982 4777/158/3978 5234/158/4434
f 4785/161/3986 4781/159/3982 5238/160/4438
f 4789/162/3990 4785/161/3986 5242/161/4442
f 4797/164/3998 4793/709/3994 5250/165/4450
f 4653/166/3854 4514/852/3715 4969/167/4169
f 3253/122/2705 3260/129/2712 3091/168/2558
f 3246/115/2698 3253/122/2705 3090/169/2557
f 3239/108/2691 3246/115/2698 3089/170/2556
f 3232/101/2684 3239/108/2691 3088/171/2555
f 3225/89/2677 3232/101/2684 3087/172/2554
f 3218/90/2671 3225/89/2677 3086/173/2553
f 3267/174/2719 3268/177/2720 3275/175/2720
f 3268/177/2720 3269/179/2721 3276/178/2721
f 3269/179/2721 3270/181/2722 3277/180/2722
f 3270/181/2722 3271/183/2617 3278/182/2617
f 3271/183/2617 3272/185/2616 3279/184/2616
f 3272/185/2616 3273/229/2615 3280/186/2615
f 3274/176/2723 3275/175/2720 3282/187/2725
f 3275/175/2720 3276/178/2721 3283/189/2721
f 3276/178/2721 3277/180/2722 3284/190/2722
f 3277/180/2722 3278/182/2617 3285/191/2617
f 3278/182/2617 3279/184/2616 3286/192/2616
f 3279/184/2616 3280/186/2615 3287/193/2615
f 3281/188/2724 3282/187/2725 3289/194/2725
f 3282/187/2725 3283/189/2721 3290/196/2721
f 3283/189/2721 3284/190/2722 3291/197/2726
f 3284/190/2722 3285/191/2617 3292/198/2617
f 3285/191/2617 3286/192/2616 3293/199/2616
f 3286/192/2616 3287/193/2615 3294/200/2615
f 3289/194/2725 3296/202/2728 3295/201/2727
f 3290/196/2721 3297/204/2721 3296/202/2728
f 3290/196/2721 3291/197/2726 3298/203/2726
f 3291/197/2726 3292/198/2617 3299/205/2617
f 3292/198/2617 3293/199/2616 3300/206/2616
f 3293/199/2616 3294/200/2615 3301/207/2729
f 3296/202/2728 3303/209/2725 3302/208/2727
f 3297/204/2721 3304/210/2721 3303/209/2725
f 3298/203/2726 3305/211/2730 3304/210/2721
f 3299/205/2617 3306/212/2731 3305/211/2730
f 3300/206/2616 3307/213/2732 3306/212/2731
f 3301/207/2729 3308/219/2729 3307/213/2732
f 3303/209/2725 3310/215/2725 3309/214/2727
f 3304/210/2721 3311/216/2721 3310/215/2725
f 3305/211/2730 3312/217/2730 3311/216/2721
f 3306/212/2731 3313/218/2731 3312/217/2730
f 3307/213/2732 3314/220/2732 3313/218/2731
f 3308/219/2729 3315/237/2729 3314/220/2732
f 3041/221/2523 3161/223/2621 3267/174/2719
f 3161/223/2621 3160/224/2620 3268/177/2720
f 3160/224/2620 3159/225/2619 3269/179/2721
f 3159/225/2619 3158/226/2618 3270/181/2722
f 3158/226/2618 3157/227/2617 3271/183/2617
f 3157/227/2617 3156/228/2616 3272/185/2616
f 3156/228/2616 3155/230/2615 3273/229/2615
f 3155/230/2615 3040/507/2520 3050/231/2520
f 3273/229/2615 3050/231/2520 3051/232/2520
f 3280/186/2615 3051/232/2520 3052/233/2520
f 3287/193/2615 3052/233/2520 3053/234/2520
f 3294/200/2615 3053/234/2520 3054/235/2520
f 3054/235/2520 3055/236/2520 3308/219/2729
f 3055/236/2520 3056/238/2520 3315/237/2729
f 3056/238/2520 3037/145/2520 3071/144/2540
f 3315/237/2729 3071/144/2540 3072/143/2541
f 3314/220/2732 3072/143/2541 3073/142/2542
f 3313/218/2731 3073/142/2542 3074/141/2543
f 3312/217/2730 3074/141/2543 3075/140/2544
f 3311/216/2721 3075/140/2544 3076/139/2545
f 3310/215/2725 3076/139/2545 3077/136/2546
f 3309/214/2727 3077/136/2546 3038/138/2521
f 3302/208/2727 3309/214/2727 3084/239/2551
f 3295/201/2727 3302/208/2727 3083/240/2551
f 3288/195/2724 3295/201/2727 3082/241/2551
f 3080/243/2549 3281/188/2724 3288/195/2724
f 3079/244/2548 3274/176/2723 3281/188/2724
f 3078/222/2547 3267/174/2719 3274/176/2723
f 3317/245/2734 3324/249/2741 3323/246/2740
f 3318/248/2735 3325/251/2742 3324/249/2741
f 3319/250/2736 3326/253/2743 3325/251/2742
f 3320/252/2737 3327/255/2744 3326/253/2743
f 3321/254/2738 3328/257/2745 3327/255/2744
f 3322/256/2739 3329/263/2746 3328/257/2745
f 3324/249/2741 3331/259/2748 3330/258/2747
f 3325/251/2742 3332/260/2749 3331/259/2748
f 3326/253/2743 3333/261/2750 3332/260/2749
f 3327/255/2744 3334/262/2751 3333/261/2750
f 3328/257/2745 3335/264/2752 3334/262/2751
f 3329/263/2746 3336/891/2753 3335/264/2752
f 3330/258/2747 3331/259/2748 3338/265/2755
f 3331/259/2748 3332/260/2749 3339/267/2756
f 3332/260/2749 3333/261/2750 3340/268/2757
f 3333/261/2750 3334/262/2751 3341/269/2744
f 3334/262/2751 3335/264/2752 3342/270/2758
f 3335/264/2752 3336/891/2753 3343/271/2759
f 3337/266/2754 3338/265/2755 3345/272/2761
f 3338/265/2755 3339/267/2756 3346/274/2762
f 3339/267/2756 3340/268/2757 3347/275/2763
f 3340/268/2757 3341/269/2744 3348/276/2764
f 3341/269/2744 3342/270/2758 3349/277/2765
f 3342/270/2758 3343/271/2759 3350/278/2766
f 3344/273/2760 3345/272/2761 3352/279/2768
f 3345/272/2761 3346/274/2762 3353/281/2769
f 3346/274/2762 3347/275/2763 3354/282/2770
f 3347/275/2763 3348/276/2764 3355/283/2610
f 3348/276/2764 3349/277/2765 3356/284/2771
f 3349/277/2765 3350/278/2766 3357/285/2772
f 3351/280/2767 3352/279/2768 3359/286/2774
f 3352/279/2768 3353/281/2769 3360/288/2775
f 3353/281/2769 3354/282/2770 3361/289/2776
f 3354/282/2770 3355/283/2610 3362/290/2777
f 3355/283/2610 3356/284/2771 3363/291/2778
f 3356/284/2771 3357/285/2772 3364/292/2779
f 3154/293/2614 3316/247/2733 3099/294/2566
f 3153/296/2613 3317/245/2734 3316/247/2733
f 3152/297/2612 3318/248/2735 3317/245/2734
f 3151/298/2611 3319/250/2736 3318/248/2735
f 3150/299/2610 3320/252/2737 3319/250/2736
f 3149/300/2609 3321/254/2738 3320/252/2737
f 3148/301/2608 3322/256/2739 3321/254/2738
f 4929/302/4129 5386/302/4586 4993/303/4193
f 4745/305/3946 4741/306/3942 5198/306/4398
f 4749/307/3950 4745/305/3946 5202/305/4402
f 4753/308/3954 4749/307/3950 5206/307/4406
f 4757/309/3958 4753/308/3954 5210/308/4410
f 4761/59/3962 4757/309/3958 5214/309/4414
f 4765/155/3966 5222/154/4422 5226/157/4426
f 4510/310/3711 4965/442/4165 5082/66/4282
f 3363/291/2778 3364/292/2779 3092/311/2559
f 3362/290/2777 3363/291/2778 3093/56/2560
f 3361/289/2776 3362/290/2777 3094/55/2561
f 3360/288/2775 3361/289/2776 3095/54/2562
f 3359/286/2774 3360/288/2775 3096/53/2563
f 3358/287/2773 3359/286/2774 3097/52/2564
f 3105/312/2572 3358/287/2773 3098/51/2565
f 3104/313/2571 3351/280/2767 3358/287/2773
f 3103/314/2570 3344/273/2760 3351/280/2767
f 3102/315/2569 3337/266/2754 3344/273/2760
f 3101/316/2568 3330/258/2747 3337/266/2754
f 3323/246/2740 3330/258/2747 3101/316/2568
f 3316/247/2733 3323/246/2740 3100/317/2567
f 3365/318/2780 3366/321/2781 3373/319/2788
f 3366/321/2781 3367/323/2782 3374/322/2789
f 3367/323/2782 3368/325/2783 3375/324/2790
f 3368/325/2783 3369/327/2784 3376/326/2791
f 3369/327/2784 3370/329/2785 3377/328/2792
f 3370/329/2785 3371/373/2786 3378/330/2793
f 3372/320/2787 3373/319/2788 3380/331/2795
f 3373/319/2788 3374/322/2789 3381/333/2796
f 3374/322/2789 3375/324/2790 3382/334/2797
f 3375/324/2790 3376/326/2791 3383/335/2798
f 3376/326/2791 3377/328/2792 3384/336/2799
f 3377/328/2792 3378/330/2793 3385/337/2800
f 3379/332/2794 3380/331/2795 3387/338/2802
f 3380/331/2795 3381/333/2796 3388/340/2803
f 3381/333/2796 3382/334/2797 3389/341/2804
f 3382/334/2797 3383/335/2798 3390/342/2805
f 3383/335/2798 3384/336/2799 3391/343/2806
f 3384/336/2799 3385/337/2800 3392/344/2807
f 3387/338/2802 3394/346/2809 3393/345/2808
f 3388/340/2803 3395/347/2810 3394/346/2809
f 3389/341/2804 3396/348/2811 3395/347/2810
f 3390/342/2805 3397/349/2812 3396/348/2811
f 3391/343/2806 3398/350/2813 3397/349/2812
f 3392/344/2807 3399/356/2814 3398/350/2813
f 3394/346/2809 3401/352/2816 3400/351/2815
f 3395/347/2810 3402/353/2817 3401/352/2816
f 3396/348/2811 3403/354/2818 3402/353/2817
f 3397/349/2812 3404/355/2819 3403/354/2818
f 3398/350/2813 3405/357/2820 3404/355/2819
f 3399/356/2814 3406/363/2821 3405/357/2820
f 3401/352/2816 3408/359/2823 3407/358/2822
f 3402/353/2817 3409/360/2824 3408/359/2823
f 3403/354/2818 3410/361/2529 3409/360/2824
f 3404/355/2819 3411/362/2819 3410/361/2529
f 3405/357/2820 3412/364/2825 3411/362/2819
f 3406/363/2821 3413/375/2821 3412/364/2825
f 4737/365/3938 4538/304/3739 4993/303/4193
f 3147/367/2607 3146/368/2606 3366/321/2781
f 3146/368/2606 3145/369/2605 3367/323/2782
f 3145/369/2605 3144/370/2604 3368/325/2783
f 3144/370/2604 3143/371/2603 3369/327/2784
f 3143/371/2603 3142/372/2602 3370/329/2785
f 3142/372/2602 3141/374/2601 3371/373/2786
f 3141/374/2601 3041/221/2523 3078/222/2547
f 3371/373/2786 3078/222/2547 3079/244/2548
f 3378/330/2793 3079/244/2548 3080/243/2549
f 3385/337/2800 3080/243/2549 3081/242/2550
f 3081/242/2550 3082/241/2551 3399/356/2814
f 3082/241/2551 3083/240/2551 3406/363/2821
f 3083/240/2551 3084/239/2551 3413/375/2821
f 3084/239/2551 3038/138/2521 3057/376/2526
f 3413/375/2821 3057/376/2526 3058/377/2527
f 3412/364/2825 3058/377/2527 3059/378/2528
f 3411/362/2819 3059/378/2528 3060/379/2529
f 3410/361/2529 3060/379/2529 3061/380/2530
f 3409/360/2824 3061/380/2530 3062/381/2531
f 3408/359/2823 3062/381/2531 3063/382/2532
f 4501/383/3702 4958/383/4158 5334/78/4534
f 4881/79/4082 5338/79/4538 5342/384/4542
f 4885/384/4085 5342/384/4542 5346/385/4546
f 4889/385/4089 5346/385/4546 5350/386/4550
f 4893/386/4093 5350/386/4550 5354/387/4554
f 4897/387/4097 5354/387/4554 5358/388/4558
f 4905/389/4105 5362/389/4562 5366/390/4566
f 3415/391/2531 3422/395/2832 3421/392/2831
f 3416/394/2826 3423/397/2833 3422/395/2832
f 3417/396/2827 3424/399/2834 3423/397/2833
f 3418/398/2828 3425/401/2835 3424/399/2834
f 3419/400/2829 3426/403/2836 3425/401/2835
f 3420/402/2830 3427/409/2837 3426/403/2836
f 3422/395/2832 3429/405/2839 3428/404/2838
f 3423/397/2833 3430/406/2840 3429/405/2839
f 3424/399/2834 3431/407/2841 3430/406/2840
f 3425/401/2835 3432/408/2842 3431/407/2841
f 3426/403/2836 3433/410/2843 3432/408/2842
f 3427/409/2837 3434/416/2844 3433/410/2843
f 3429/405/2839 3436/412/2846 3435/411/2845
f 3430/406/2840 3437/413/2847 3436/412/2846
f 3431/407/2841 3438/414/2848 3437/413/2847
f 3432/408/2842 3439/415/2849 3438/414/2848
f 3433/410/2843 3440/417/2850 3439/415/2849
f 3434/416/2844 3441/423/2851 3440/417/2850
f 3436/412/2846 3443/419/2853 3442/418/2852
f 3437/413/2847 3444/420/2854 3443/419/2853
f 3438/414/2848 3445/421/2855 3444/420/2854
f 3439/415/2849 3446/422/2856 3445/421/2855
f 3440/417/2850 3447/424/2857 3446/422/2856
f 3441/423/2851 3448/430/2858 3447/424/2857
f 3443/419/2853 3450/426/2860 3449/425/2859
f 3444/420/2854 3451/427/2861 3450/426/2860
f 3445/421/2855 3452/428/2862 3451/427/2861
f 3446/422/2856 3453/429/2863 3452/428/2862
f 3447/424/2857 3454/431/2864 3453/429/2863
f 3448/430/2858 3455/437/2865 3454/431/2864
f 3450/426/2860 3457/433/2867 3456/432/2866
f 3451/427/2861 3458/434/2868 3457/433/2867
f 3452/428/2862 3459/435/2869 3458/434/2868
f 3453/429/2863 3460/436/2870 3459/435/2869
f 3454/431/2864 3461/438/2871 3460/436/2870
f 3455/437/2865 3462/441/2872 3461/438/2871
f 3407/358/2822 3063/382/2532 4502/439/3703
f 3062/381/2531 3415/391/2531 3414/393/2532
f 3061/380/2530 3416/394/2826 3415/391/2531
f 3060/379/2529 3417/396/2827 3416/394/2826
f 3059/378/2528 3418/398/2828 3417/396/2827
f 3058/377/2527 3419/400/2829 3418/398/2828
f 3057/376/2526 3420/402/2830 3419/400/2829
f 3038/138/2521 3085/137/2552 3420/402/2830
f 3085/137/2552 3086/173/2553 3427/409/2837
f 3086/173/2553 3087/172/2554 3434/416/2844
f 3087/172/2554 3088/171/2555 3441/423/2851
f 3088/171/2555 3089/170/2556 3448/430/2858
f 3089/170/2556 3090/169/2557 3455/437/2865
f 3090/169/2557 3091/168/2558 3462/441/2872
f 4510/310/3711 4789/162/3990 5246/163/4446
f 4629/67/3830 5086/67/4286 5090/443/4290
f 4633/444/3834 5090/443/4290 5094/445/4294
f 4637/445/3838 5094/445/4294 5098/446/4298
f 4641/446/3842 5098/446/4298 5102/447/4302
f 4645/447/3846 5102/447/4302 5106/448/4306
f 4657/449/3858 4653/166/3854 5110/166/4310
f 4709/451/3910 4485/452/3686 4942/452/4142
f 4717/453/3918 4713/454/3914 5170/454/4370
f 4717/453/3918 5174/453/4374 5178/455/4378
f 4721/455/3922 5178/455/4378 5182/456/4382
f 4725/456/3926 5182/456/4382 5186/457/4386
f 4729/457/3930 5186/457/4386 5190/458/4390
f 4741/306/3942 4737/365/3938 5194/366/4394
f 3463/459/2600 3464/463/2599 3471/460/2875
f 3465/462/2598 3472/465/2598 3471/460/2875
f 3466/464/2597 3473/467/2876 3472/465/2598
f 3467/466/2596 3474/469/2877 3473/467/2876
f 3468/468/2873 3475/471/2878 3474/469/2877
f 3469/470/2874 3476/477/2879 3475/471/2878
f 3470/461/2600 3471/460/2875 3478/472/2880
f 3471/460/2875 3472/465/2598 3479/474/2881
f 3473/467/2876 3480/475/2882 3479/474/2881
f 3474/469/2877 3481/476/2883 3480/475/2882
f 3475/471/2878 3482/478/2884 3481/476/2883
f 3476/477/2879 3483/515/2885 3482/478/2884
f 3477/473/2600 3478/472/2880 3485/479/2886
f 3478/472/2880 3479/474/2881 3486/481/2887
f 3479/474/2881 3480/475/2882 3487/482/2888
f 3480/475/2882 3481/476/2883 3488/483/2889
f 3481/476/2883 3482/478/2884 3489/484/2890
f 3482/478/2884 3483/515/2885 3490/485/2891
f 3484/480/2600 3485/479/2886 3492/486/2886
f 3485/479/2886 3486/481/2887 3493/488/2892
f 3486/481/2887 3487/482/2888 3494/489/2893
f 3487/482/2888 3488/483/2889 3495/490/2894
f 3488/483/2889 3489/484/2890 3496/491/2895
f 3489/484/2890 3490/485/2891 3497/492/2896
f 3491/487/2539 3492/486/2886 3499/493/2897
f 3492/486/2886 3493/488/2892 3500/495/2898
f 3493/488/2892 3494/489/2893 3501/496/2899
f 3494/489/2893 3495/490/2894 3502/497/2900
f 3495/490/2894 3496/491/2895 3503/498/2901
f 3496/491/2895 3497/492/2896 3504/499/2902
f 3499/493/2897 3506/502/2903 3505/500/2539
f 3499/493/2897 3500/495/2898 3507/501/2904
f 3500/495/2898 3501/496/2899 3508/503/2905
f 3501/496/2899 3502/497/2900 3509/504/2906
f 3502/497/2900 3503/498/2901 3510/505/2907
f 3503/498/2901 3504/499/2902 3511/506/2908
f 3040/507/2520 3140/508/2600 3463/459/2600
f 3140/508/2600 3139/510/2599 3464/463/2599
f 3138/509/2598 3465/462/2598 3464/463/2599
f 3137/511/2597 3466/464/2597 3465/462/2598
f 3136/512/2596 3467/466/2596 3466/464/2597
f 3135/513/2595 3468/468/2873 3467/466/2596
f 3134/514/2594 3469/470/2874 3468/468/2873
f 3042/295/2524 3099/294/2566 3469/470/2874
f 3099/294/2566 3100/317/2567 3476/477/2879
f 3100/317/2567 3101/316/2568 3483/515/2885
f 3483/515/2885 3101/316/2568 3102/315/2569
f 3490/485/2891 3102/315/2569 3103/314/2570
f 3497/492/2896 3103/314/2570 3104/313/2571
f 3504/499/2902 3104/313/2571 3105/312/2572
f 3511/506/2908 3105/312/2572 3039/49/2522
f 3510/505/2907 3511/506/2908 3064/516/2533
f 3509/504/2906 3510/505/2907 3065/517/2534
f 3508/503/2905 3509/504/2906 3066/518/2535
f 3507/501/2904 3508/503/2905 3067/519/2536
f 3506/502/2903 3507/501/2904 3068/520/2537
f 3506/502/2903 3069/521/2538 3070/522/2539
f 3505/500/2539 3070/522/2539 3037/145/2520
f 3498/494/2539 3505/500/2539 3056/238/2520
f 3054/235/2520 3491/487/2539 3498/494/2539
f 3053/234/2520 3484/480/2600 3491/487/2539
f 3052/233/2520 3477/473/2600 3484/480/2600
f 3051/232/2520 3470/461/2600 3477/473/2600
f 3050/231/2520 3463/459/2600 3470/461/2600
f 3513/523/2910 3520/527/2917 3519/524/2916
f 3513/523/2910 3514/528/2911 3521/526/2918
f 3514/528/2911 3515/530/2912 3522/529/2919
f 3515/530/2912 3516/532/2913 3523/531/2920
f 3516/532/2913 3517/534/2914 3524/533/2921
f 3517/534/2914 3518/571/2915 3525/535/2922
f 3520/527/2917 3527/538/2924 3526/536/2923
f 3520/527/2917 3521/526/2918 3528/537/2925
f 3521/526/2918 3522/529/2919 3529/539/2926
f 3522/529/2919 3523/531/2920 3530/540/2927
f 3523/531/2920 3524/533/2921 3531/541/2928
f 3524/533/2921 3525/535/2922 3532/542/2929
f 3527/538/2924 3534/545/2931 3533/543/2930
f 3527/538/2924 3528/537/2925 3535/544/2932
f 3528/537/2925 3529/539/2926 3536/546/2933
f 3529/539/2926 3530/540/2927 3537/547/2934
f 3530/540/2927 3531/541/2928 3538/548/2935
f 3531/541/2928 3532/542/2929 3539/549/2936
f 3534/545/2931 3541/552/2938 3540/550/2937
f 3534/545/2931 3535/544/2932 3542/551/2939
f 3535/544/2932 3536/546/2933 3543/553/2940
f 3536/546/2933 3537/547/2934 3544/554/2941
f 3537/547/2934 3538/548/2935 3545/555/2942
f 3538/548/2935 3539/549/2936 3546/556/2943
f 3541/552/2938 3548/559/2945 3547/557/2944
f 3541/552/2938 3542/551/2939 3549/558/2946
f 3542/551/2939 3543/553/2940 3550/560/2947
f 3543/553/2940 3544/554/2941 3551/561/2948
f 3544/554/2941 3545/555/2942 3552/562/2949
f 3545/555/2942 3546/556/2943 3553/563/2950
f 3548/559/2945 3555/566/2952 3554/564/2951
f 3548/559/2945 3549/558/2946 3556/565/2953
f 3549/558/2946 3550/560/2947 3557/567/2954
f 3550/560/2947 3551/561/2948 3558/568/2955
f 3551/561/2948 3552/562/2949 3559/569/2956
f 3552/562/2949 3553/563/2950 3560/570/2957
f 3070/522/2539 3512/525/2909 3043/146/2525
f 3069/521/2538 3513/523/2910 3512/525/2909
f 3069/521/2538 3068/520/2537 3514/528/2911
f 3068/520/2537 3067/519/2536 3515/530/2912
f 3067/519/2536 3066/518/2535 3516/532/2913
f 3066/518/2535 3065/517/2534 3517/534/2914
f 3065/517/2534 3064/516/2533 3518/571/2915
f 3064/516/2533 3039/49/2522 3106/50/2573
f 3518/571/2915 3106/50/2573 3107/87/2574
f 3525/535/2922 3107/87/2574 3108/86/2575
f 3532/542/2929 3108/86/2575 3109/85/2576
f 3539/549/2936 3109/85/2576 3110/84/2577
f 3546/556/2943 3110/84/2577 3111/82/2578
f 3553/563/2950 3111/82/2578 3112/83/2579
f 4523/572/3724 4873/76/4074 5330/77/4530
f 4685/574/3886 5142/860/4342 5146/575/4346
f 4689/576/3890 5146/575/4346 5150/577/4350
f 4693/577/3894 5150/577/4350 5154/578/4354
f 4697/579/3898 5154/578/4354 5158/580/4358
f 4701/581/3902 5158/580/4358 5162/582/4362
f 4713/454/3914 4709/451/3910 5166/451/4366
f 3049/584/2525 4498/1038/3699 4766/585/3967
f 3547/557/2944 3554/564/2951 3049/584/2525
f 3540/550/2937 3547/557/2944 3048/151/2525
f 3533/543/2930 3540/550/2937 3047/150/2525
f 3526/536/2923 3533/543/2930 3046/149/2525
f 3519/524/2916 3526/536/2923 3045/148/2525
f 3512/525/2909 3519/524/2916 3044/147/2525
f 3562/586/2599 3569/590/2599 3568/587/2600
f 3563/589/2958 3570/592/2598 3569/590/2599
f 3564/591/2959 3571/594/2963 3570/592/2598
f 3565/593/2960 3572/596/2964 3571/594/2963
f 3566/595/2961 3573/598/2965 3572/596/2964
f 3567/597/2962 3574/604/2966 3573/598/2965
f 3569/590/2599 3576/600/2599 3575/599/2600
f 3570/592/2598 3577/601/2598 3576/600/2599
f 3571/594/2963 3578/602/2963 3577/601/2598
f 3572/596/2964 3579/603/2964 3578/602/2963
f 3573/598/2965 3580/605/2967 3579/603/2964
f 3574/604/2966 3581/611/2968 3580/605/2967
f 3576/600/2599 3583/607/2599 3582/606/2600
f 3577/601/2598 3584/608/2598 3583/607/2599
f 3578/602/2963 3585/609/2963 3584/608/2598
f 3579/603/2964 3586/610/2969 3585/609/2963
f 3580/605/2967 3587/612/2970 3586/610/2969
f 3581/611/2968 3588/618/2971 3587/612/2970
f 3583/607/2599 3590/614/2599 3589/613/2600
f 3584/608/2598 3591/615/2598 3590/614/2599
f 3585/609/2963 3592/616/2972 3591/615/2598
f 3586/610/2969 3593/617/2973 3592/616/2972
f 3587/612/2970 3594/619/2974 3593/617/2973
f 3588/618/2971 3595/625/2975 3594/619/2974
f 3590/614/2599 3597/621/2599 3596/620/2600
f 3591/615/2598 3598/622/2598 3597/621/2599
f 3592/616/2972 3599/623/2972 3598/622/2598
f 3593/617/2973 3600/624/2973 3599/623/2972
f 3594/619/2974 3601/626/2976 3600/624/2973
f 3595/625/2975 3602/632/2977 3601/626/2976
f 3597/621/2599 3604/628/2599 3603/627/2600
f 3598/622/2598 3605/629/2598 3604/628/2599
f 3599/623/2972 3606/630/2972 3605/629/2598
f 3600/624/2973 3607/631/2596 3606/630/2972
f 3601/626/2976 3608/633/2595 3607/631/2596
f 3602/632/2977 3609/653/2978 3608/633/2595
f 4678/634/3879 4494/1030/3695 3113/635/2520
f 4825/637/4026 5282/719/4482 5286/638/4486
f 4829/638/4030 5286/638/4486 5290/639/4490
f 4833/639/4034 5290/639/4490 5294/640/4494
f 4837/640/4038 5294/640/4494 5298/641/4498
f 4841/641/4042 5298/641/4498 5302/642/4502
f 4853/643/4054 4849/68/4050 5306/68/4506
f 4521/644/3722 4977/1109/4177 5138/645/4338
f 3127/647/2587 3128/648/2588 3574/604/2966
f 3128/648/2588 3129/649/2589 3581/611/2968
f 3129/649/2589 3130/650/2590 3588/618/2971
f 3130/650/2590 3131/651/2591 3595/625/2975
f 3131/651/2591 3132/652/2592 3602/632/2977
f 3132/652/2592 3133/654/2593 3609/653/2978
f 3133/654/2593 3042/295/2524 3134/514/2594
f 3609/653/2978 3134/514/2594 3135/513/2595
f 3608/633/2595 3135/513/2595 3136/512/2596
f 3607/631/2596 3136/512/2596 3137/511/2597
f 3606/630/2972 3137/511/2597 3138/509/2598
f 3605/629/2598 3138/509/2598 3139/510/2599
f 3604/628/2599 3139/510/2599 3140/508/2600
f 3119/655/2520 3603/627/2600 3140/508/2600
f 3118/656/2520 3596/620/2600 3603/627/2600
f 3117/657/2520 3589/613/2600 3596/620/2600
f 3582/606/2600 3589/613/2600 3117/657/2520
f 3575/599/2600 3582/606/2600 3116/658/2520
f 3568/587/2600 3575/599/2600 3115/659/2520
f 3561/588/2600 3568/587/2600 3114/660/2520
f 3610/661/2979 3611/664/2980 3618/662/2987
f 3611/664/2980 3612/666/2981 3619/665/2988
f 3612/666/2981 3613/668/2982 3620/667/2989
f 3613/668/2982 3614/670/2983 3621/669/2990
f 3614/670/2983 3615/672/2984 3622/671/2991
f 3615/672/2984 3616/723/2985 3623/673/2992
f 3617/663/2986 3618/662/2987 3625/674/2994
f 3618/662/2987 3619/665/2988 3626/676/2995
f 3619/665/2988 3620/667/2989 3627/677/2996
f 3620/667/2989 3621/669/2990 3628/678/2997
f 3621/669/2990 3622/671/2991 3629/679/2998
f 3622/671/2991 3623/673/2992 3630/680/2999
f 3624/675/2993 3625/674/2994 3632/681/3001
f 3625/674/2994 3626/676/2995 3633/683/3002
f 3626/676/2995 3627/677/2996 3634/684/3003
f 3627/677/2996 3628/678/2997 3635/685/3004
f 3628/678/2997 3629/679/2998 3636/686/3005
f 3629/679/2998 3630/680/2999 3637/687/3006
f 3631/682/3000 3632/681/3001 3639/688/3008
f 3632/681/3001 3633/683/3002 3640/690/3009
f 3633/683/3002 3634/684/3003 3641/691/3010
f 3634/684/3003 3635/685/3004 3642/692/3011
f 3635/685/3004 3636/686/3005 3643/693/3012
f 3636/686/3005 3637/687/3006 3644/694/3013
f 3638/689/3007 3639/688/3008 3646/695/3015
f 3639/688/3008 3640/690/3009 3647/697/3016
f 3640/690/3009 3641/691/3010 3648/698/3017
f 3641/691/3010 3642/692/3011 3649/699/3018
f 3642/692/3011 3643/693/3012 3650/700/3019
f 3643/693/3012 3644/694/3013 3651/701/3020
f 3645/696/3014 3646/695/3015 3653/702/3022
f 3646/695/3015 3647/697/3016 3654/704/3023
f 3647/697/3016 3648/698/3017 3655/705/3024
f 3648/698/3017 3649/699/3018 3656/706/3025
f 3649/699/3018 3650/700/3019 3657/707/3026
f 3650/700/3019 3651/701/3020 3658/708/3027
f 4793/709/3994 4477/710/3678 4934/710/4134
f 4801/711/4002 4797/164/3998 5254/164/4454
f 4805/712/4006 4801/711/4002 5258/711/4458
f 4809/714/4010 4805/712/4006 5262/713/4462
f 4813/715/4014 4809/714/4010 5266/714/4466
f 4817/716/4018 4813/715/4014 5270/715/4470
f 4821/718/4022 5278/718/4478 5282/719/4482
f 4518/720/3719 4973/720/4173 5026/721/4226
f 3616/723/2985 3120/862/2580 3121/724/2581
f 3623/673/2992 3121/724/2581 3122/725/2582
f 3630/680/2999 3122/725/2582 3123/726/2583
f 3637/687/3006 3123/726/2583 3124/727/2584
f 3644/694/3013 3124/727/2584 3125/728/2585
f 3651/701/3020 3125/728/2585 3126/729/2586
f 3658/708/3027 3126/729/2586 3041/221/2523
f 3657/707/3026 3658/708/3027 3141/374/2601
f 3656/706/3025 3657/707/3026 3142/372/2602
f 3655/705/3024 3656/706/3025 3143/371/2603
f 3654/704/3023 3655/705/3024 3144/370/2604
f 3653/702/3022 3654/704/3023 3145/369/2605
f 3652/703/3021 3653/702/3022 3146/368/2606
f 4534/81/3735 4901/388/4101 5358/388/4558
f 4549/730/3750 4545/731/3746 5002/731/4202
f 4553/733/3754 4549/730/3750 5006/732/4206
f 4557/734/3758 4553/733/3754 5010/733/4210
f 4561/736/3762 4557/734/3758 5014/735/4214
f 4565/737/3766 4561/736/3762 5018/736/4218
f 4569/722/3770 5026/721/4226 5030/738/4230
f 3660/740/3029 3667/744/3036 3666/741/3035
f 3661/743/3030 3668/746/3030 3667/744/3036
f 3662/745/3031 3669/748/3037 3668/746/3030
f 3663/747/3032 3670/750/3038 3669/748/3037
f 3664/749/3033 3671/752/3039 3670/750/3038
f 3665/751/3034 3672/758/3040 3671/752/3039
f 3667/744/3036 3674/754/3042 3673/753/3041
f 3668/746/3030 3675/755/3043 3674/754/3042
f 3669/748/3037 3676/756/3044 3675/755/3043
f 3670/750/3038 3677/757/3045 3676/756/3044
f 3671/752/3039 3678/759/3046 3677/757/3045
f 3672/758/3040 3679/765/3047 3678/759/3046
f 3674/754/3042 3681/761/3049 3680/760/3048
f 3675/755/3043 3682/762/3050 3681/761/3049
f 3676/756/3044 3683/763/3051 3682/762/3050
f 3677/757/3045 3684/764/3052 3683/763/3051
f 3678/759/3046 3685/766/3053 3684/764/3052
f 3679/765/3047 3686/772/3054 3685/766/3053
f 3681/761/3049 3688/768/3056 3687/767/3055
f 3682/762/3050 3689/769/3057 3688/768/3056
f 3683/763/3051 3690/770/3058 3689/769/3057
f 3684/764/3052 3691/771/3059 3690/770/3058
f 3685/766/3053 3692/773/3060 3691/771/3059
f 3686/772/3054 3693/779/3061 3692/773/3060
f 3688/768/3056 3695/775/3063 3694/774/3062
f 3689/769/3057 3696/776/3064 3695/775/3063
f 3690/770/3058 3697/777/3065 3696/776/3064
f 3691/771/3059 3698/778/3066 3697/777/3065
f 3692/773/3060 3699/780/3067 3698/778/3066
f 3693/779/3061 3700/786/3068 3699/780/3067
f 3695/775/3063 3702/782/3070 3701/781/3069
f 3696/776/3064 3703/783/3071 3702/782/3070
f 3697/777/3065 3704/784/3072 3703/783/3071
f 3698/778/3066 3705/785/3073 3704/784/3072
f 3699/780/3067 3706/787/3074 3705/785/3073
f 3700/786/3068 3707/803/3075 3706/787/3074
f 4845/642/4046 5302/642/4502 4973/720/4173
f 4573/739/3774 5030/738/4230 5034/788/4234
f 4577/788/3778 5034/788/4234 5038/789/4238
f 4581/790/3782 5038/789/4238 5042/791/4242
f 4585/791/3786 5042/791/4242 5046/792/4246
f 4589/792/3790 5046/792/4246 5050/793/4250
f 4601/61/3802 4597/794/3798 5054/794/4254
f 4481/795/3682 4938/795/4138 5362/389/4562
f 4909/390/4109 5366/390/4566 5370/796/4570
f 4913/796/4113 5370/796/4570 5374/797/4574
f 4917/798/4117 5374/797/4574 5378/799/4578
f 4921/799/4121 5378/799/4578 5382/800/4582
f 4925/800/4125 5382/800/4582 5386/302/4586
f 4933/801/4133 5021/1364/4221 4330/661/3560
f 4545/731/3746 4541/80/3742 4998/80/4198
f 3707/803/3075 3148/301/2608 3149/300/2609
f 3706/787/3074 3149/300/2609 3150/299/2610
f 3705/785/3073 3150/299/2610 3151/298/2611
f 3704/784/3072 3151/298/2611 3152/297/2612
f 3703/783/3071 3152/297/2612 3153/296/2613
f 3702/782/3070 3153/296/2613 3154/293/2614
f 3701/781/3069 3154/293/2614 3042/295/2524
f 3694/774/3062 3701/781/3069 3133/654/2593
f 3687/767/3055 3694/774/3062 3132/652/2592
f 3680/760/3048 3687/767/3055 3131/651/2591
f 3673/753/3041 3680/760/3048 3130/650/2590
f 3666/741/3035 3673/753/3041 3129/649/2589
f 3659/742/3028 3666/741/3035 3128/648/2588
f 3708/804/3076 3709/807/3077 3716/805/3082
f 3709/807/3077 3710/809/3078 3717/808/3083
f 3710/809/3078 3711/811/3079 3718/810/3084
f 3711/811/3079 3712/813/3080 3719/812/2617
f 3712/813/3080 3713/815/2616 3720/814/2616
f 3713/815/2616 3714/636/2615 3721/816/2615
f 3715/806/3081 3716/805/3082 3723/817/3086
f 3716/805/3082 3717/808/3083 3724/819/3083
f 3717/808/3083 3718/810/3084 3725/820/3084
f 3718/810/3084 3719/812/2617 3726/821/2617
f 3719/812/2617 3720/814/2616 3727/822/2616
f 3720/814/2616 3721/816/2615 3728/823/2615
f 3722/818/3085 3723/817/3086 3730/824/3088
f 3723/817/3086 3724/819/3083 3731/826/3089
f 3724/819/3083 3725/820/3084 3732/827/3084
f 3725/820/3084 3726/821/2617 3733/828/2617
f 3726/821/2617 3727/822/2616 3734/829/2616
f 3727/822/2616 3728/823/2615 3735/830/2615
f 3729/825/3087 3730/824/3088 3737/831/3091
f 3730/824/3088 3731/826/3089 3738/833/3092
f 3731/826/3089 3732/827/3084 3739/834/2730
f 3732/827/3084 3733/828/2617 3740/835/2617
f 3733/828/2617 3734/829/2616 3741/836/2616
f 3734/829/2616 3735/830/2615 3742/837/2615
f 3736/832/3090 3737/831/3091 3744/838/3094
f 3737/831/3091 3738/833/3092 3745/840/3092
f 3738/833/3092 3739/834/2730 3746/841/2730
f 3739/834/2730 3740/835/2617 3747/842/2617
f 3740/835/2617 3741/836/2616 3748/843/2616
f 3741/836/2616 3742/837/2615 3749/844/2615
f 3743/839/3093 3744/838/3094 3751/845/3096
f 3744/838/3094 3745/840/3092 3752/847/2619
f 3745/840/3092 3746/841/2730 3753/848/2730
f 3746/841/2730 3747/842/2617 3754/849/2617
f 3747/842/2617 3748/843/2616 3755/850/2616
f 3748/843/2616 3749/844/2615 3756/851/2615
f 4514/852/3715 4817/716/4018 5274/717/4474
f 4661/853/3862 4657/449/3858 5114/450/4314
f 4665/854/3866 4661/853/3862 5118/853/4318
f 4669/856/3870 4665/854/3866 5122/855/4322
f 4673/857/3874 4669/856/3870 5126/856/4326
f 4677/858/3878 4673/857/3874 5130/857/4330
f 4681/646/3882 5138/645/4338 5142/860/4342
f 4821/718/4022 4493/861/3694 4950/861/4150
f 3714/636/2615 3113/635/2520 3114/660/2520
f 3721/816/2615 3114/660/2520 3115/659/2520
f 3728/823/2615 3115/659/2520 3116/658/2520
f 3735/830/2615 3116/658/2520 3117/657/2520
f 3742/837/2615 3117/657/2520 3118/656/2520
f 3749/844/2615 3118/656/2520 3119/655/2520
f 3756/851/2615 3119/655/2520 3040/507/2520
f 3755/850/2616 3756/851/2615 3155/230/2615
f 3754/849/2617 3755/850/2616 3156/228/2616
f 3753/848/2730 3754/849/2617 3157/227/2617
f 3752/847/2619 3753/848/2730 3158/226/2618
f 3751/845/3096 3752/847/2619 3159/225/2619
f 3750/846/3095 3751/845/3096 3160/224/2620
f 3126/729/2586 3750/846/3095 3161/223/2621
f 3125/728/2585 3743/839/3093 3750/846/3095
f 3124/727/2584 3736/832/3090 3743/839/3093
f 3123/726/2583 3729/825/3087 3736/832/3090
f 3122/725/2582 3722/818/3085 3729/825/3087
f 3121/724/2581 3715/806/3081 3722/818/3085
f 3120/862/2580 3708/804/3076 3715/806/3081
f 3889/1/3200 3896/3/3207 3897/2/3208
f 3890/4/3201 3897/2/3208 3898/5/3209
f 3891/6/3202 3898/5/3209 3899/7/3210
f 3892/8/3203 3899/7/3210 3900/9/3211
f 3893/10/3204 3900/9/3211 3901/11/3212
f 3894/12/3205 3901/11/3212 3902/13/3213
f 3896/3/3207 3903/15/3214 3904/14/3215
f 3897/2/3208 3904/14/3215 3905/16/3216
f 3898/5/3209 3905/16/3216 3906/17/3217
f 3899/7/3210 3906/17/3217 3907/18/3218
f 3900/9/3211 3907/18/3218 3908/19/3219
f 3901/11/3212 3908/19/3219 3909/20/3220
f 3903/15/3214 3910/22/3221 3911/21/3222
f 3904/14/3215 3911/21/3222 3912/23/3223
f 3905/16/3216 3912/23/3223 3913/24/3224
f 3906/17/3217 3913/24/3224 3914/25/3225
f 3907/18/3218 3914/25/3225 3915/26/3226
f 3908/19/3219 3915/26/3226 3916/27/3227
f 3910/22/3221 3917/29/3228 3918/28/3229
f 3911/21/3222 3918/28/3229 3919/30/3230
f 3912/23/3223 3919/30/3230 3920/31/3231
f 3913/24/3224 3920/31/3231 3921/32/3232
f 3914/25/3225 3921/32/3232 3922/33/3233
f 3915/26/3226 3922/33/3233 3923/34/3234
f 3917/29/3228 3924/36/3235 3925/35/3236
f 3918/28/3229 3925/35/3236 3926/37/3237
f 3919/30/3230 3926/37/3237 3927/38/3238
f 3920/31/3231 3927/38/3238 3928/39/3239
f 3921/32/3232 3928/39/3239 3929/40/3240
f 3922/33/3233 3929/40/3240 3930/41/3241
f 3924/36/3235 3931/43/3242 3932/42/3243
f 3925/35/3236 3932/42/3243 3933/44/3244
f 3926/37/3237 3933/44/3244 3934/45/3245
f 3927/38/3238 3934/45/3245 3935/46/3246
f 3928/39/3239 3935/46/3246 3936/47/3247
f 3929/40/3240 3936/47/3247 3937/48/3248
f 3759/49/3099 3826/50/3151 3889/1/3200
f 3818/51/3143 3889/1/3200 3890/4/3201
f 3817/52/3142 3890/4/3201 3891/6/3202
f 3816/53/3141 3891/6/3202 3892/8/3203
f 3815/54/3140 3892/8/3203 3893/10/3204
f 3814/55/3139 3893/10/3204 3894/12/3205
f 3813/56/3138 3894/12/3205 3895/57/3206
f 4084/292/3359 3812/311/3137 4962/863/4162
f 3902/13/3213 3909/20/3220 5061/865/4261
f 3909/20/3220 3916/27/3227 5065/867/4265
f 3916/27/3227 3923/34/3234 5069/868/4269
f 3923/34/3234 3930/41/3241 5073/869/4273
f 3930/41/3241 3937/48/3248 5077/870/4277
f 5085/871/4285 5081/899/4281 4182/441/3454
f 5133/872/4333 4434/636/3193 3833/635/3097
f 3935/46/3246 5313/875/4513 5309/874/4509
f 3934/45/3245 5317/876/4517 5313/875/4513
f 3933/44/3244 5321/877/4521 5317/876/4517
f 3932/42/3243 5325/878/4525 5321/877/4521
f 3931/43/3242 5329/926/4529 5325/878/4525
f 5337/879/4537 5333/908/4533 4127/358/3402
f 4997/880/4197 4990/1342/4190 3867/367/3185
f 3831/82/3156 3832/83/3157 3931/43/3242
f 3830/84/3155 3831/82/3156 3924/36/3235
f 3829/85/3154 3830/84/3155 3917/29/3228
f 3828/86/3153 3829/85/3154 3910/22/3221
f 3827/87/3152 3828/86/3153 3903/15/3214
f 3826/50/3151 3827/87/3152 3896/3/3207
f 3945/89/3255 3946/92/3256 3939/88/3250
f 3946/92/3256 3947/94/3257 3940/91/3251
f 3947/94/3257 3948/96/3258 3941/93/3252
f 3948/96/3258 3949/98/3259 3942/95/3253
f 3949/98/3259 3950/100/3260 3943/97/3254
f 3950/100/3260 3951/106/3261 3944/99/3117
f 3952/101/3262 3953/102/3263 3946/92/3256
f 3953/102/3263 3954/103/3264 3947/94/3257
f 3954/103/3264 3955/104/3265 3948/96/3258
f 3955/104/3265 3956/105/3266 3949/98/3259
f 3956/105/3266 3957/107/3267 3950/100/3260
f 3957/107/3267 3958/113/3268 3951/106/3261
f 3959/108/3269 3960/109/3270 3953/102/3263
f 3960/109/3270 3961/110/3271 3954/103/3264
f 3961/110/3271 3962/111/3272 3955/104/3265
f 3962/111/3272 3963/112/3273 3956/105/3266
f 3963/112/3273 3964/114/3274 3957/107/3267
f 3964/114/3274 3965/120/3275 3958/113/3268
f 3966/115/3276 3967/116/3277 3960/109/3270
f 3967/116/3277 3968/117/3278 3961/110/3271
f 3968/117/3278 3969/118/3279 3962/111/3272
f 3969/118/3279 3970/119/3280 3963/112/3273
f 3970/119/3280 3971/121/3281 3964/114/3274
f 3971/121/3281 3972/127/3282 3965/120/3275
f 3973/122/3283 3974/123/3284 3967/116/3277
f 3974/123/3284 3975/124/3285 3968/117/3278
f 3975/124/3285 3976/125/3286 3969/118/3279
f 3976/125/3286 3977/126/3287 3970/119/3280
f 3977/126/3287 3978/128/3288 3971/121/3281
f 3978/128/3288 3979/134/3289 3972/127/3282
f 3980/129/3290 3981/130/3291 3974/123/3284
f 3981/130/3291 3982/131/3292 3975/124/3285
f 3982/131/3292 3983/132/3293 3976/125/3286
f 3983/132/3293 3984/133/3294 3977/126/3287
f 3984/133/3294 3985/135/3295 3978/128/3288
f 3985/135/3295 3986/152/3296 3979/134/3289
f 3805/137/3130 3938/90/3249 3797/136/3123
f 3938/90/3249 3939/88/3250 3796/139/3122
f 3939/88/3250 3940/91/3251 3795/140/3121
f 3940/91/3251 3941/93/3252 3794/141/3120
f 3941/93/3252 3942/95/3253 3793/142/3119
f 3942/95/3253 3943/97/3254 3792/143/3118
f 3943/97/3254 3944/99/3117 3791/144/3117
f 3944/99/3117 3763/146/3102 3757/145/3097
f 3951/106/3261 3764/147/3102 3763/146/3102
f 3958/113/3268 3765/148/3102 3764/147/3102
f 3965/120/3275 3766/149/3102 3765/148/3102
f 3972/127/3282 3767/150/3102 3766/149/3102
f 3979/134/3289 3768/151/3102 3767/150/3102
f 3986/152/3296 3769/584/3102 3768/151/3102
f 5189/881/4389 4134/393/3406 3783/382/3109
f 5229/883/4429 5225/898/4425 3985/135/3295
f 5233/884/4433 5229/883/4429 3984/133/3294
f 5237/885/4437 5233/884/4433 3983/132/3293
f 5241/886/4441 5237/885/4437 3982/131/3292
f 5245/887/4445 5241/886/4441 3981/130/3291
f 5249/802/4449 4330/661/3560 4331/664/3561
f 4970/889/4170 3840/862/3158 4428/804/3657
f 3811/168/3136 3980/129/3290 3973/122/3283
f 3810/169/3135 3973/122/3283 3966/115/3276
f 3809/170/3134 3966/115/3276 3959/108/3269
f 3808/171/3133 3959/108/3269 3952/101/3262
f 3807/172/3132 3952/101/3262 3945/89/3255
f 3806/173/3131 3945/89/3255 3938/90/3249
f 3987/174/3297 3994/176/3301 3995/175/3298
f 3988/177/3298 3995/175/3298 3996/178/3299
f 3989/179/3299 3996/178/3299 3997/180/3302
f 3990/181/3300 3997/180/3302 3998/182/3303
f 3991/183/3195 3998/182/3303 3999/184/3194
f 3992/185/3194 3999/184/3194 4000/186/3193
f 3994/176/3301 4001/188/3304 4002/187/3305
f 3995/175/3298 4002/187/3305 4003/189/3299
f 3996/178/3299 4003/189/3299 4004/190/3302
f 3997/180/3302 4004/190/3302 4005/191/3303
f 3998/182/3303 4005/191/3303 4006/192/3194
f 3999/184/3194 4006/192/3194 4007/193/3193
f 4001/188/3304 4008/195/3304 4009/194/3306
f 4002/187/3305 4009/194/3306 4010/196/3299
f 4003/189/3299 4010/196/3299 4011/197/3300
f 4004/190/3302 4011/197/3300 4012/198/3195
f 4005/191/3303 4012/198/3195 4013/199/3194
f 4006/192/3194 4013/199/3194 4014/200/3193
f 4015/201/3307 4016/202/3306 4009/194/3306
f 4016/202/3306 4017/204/3299 4010/196/3299
f 4010/196/3299 4017/204/3299 4018/203/3302
f 4011/197/3300 4018/203/3302 4019/205/3195
f 4012/198/3195 4019/205/3195 4020/206/3194
f 4013/199/3194 4020/206/3194 4021/207/3308
f 4022/208/3307 4023/209/3306 4016/202/3306
f 4023/209/3306 4024/210/3299 4017/204/3299
f 4024/210/3299 4025/211/3196 4018/203/3302
f 4025/211/3196 4026/212/3309 4019/205/3195
f 4026/212/3309 4027/213/3310 4020/206/3194
f 4027/213/3310 4028/219/3308 4021/207/3308
f 4029/214/3307 4030/215/3305 4023/209/3306
f 4030/215/3305 4031/216/3299 4024/210/3299
f 4031/216/3299 4032/217/3311 4025/211/3196
f 4032/217/3311 4033/218/3309 4026/212/3309
f 4033/218/3309 4034/220/3310 4027/213/3310
f 4034/220/3310 4035/237/3308 4028/219/3308
f 3761/221/3100 3798/222/3124 3987/174/3297
f 3881/223/3199 3987/174/3297 3988/177/3298
f 3880/224/3198 3988/177/3298 3989/179/3299
f 3879/225/3197 3989/179/3299 3990/181/3300
f 3878/226/3196 3990/181/3300 3991/183/3195
f 3877/227/3195 3991/183/3195 3992/185/3194
f 3876/228/3194 3992/185/3194 3993/229/3193
f 3875/230/3193 3993/229/3193 3770/231/3097
f 3993/229/3193 4000/186/3193 3771/232/3097
f 4000/186/3193 4007/193/3193 3772/233/3097
f 4007/193/3193 4014/200/3193 3773/234/3097
f 4014/200/3193 4021/207/3308 3774/235/3097
f 4028/219/3308 3775/236/3097 3774/235/3097
f 4035/237/3308 3776/238/3097 3775/236/3097
f 3791/144/3117 3757/145/3097 3776/238/3097
f 3792/143/3118 3791/144/3117 4035/237/3308
f 3793/142/3119 3792/143/3118 4034/220/3310
f 3794/141/3120 3793/142/3119 4033/218/3309
f 3795/140/3121 3794/141/3120 4032/217/3311
f 3796/139/3122 3795/140/3121 4031/216/3299
f 3797/136/3123 3796/139/3122 4030/215/3305
f 3758/138/3098 3797/136/3123 4029/214/3307
f 3804/239/3129 4029/214/3307 4022/208/3307
f 3803/240/3129 4022/208/3307 4015/201/3307
f 3802/241/3128 4015/201/3307 4008/195/3304
f 3800/243/3126 3801/242/3127 4008/195/3304
f 3799/244/3125 3800/243/3126 4001/188/3304
f 3798/222/3124 3799/244/3125 3994/176/3301
f 4043/246/3319 4044/249/3320 4037/245/3313
f 4044/249/3320 4045/251/3321 4038/248/3314
f 4045/251/3321 4046/253/3322 4039/250/3315
f 4046/253/3322 4047/255/3323 4040/252/3316
f 4047/255/3323 4048/257/3324 4041/254/3317
f 4048/257/3324 4049/263/3325 4042/256/3318
f 4050/258/3326 4051/259/3327 4044/249/3320
f 4051/259/3327 4052/260/3328 4045/251/3321
f 4052/260/3328 4053/261/3329 4046/253/3322
f 4053/261/3329 4054/262/3330 4047/255/3323
f 4054/262/3330 4055/264/3331 4048/257/3324
f 4055/264/3331 4056/891/3332 4049/263/3325
f 4050/258/3326 4057/266/3333 4058/265/3334
f 4051/259/3327 4058/265/3334 4059/267/3335
f 4052/260/3328 4059/267/3335 4060/268/3336
f 4053/261/3329 4060/268/3336 4061/269/3330
f 4054/262/3330 4061/269/3330 4062/270/3337
f 4055/264/3331 4062/270/3337 4063/271/3338
f 4057/266/3333 4064/273/3339 4065/272/3340
f 4058/265/3334 4065/272/3340 4066/274/3341
f 4059/267/3335 4066/274/3341 4067/275/3342
f 4060/268/3336 4067/275/3342 4068/276/3343
f 4061/269/3330 4068/276/3343 4069/277/3344
f 4069/277/3344 4070/278/3345 4063/271/3338
f 4064/273/3339 4071/280/3346 4072/279/3347
f 4065/272/3340 4072/279/3347 4073/281/3348
f 4066/274/3341 4073/281/3348 4074/282/3349
f 4067/275/3342 4074/282/3349 4075/283/3350
f 4068/276/3343 4075/283/3350 4076/284/3351
f 4076/284/3351 4077/285/3352 4070/278/3345
f 4071/280/3346 4078/287/3353 4079/286/3354
f 4072/279/3347 4079/286/3354 4080/288/3355
f 4073/281/3348 4080/288/3355 4081/289/3356
f 4074/282/3349 4081/289/3356 4082/290/3357
f 4075/283/3350 4082/290/3357 4083/291/3358
f 4083/291/3358 4084/292/3359 4077/285/3352
f 3819/294/3144 4036/247/3312 3874/293/3192
f 4036/247/3312 4037/245/3313 3873/296/3191
f 4037/245/3313 4038/248/3314 3872/297/3190
f 4038/248/3314 4039/250/3315 3871/298/3189
f 4039/250/3315 4040/252/3316 3870/299/3188
f 4040/252/3316 4041/254/3317 3869/300/3187
f 4041/254/3317 4042/256/3318 3868/301/3186
f 3868/301/3186 4994/900/4194 5385/892/4585
f 4056/891/3332 5201/894/4401 5197/893/4397
f 4063/271/3338 5205/895/4405 5201/894/4401
f 4070/278/3345 5209/896/4409 5205/895/4405
f 4077/285/3352 5213/897/4413 5209/896/4409
f 4084/292/3359 5217/864/4417 5213/897/4413
f 5225/898/4425 5221/934/4421 3986/152/3296
f 5081/899/4281 4966/909/4166 3811/168/3136
f 4083/291/3358 3813/56/3138 3812/311/3137
f 4082/290/3357 3814/55/3139 3813/56/3138
f 4081/289/3356 3815/54/3140 3814/55/3139
f 4080/288/3355 3816/53/3141 3815/54/3140
f 4079/286/3354 3817/52/3142 3816/53/3141
f 4078/287/3353 3818/51/3143 3817/52/3142
f 3825/312/3150 3759/49/3099 3818/51/3143
f 3824/313/3149 3825/312/3150 4078/287/3353
f 3823/314/3148 3824/313/3149 4071/280/3346
f 3822/315/3147 3823/314/3148 4064/273/3339
f 3821/316/3146 3822/315/3147 4057/266/3333
f 3821/316/3146 4050/258/3326 4043/246/3319
f 3820/317/3145 4043/246/3319 4036/247/3312
f 4085/318/3360 4092/320/3367 4093/319/3368
f 4086/321/3361 4093/319/3368 4094/322/3369
f 4087/323/3362 4094/322/3369 4095/324/3370
f 4088/325/3363 4095/324/3370 4096/326/3371
f 4089/327/3364 4096/326/3371 4097/328/3372
f 4090/329/3365 4097/328/3372 4098/330/3373
f 4092/320/3367 4099/332/3374 4100/331/3375
f 4093/319/3368 4100/331/3375 4101/333/3376
f 4094/322/3369 4101/333/3376 4102/334/3377
f 4095/324/3370 4102/334/3377 4103/335/3378
f 4096/326/3371 4103/335/3378 4104/336/3379
f 4097/328/3372 4104/336/3379 4105/337/3380
f 4099/332/3374 4106/339/3381 4107/338/3382
f 4100/331/3375 4107/338/3382 4108/340/3383
f 4101/333/3376 4108/340/3383 4109/341/3384
f 4102/334/3377 4109/341/3384 4110/342/3385
f 4103/335/3378 4110/342/3385 4111/343/3386
f 4104/336/3379 4111/343/3386 4112/344/3387
f 4106/339/3381 4113/345/3388 4114/346/3389
f 4114/346/3389 4115/347/3390 4108/340/3383
f 4115/347/3390 4116/348/3391 4109/341/3384
f 4116/348/3391 4117/349/3392 4110/342/3385
f 4117/349/3392 4118/350/3393 4111/343/3386
f 4118/350/3393 4119/356/3394 4112/344/3387
f 4120/351/3395 4121/352/3396 4114/346/3389
f 4121/352/3396 4122/353/3397 4115/347/3390
f 4122/353/3397 4123/354/3398 4116/348/3391
f 4123/354/3398 4124/355/3399 4117/349/3392
f 4124/355/3399 4125/357/3400 4118/350/3393
f 4125/357/3400 4126/363/3401 4119/356/3394
f 4120/351/3395 4127/358/3402 4128/359/3403
f 4128/359/3403 4129/360/3404 4122/353/3397
f 4129/360/3404 4130/361/3106 4123/354/3398
f 4130/361/3106 4131/362/3399 4124/355/3399
f 4131/362/3399 4132/364/3405 4125/357/3400
f 4132/364/3405 4133/375/3401 4126/363/3401
f 4042/256/3318 5193/925/4393 4994/900/4194
f 3867/367/3185 4085/318/3360 4086/321/3361
f 3866/368/3184 4086/321/3361 4087/323/3362
f 3865/369/3183 4087/323/3362 4088/325/3363
f 3864/370/3182 4088/325/3363 4089/327/3364
f 3863/371/3181 4089/327/3364 4090/329/3365
f 3862/372/3180 4090/329/3365 4091/373/3366
f 3861/374/3179 4091/373/3366 3798/222/3124
f 4091/373/3366 4098/330/3373 3799/244/3125
f 4098/330/3373 4105/337/3380 3800/243/3126
f 4105/337/3380 4112/344/3387 3801/242/3127
f 4119/356/3394 3802/241/3128 3801/242/3127
f 4126/363/3401 3803/240/3129 3802/241/3128
f 4133/375/3401 3804/239/3129 3803/240/3129
f 3777/376/3103 3758/138/3098 3804/239/3129
f 3778/377/3104 3777/376/3103 4133/375/3401
f 3779/378/3105 3778/377/3104 4132/364/3405
f 3780/379/3106 3779/378/3105 4131/362/3399
f 3781/380/3107 3780/379/3106 4130/361/3106
f 3782/381/3108 3781/380/3107 4129/360/3404
f 3783/382/3109 3782/381/3108 4128/359/3403
f 3812/311/3137 3895/57/3206 5053/901/4253
f 5341/902/4541 5337/879/4537 4120/351/3395
f 5345/903/4545 5341/1548/4541 4113/345/3388
f 5349/904/4549 5345/1551/4545 4106/339/3381
f 5353/905/4553 5349/1554/4549 4099/332/3374
f 5357/906/4557 5353/1557/4553 4092/320/3367
f 4392/758/3622 5365/972/4565 5361/907/4561
f 4141/392/3413 4142/395/3414 4135/391/3407
f 4142/395/3414 4143/397/3415 4136/394/3408
f 4143/397/3415 4144/399/3416 4137/396/3409
f 4144/399/3416 4145/401/3417 4138/398/3410
f 4145/401/3417 4146/403/3418 4139/400/3411
f 4146/403/3418 4147/409/3419 4140/402/3412
f 4148/404/3420 4149/405/3421 4142/395/3414
f 4149/405/3421 4150/406/3422 4143/397/3415
f 4150/406/3422 4151/407/3423 4144/399/3416
f 4151/407/3423 4152/408/3424 4145/401/3417
f 4152/408/3424 4153/410/3425 4146/403/3418
f 4153/410/3425 4154/416/3426 4147/409/3419
f 4155/411/3427 4156/412/3428 4149/405/3421
f 4156/412/3428 4157/413/3429 4150/406/3422
f 4157/413/3429 4158/414/3430 4151/407/3423
f 4158/414/3430 4159/415/3431 4152/408/3424
f 4159/415/3431 4160/417/3432 4153/410/3425
f 4160/417/3432 4161/423/3433 4154/416/3426
f 4162/418/3434 4163/419/3435 4156/412/3428
f 4163/419/3435 4164/420/3436 4157/413/3429
f 4164/420/3436 4165/421/3437 4158/414/3430
f 4165/421/3437 4166/422/3438 4159/415/3431
f 4166/422/3438 4167/424/3439 4160/417/3432
f 4167/424/3439 4168/430/3440 4161/423/3433
f 4169/425/3441 4170/426/3442 4163/419/3435
f 4170/426/3442 4171/427/3443 4164/420/3436
f 4171/427/3443 4172/428/3444 4165/421/3437
f 4172/428/3444 4173/429/3445 4166/422/3438
f 4173/429/3445 4174/431/3446 4167/424/3439
f 4174/431/3446 4175/437/3447 4168/430/3440
f 4176/432/3448 4177/433/3449 4170/426/3442
f 4177/433/3449 4178/434/3450 4171/427/3443
f 4178/434/3450 4179/435/3451 4172/428/3444
f 4179/435/3451 4180/436/3452 4173/429/3445
f 4180/436/3452 4181/438/3453 4174/431/3446
f 4181/438/3453 4182/441/3454 4175/437/3447
f 5333/908/4533 4957/1541/4157 3783/382/3109
f 4134/393/3406 4135/391/3407 3782/381/3108
f 4135/391/3407 4136/394/3408 3781/380/3107
f 4136/394/3408 4137/396/3409 3780/379/3106
f 4137/396/3409 4138/398/3410 3779/378/3105
f 4138/398/3410 4139/400/3411 3778/377/3104
f 4139/400/3411 4140/402/3412 3777/376/3103
f 4140/402/3412 3805/137/3130 3758/138/3098
f 4147/409/3419 3806/173/3131 3805/137/3130
f 4154/416/3426 3807/172/3132 3806/173/3131
f 4161/423/3433 3808/171/3133 3807/172/3132
f 4168/430/3440 3809/170/3134 3808/171/3133
f 4175/437/3447 3810/169/3135 3809/170/3134
f 4182/441/3454 3811/168/3136 3810/169/3135
f 4966/909/4166 5245/887/4445 3980/129/3290
f 5089/910/4289 5085/871/4285 4181/438/3453
f 5093/911/4293 5089/910/4289 4180/436/3452
f 5097/912/4297 5093/911/4293 4179/435/3451
f 5101/913/4301 5097/912/4297 4178/434/3450
f 5105/914/4305 5101/913/4301 4177/433/3449
f 5109/890/4309 4428/804/3657 4429/807/3658
f 3937/48/3248 5305/943/4505 4945/916/4145
f 5169/917/4369 4169/425/3441 4162/418/3434
f 5173/918/4373 4162/418/3434 4155/411/3427
f 5177/919/4377 4155/411/3427 4148/404/3420
f 5181/921/4381 4148/404/3420 4141/392/3413
f 5185/923/4385 4141/392/3413 4134/393/3406
f 4049/263/3325 5197/893/4397 5193/925/4393
f 4183/459/3178 4190/461/3178 4191/460/3458
f 4191/460/3458 4192/465/3176 4185/462/3176
f 4192/465/3176 4193/467/3459 4186/464/3455
f 4193/467/3459 4194/469/3460 4187/466/3174
f 4194/469/3460 4195/471/3461 4188/468/3456
f 4195/471/3461 4196/477/3462 4189/470/3457
f 4190/461/3178 4197/473/3178 4198/472/3458
f 4191/460/3458 4198/472/3458 4199/474/3463
f 4192/465/3176 4199/474/3463 4200/475/3464
f 4200/475/3464 4201/476/3465 4194/469/3460
f 4201/476/3465 4202/478/3466 4195/471/3461
f 4202/478/3466 4203/515/3467 4196/477/3462
f 4197/473/3178 4204/480/3178 4205/479/3468
f 4198/472/3458 4205/479/3468 4206/481/3469
f 4199/474/3463 4206/481/3469 4207/482/3470
f 4200/475/3464 4207/482/3470 4208/483/3471
f 4201/476/3465 4208/483/3471 4209/484/3472
f 4202/478/3466 4209/484/3472 4210/485/3473
f 4204/480/3178 4211/487/3116 4212/486/3468
f 4205/479/3468 4212/486/3468 4213/488/3474
f 4206/481/3469 4213/488/3474 4214/489/3475
f 4207/482/3470 4214/489/3475 4215/490/3476
f 4208/483/3471 4215/490/3476 4216/491/3477
f 4209/484/3472 4216/491/3477 4217/492/3478
f 4211/487/3116 4218/494/3116 4219/493/3479
f 4212/486/3468 4219/493/3479 4220/495/3480
f 4213/488/3474 4220/495/3480 4221/496/3481
f 4214/489/3475 4221/496/3481 4222/497/3482
f 4215/490/3476 4222/497/3482 4223/498/3483
f 4216/491/3477 4223/498/3483 4224/499/3484
f 4225/500/3116 4226/502/3485 4219/493/3479
f 4219/493/3479 4226/502/3485 4227/501/3486
f 4220/495/3480 4227/501/3486 4228/503/3487
f 4221/496/3481 4228/503/3487 4229/504/3488
f 4222/497/3482 4229/504/3488 4230/505/3489
f 4223/498/3483 4230/505/3489 4231/506/3490
f 3760/507/3097 3770/231/3097 4183/459/3178
f 3860/508/3178 4183/459/3178 4184/463/3177
f 4184/463/3177 4185/462/3176 3858/509/3176
f 4185/462/3176 4186/464/3455 3857/511/3175
f 4186/464/3455 4187/466/3174 3856/512/3174
f 4187/466/3174 4188/468/3456 3855/513/3173
f 4188/468/3456 4189/470/3457 3854/514/3172
f 4189/470/3457 3819/294/3144 3762/295/3101
f 4196/477/3462 3820/317/3145 3819/294/3144
f 4203/515/3467 3821/316/3146 3820/317/3145
f 4203/515/3467 4210/485/3473 3822/315/3147
f 4210/485/3473 4217/492/3478 3823/314/3148
f 4217/492/3478 4224/499/3484 3824/313/3149
f 4224/499/3484 4231/506/3490 3825/312/3150
f 4231/506/3490 3784/516/3110 3759/49/3099
f 4230/505/3489 3785/517/3111 3784/516/3110
f 4229/504/3488 3786/518/3112 3785/517/3111
f 4228/503/3487 3787/519/3113 3786/518/3112
f 4227/501/3486 3788/520/3114 3787/519/3113
f 4226/502/3485 3789/521/3115 3788/520/3114
f 3790/522/3116 3789/521/3115 4226/502/3485
f 3757/145/3097 3790/522/3116 4225/500/3116
f 3776/238/3097 4225/500/3116 4218/494/3116
f 3774/235/3097 3775/236/3097 4218/494/3116
f 3773/234/3097 3774/235/3097 4211/487/3116
f 3772/233/3097 3773/234/3097 4204/480/3178
f 3771/232/3097 3772/233/3097 4197/473/3178
f 3770/231/3097 3771/232/3097 4190/461/3178
f 4239/524/3498 4240/527/3499 4233/523/3492
f 4233/523/3492 4240/527/3499 4241/526/3500
f 4234/528/3493 4241/526/3500 4242/529/3501
f 4235/530/3494 4242/529/3501 4243/531/3502
f 4236/532/3495 4243/531/3502 4244/533/3503
f 4237/534/3496 4244/533/3503 4245/535/3504
f 4246/536/3505 4247/538/3506 4240/527/3499
f 4240/527/3499 4247/538/3506 4248/537/3507
f 4241/526/3500 4248/537/3507 4249/539/3508
f 4242/529/3501 4249/539/3508 4250/540/3509
f 4243/531/3502 4250/540/3509 4251/541/3510
f 4244/533/3503 4251/541/3510 4252/542/3511
f 4253/543/3512 4254/545/3513 4247/538/3506
f 4247/538/3506 4254/545/3513 4255/544/3514
f 4248/537/3507 4255/544/3514 4256/546/3515
f 4249/539/3508 4256/546/3515 4257/547/3516
f 4250/540/3509 4257/547/3516 4258/548/3517
f 4251/541/3510 4258/548/3517 4259/549/3518
f 4260/550/3519 4261/552/3520 4254/545/3513
f 4254/545/3513 4261/552/3520 4262/551/3521
f 4255/544/3514 4262/551/3521 4263/553/3522
f 4256/546/3515 4263/553/3522 4264/554/3523
f 4257/547/3516 4264/554/3523 4265/555/3524
f 4258/548/3517 4265/555/3524 4266/556/3525
f 4267/557/3526 4268/559/3527 4261/552/3520
f 4261/552/3520 4268/559/3527 4269/558/3528
f 4262/551/3521 4269/558/3528 4270/560/3529
f 4263/553/3522 4270/560/3529 4271/561/3530
f 4264/554/3523 4271/561/3530 4272/562/3531
f 4265/555/3524 4272/562/3531 4273/563/3532
f 4274/564/3533 4275/566/3534 4268/559/3527
f 4268/559/3527 4275/566/3534 4276/565/3535
f 4269/558/3528 4276/565/3535 4277/567/3536
f 4270/560/3529 4277/567/3536 4278/568/3537
f 4271/561/3530 4278/568/3537 4279/569/3538
f 4272/562/3531 4279/569/3538 4280/570/3539
f 3763/146/3102 4232/525/3491 3790/522/3116
f 4232/525/3491 4233/523/3492 3789/521/3115
f 3789/521/3115 4233/523/3492 4234/528/3493
f 3788/520/3114 4234/528/3493 4235/530/3494
f 3787/519/3113 4235/530/3494 4236/532/3495
f 3786/518/3112 4236/532/3495 4237/534/3496
f 3785/517/3111 4237/534/3496 4238/571/3497
f 3784/516/3110 4238/571/3497 3826/50/3151
f 4238/571/3497 4245/535/3504 3827/87/3152
f 4245/535/3504 4252/542/3511 3828/86/3153
f 4252/542/3511 4259/549/3518 3829/85/3154
f 4259/549/3518 4266/556/3525 3830/84/3155
f 4266/556/3525 4273/563/3532 3831/82/3156
f 4273/563/3532 4280/570/3539 3832/83/3157
f 3832/83/3157 4979/944/4179 5329/926/4529
f 4278/568/3537 5145/928/4345 5141/927/4341
f 4277/567/3536 5149/929/4349 5145/928/4345
f 4276/565/3535 5153/930/4353 5149/929/4349
f 4275/566/3534 5157/1449/4357 5153/930/4353
f 5161/931/4361 5157/1449/4357 4275/566/3534
f 5165/932/4365 4176/432/3448 4169/425/3441
f 5221/934/4421 4953/935/4153 3769/584/3102
f 3769/584/3102 4274/564/3533 4267/557/3526
f 3768/151/3102 4267/557/3526 4260/550/3519
f 3767/150/3102 4260/550/3519 4253/543/3512
f 3766/149/3102 4253/543/3512 4246/536/3505
f 3765/148/3102 4246/536/3505 4239/524/3498
f 3764/147/3102 4239/524/3498 4232/525/3491
f 4288/587/3178 4289/590/3177 4282/586/3177
f 4289/590/3177 4290/592/3540 4283/589/3540
f 4290/592/3540 4291/594/3545 4284/591/3541
f 4291/594/3545 4292/596/3546 4285/593/3542
f 4292/596/3546 4293/598/3547 4286/595/3543
f 4293/598/3547 4294/604/3548 4287/597/3544
f 4295/599/3178 4296/600/3177 4289/590/3177
f 4296/600/3177 4297/601/3176 4290/592/3540
f 4297/601/3176 4298/602/3545 4291/594/3545
f 4298/602/3545 4299/603/3546 4292/596/3546
f 4299/603/3546 4300/605/3549 4293/598/3547
f 4300/605/3549 4301/611/3550 4294/604/3548
f 4302/606/3178 4303/607/3177 4296/600/3177
f 4303/607/3177 4304/608/3176 4297/601/3176
f 4304/608/3176 4305/609/3545 4298/602/3545
f 4305/609/3545 4306/610/3551 4299/603/3546
f 4306/610/3551 4307/612/3552 4300/605/3549
f 4307/612/3552 4308/618/3553 4301/611/3550
f 4309/613/3178 4310/614/3177 4303/607/3177
f 4310/614/3177 4311/615/3176 4304/608/3176
f 4311/615/3176 4312/616/3175 4305/609/3545
f 4312/616/3175 4313/617/3554 4306/610/3551
f 4313/617/3554 4314/619/3555 4307/612/3552
f 4314/619/3555 4315/625/3556 4308/618/3553
f 4316/620/3178 4317/621/3177 4310/614/3177
f 4317/621/3177 4318/622/3176 4311/615/3176
f 4318/622/3176 4319/623/3175 4312/616/3175
f 4319/623/3175 4320/624/3554 4313/617/3554
f 4320/624/3554 4321/626/3557 4314/619/3555
f 4321/626/3557 4322/632/3558 4315/625/3556
f 4323/627/3178 4324/628/3177 4317/621/3177
f 4324/628/3177 4325/629/3176 4318/622/3176
f 4325/629/3176 4326/630/3175 4319/623/3175
f 4326/630/3175 4327/631/3174 4320/624/3554
f 4327/631/3174 4328/633/3173 4321/626/3557
f 4328/633/3173 4329/653/3559 4322/632/3558
f 4953/935/4153 5161/931/4361 4274/564/3533
f 4282/586/3177 4283/589/3540 5285/936/4485
f 4283/589/3540 4284/591/3541 5289/938/4489
f 4284/591/3541 4285/593/3542 5293/939/4493
f 4285/593/3542 4286/595/3543 5297/941/4497
f 4286/595/3543 4287/597/3544 5301/942/4501
f 3936/47/3247 5309/874/4509 5305/943/4505
f 4280/570/3539 5137/983/4337 4979/944/4179
f 4294/604/3548 3848/648/3166 3847/647/3165
f 4301/611/3550 3849/649/3167 3848/648/3166
f 4308/618/3553 3850/650/3168 3849/649/3167
f 4315/625/3556 3851/651/3169 3850/650/3168
f 4322/632/3558 3852/652/3170 3851/651/3169
f 4329/653/3559 3853/654/3171 3852/652/3170
f 3854/514/3172 3762/295/3101 3853/654/3171
f 3855/513/3173 3854/514/3172 4329/653/3559
f 3856/512/3174 3855/513/3173 4328/633/3173
f 3857/511/3175 3856/512/3174 4327/631/3174
f 3858/509/3176 3857/511/3175 4326/630/3175
f 3859/510/3177 3858/509/3176 4325/629/3176
f 3860/508/3178 3859/510/3177 4324/628/3177
f 3839/655/3097 3760/507/3097 3860/508/3178
f 3838/656/3097 3839/655/3097 4323/627/3178
f 3837/657/3097 3838/656/3097 4316/620/3178
f 3837/657/3097 4309/613/3178 4302/606/3178
f 3836/658/3097 4302/606/3178 4295/599/3178
f 3835/659/3097 4295/599/3178 4288/587/3178
f 3834/660/3097 4288/587/3178 4281/588/3178
f 4330/661/3560 4337/663/3567 4338/662/3568
f 4331/664/3561 4338/662/3568 4339/665/3569
f 4332/666/3562 4339/665/3569 4340/667/3570
f 4333/668/3563 4340/667/3570 4341/669/3571
f 4334/670/3564 4341/669/3571 4342/671/3572
f 4335/672/3565 4342/671/3572 4343/673/3573
f 4337/663/3567 4344/675/3574 4345/674/3575
f 4338/662/3568 4345/674/3575 4346/676/3576
f 4339/665/3569 4346/676/3576 4347/677/3577
f 4340/667/3570 4347/677/3577 4348/678/3578
f 4341/669/3571 4348/678/3578 4349/679/3579
f 4342/671/3572 4349/679/3579 4350/680/3580
f 4344/675/3574 4351/682/3581 4352/681/3582
f 4345/674/3575 4352/681/3582 4353/683/3583
f 4346/676/3576 4353/683/3583 4354/684/3584
f 4347/677/3577 4354/684/3584 4355/685/3585
f 4348/678/3578 4355/685/3585 4356/686/3586
f 4349/679/3579 4356/686/3586 4357/687/3587
f 4351/682/3581 4358/689/3588 4359/688/3589
f 4352/681/3582 4359/688/3589 4360/690/3590
f 4353/683/3583 4360/690/3590 4361/691/3591
f 4354/684/3584 4361/691/3591 4362/692/3592
f 4355/685/3585 4362/692/3592 4363/693/3593
f 4356/686/3586 4363/693/3593 4364/694/3594
f 4358/689/3588 4365/696/3595 4366/695/3596
f 4359/688/3589 4366/695/3596 4367/697/3597
f 4360/690/3590 4367/697/3597 4368/698/3598
f 4361/691/3591 4368/698/3598 4369/699/3599
f 4362/692/3592 4369/699/3599 4370/700/3600
f 4363/693/3593 4370/700/3600 4371/701/3601
f 4365/696/3595 4372/703/3602 4373/702/3603
f 4366/695/3596 4373/702/3603 4374/704/3604
f 4367/697/3597 4374/704/3604 4375/705/3605
f 4368/698/3598 4375/705/3605 4376/706/3606
f 4369/699/3599 4376/706/3606 4377/707/3607
f 4370/700/3600 4377/707/3607 4378/708/3608
f 4385/751/3615 5361/907/4561 4937/945/4137
f 5253/947/4453 4331/664/3561 4332/666/3562
f 5257/948/4457 4332/666/3562 4333/668/3563
f 5261/950/4461 4333/668/3563 4334/670/3564
f 5265/952/4465 4334/670/3564 4335/672/3565
f 5269/953/4469 4335/672/3565 4336/723/3566
f 4281/588/3178 4282/586/3177 5281/937/4481
f 3847/647/3165 4379/742/3609 5025/956/4225
f 4336/723/3566 4343/673/3573 3841/724/3159
f 4343/673/3573 4350/680/3580 3842/725/3160
f 4350/680/3580 4357/687/3587 3843/726/3161
f 4357/687/3587 4364/694/3594 3844/727/3162
f 4364/694/3594 4371/701/3601 3845/728/3163
f 4371/701/3601 4378/708/3608 3846/729/3164
f 4378/708/3608 3861/374/3179 3761/221/3100
f 4377/707/3607 3862/372/3180 3861/374/3179
f 4376/706/3606 3863/371/3181 3862/372/3180
f 4375/705/3605 3864/370/3182 3863/371/3181
f 4374/704/3604 3865/369/3183 3864/370/3182
f 4373/702/3603 3866/368/3184 3865/369/3183
f 4372/703/3602 3867/367/3185 3866/368/3184
f 4990/958/4190 5357/1560/4557 4085/318/3360
f 5005/959/4205 5001/1350/4201 4365/696/3595
f 5009/960/4209 5005/989/4205 4358/689/3588
f 5013/961/4213 5009/1355/4209 4351/682/3581
f 5017/962/4217 5013/1358/4213 4344/675/3574
f 5021/963/4221 5017/1361/4217 4337/663/3567
f 4379/742/3609 4380/740/3610 5029/964/4229
f 4386/741/3616 4387/744/3617 4380/740/3610
f 4387/744/3617 4388/746/3618 4381/743/3611
f 4388/746/3618 4389/748/3619 4382/745/3612
f 4389/748/3619 4390/750/3620 4383/747/3613
f 4390/750/3620 4391/752/3621 4384/749/3614
f 4391/752/3621 4392/758/3622 4385/751/3615
f 4393/753/3623 4394/754/3624 4387/744/3617
f 4394/754/3624 4395/755/3625 4388/746/3618
f 4395/755/3625 4396/756/3612 4389/748/3619
f 4396/756/3612 4397/757/3626 4390/750/3620
f 4397/757/3626 4398/759/3627 4391/752/3621
f 4398/759/3627 4399/765/3628 4392/758/3622
f 4400/760/3629 4401/761/3630 4394/754/3624
f 4401/761/3630 4402/762/3631 4395/755/3625
f 4402/762/3631 4403/763/3632 4396/756/3612
f 4403/763/3632 4404/764/3633 4397/757/3626
f 4404/764/3633 4405/766/3634 4398/759/3627
f 4405/766/3634 4406/772/3635 4399/765/3628
f 4407/767/3636 4408/768/3637 4401/761/3630
f 4408/768/3637 4409/769/3638 4402/762/3631
f 4409/769/3638 4410/770/3639 4403/763/3632
f 4410/770/3639 4411/771/3640 4404/764/3633
f 4411/771/3640 4412/773/3641 4405/766/3634
f 4412/773/3641 4413/779/3642 4406/772/3635
f 4414/774/3643 4415/775/3644 4408/768/3637
f 4415/775/3644 4416/776/3645 4409/769/3638
f 4416/776/3645 4417/777/3646 4410/770/3639
f 4417/777/3646 4418/778/3647 4411/771/3640
f 4418/778/3647 4419/780/3648 4412/773/3641
f 4419/780/3648 4420/786/3649 4413/779/3642
f 4421/781/3650 4422/782/3651 4415/775/3644
f 4422/782/3651 4423/783/3652 4416/776/3645
f 4423/783/3652 4424/784/3653 4417/777/3646
f 4424/784/3653 4425/785/3654 4418/778/3647
f 4425/785/3654 4426/787/3655 4419/780/3648
f 4426/787/3655 4427/803/3656 4420/786/3649
f 4287/597/3544 3847/647/3165 4974/957/4174
f 4380/740/3610 4381/743/3611 5033/965/4233
f 4381/743/3611 4382/745/3612 5037/966/4237
f 4382/745/3612 4383/747/3613 5041/967/4241
f 4383/747/3613 4384/749/3614 5045/968/4245
f 4384/749/3614 4385/751/3615 5049/970/4249
f 3895/57/3206 3902/13/3213 5057/866/4257
f 4941/971/4141 5105/914/4305 4176/432/3448
f 4399/765/3628 5369/973/4569 5365/972/4565
f 4406/772/3635 5373/974/4573 5369/973/4569
f 4413/779/3642 5377/975/4577 5373/974/4573
f 4420/786/3649 5381/976/4581 5377/975/4577
f 4427/803/3656 5385/892/4585 5381/976/4581
f 5001/977/4201 4997/1347/4197 4372/703/3602
f 3869/300/3187 3868/301/3186 4427/803/3656
f 3870/299/3188 3869/300/3187 4426/787/3655
f 3871/298/3189 3870/299/3188 4425/785/3654
f 3872/297/3190 3871/298/3189 4424/784/3653
f 3873/296/3191 3872/297/3190 4423/783/3652
f 3874/293/3192 3873/296/3191 4422/782/3651
f 3762/295/3101 3874/293/3192 4421/781/3650
f 3853/654/3171 4421/781/3650 4414/774/3643
f 3852/652/3170 4414/774/3643 4407/767/3636
f 3851/651/3169 4407/767/3636 4400/760/3629
f 3850/650/3168 4400/760/3629 4393/753/3623
f 3849/649/3167 4393/753/3623 4386/741/3616
f 3848/648/3166 4386/741/3616 4379/742/3609
f 4428/804/3657 4435/806/3662 4436/805/3663
f 4429/807/3658 4436/805/3663 4437/808/3664
f 4430/809/3659 4437/808/3664 4438/810/3665
f 4431/811/3660 4438/810/3665 4439/812/3195
f 4432/813/3661 4439/812/3195 4440/814/3194
f 4433/815/3194 4440/814/3194 4441/816/3193
f 4435/806/3662 4442/818/3666 4443/817/3667
f 4436/805/3663 4443/817/3667 4444/819/3664
f 4437/808/3664 4444/819/3664 4445/820/3665
f 4438/810/3665 4445/820/3665 4446/821/3195
f 4439/812/3195 4446/821/3195 4447/822/3194
f 4440/814/3194 4447/822/3194 4448/823/3193
f 4442/818/3666 4449/825/3668 4450/824/3669
f 4443/817/3667 4450/824/3669 4451/826/3670
f 4444/819/3664 4451/826/3670 4452/827/3665
f 4445/820/3665 4452/827/3665 4453/828/3195
f 4446/821/3195 4453/828/3195 4454/829/3194
f 4447/822/3194 4454/829/3194 4455/830/3193
f 4449/825/3668 4456/832/3671 4457/831/3672
f 4450/824/3669 4457/831/3672 4458/833/3673
f 4451/826/3670 4458/833/3673 4459/834/3311
f 4452/827/3665 4459/834/3311 4460/835/3195
f 4453/828/3195 4460/835/3195 4461/836/3194
f 4454/829/3194 4461/836/3194 4462/837/3193
f 4456/832/3671 4463/839/3674 4464/838/3675
f 4457/831/3672 4464/838/3675 4465/840/3673
f 4458/833/3673 4465/840/3673 4466/841/3311
f 4459/834/3311 4466/841/3311 4467/842/3195
f 4460/835/3195 4467/842/3195 4468/843/3194
f 4461/836/3194 4468/843/3194 4469/844/3193
f 4463/839/3674 4470/846/3676 4471/845/3677
f 4464/838/3675 4471/845/3677 4472/847/3197
f 4465/840/3673 4472/847/3197 4473/848/3311
f 4466/841/3311 4473/848/3311 4474/849/3195
f 4467/842/3195 4474/849/3195 4475/850/3194
f 4468/843/3194 4475/850/3194 4476/851/3193
f 5273/954/4473 4336/723/3566 3840/862/3158
f 5113/915/4313 4429/807/3658 4430/809/3659
f 5117/978/4317 4430/809/3659 4431/811/3660
f 5121/980/4321 4431/811/3660 4432/813/3661
f 5125/981/4325 4432/813/3661 4433/815/3194
f 5129/982/4329 4433/815/3194 4434/636/3193
f 4279/569/3538 5141/927/4341 5137/983/4337
f 3833/635/3097 4281/588/3178 5277/955/4477
f 4434/636/3193 4441/816/3193 3834/660/3097
f 4441/816/3193 4448/823/3193 3835/659/3097
f 4448/823/3193 4455/830/3193 3836/658/3097
f 4455/830/3193 4462/837/3193 3837/657/3097
f 4462/837/3193 4469/844/3193 3838/656/3097
f 4469/844/3193 4476/851/3193 3839/655/3097
f 4476/851/3193 3875/230/3193 3760/507/3097
f 4475/850/3194 3876/228/3194 3875/230/3193
f 4474/849/3195 3877/227/3195 3876/228/3194
f 4473/848/3311 3878/226/3196 3877/227/3195
f 4472/847/3197 3879/225/3197 3878/226/3196
f 4471/845/3677 3880/224/3198 3879/225/3197
f 4470/846/3676 3881/223/3199 3880/224/3198
f 3846/729/3164 3761/221/3100 3881/223/3199
f 3845/728/3163 3846/729/3164 4470/846/3676
f 3844/727/3162 3845/728/3163 4463/839/3674
f 3843/726/3161 3844/727/3162 4456/832/3671
f 3842/725/3160 3843/726/3161 4449/825/3668
f 3841/724/3159 3842/725/3160 4442/818/3666
f 3840/862/3158 3841/724/3159 4435/806/3662
f 4542/985/3743 3652/703/3021 3147/367/2607
f 4546/987/3747 3645/696/3014 3652/703/3021
f 4550/989/3751 3638/689/3007 3645/696/3014
f 4554/960/3755 3631/682/3000 3638/689/3007
f 4558/992/3759 3624/675/2993 3631/682/3000
f 4562/994/3763 3617/663/2986 3624/675/2993
f 4566/996/3767 3610/661/2979 3617/663/2986
f 4478/998/3679 4794/1272/3995 3610/661/2979
f 4570/999/3771 3659/742/3028 3127/647/2587
f 4574/1001/3775 3660/740/3029 3659/742/3028
f 4578/1002/3779 3661/743/3030 3660/740/3029
f 4582/1003/3783 3662/745/3031 3661/743/3030
f 4586/1004/3787 3663/747/3032 3662/745/3031
f 4590/1006/3791 3664/749/3033 3663/747/3032
f 4594/1007/3795 3665/751/3034 3664/749/3033
f 4482/1009/3683 4906/1092/4106 3665/751/3034
f 3092/311/2559 4505/863/3706 4598/1011/3799
f 3175/57/2628 4598/1011/3799 4602/866/3803
f 3182/13/2635 4602/866/3803 4606/1012/3807
f 3189/20/2642 4606/1012/3807 4610/867/3811
f 3196/27/2649 4610/867/3811 4614/1013/3815
f 3203/34/2656 4614/1013/3815 4618/1014/3819
f 3210/41/2663 4618/1014/3819 4622/1015/3823
f 3217/48/2670 4622/1015/3823 4490/1016/3691
f 3091/168/2558 4509/1063/3710 4626/1017/3827
f 3462/441/2872 4626/1017/3827 4630/871/3831
f 3461/438/2871 4630/871/3831 4634/910/3835
f 3460/436/2870 4634/910/3835 4638/911/3839
f 3459/435/2869 4638/911/3839 4642/1018/3843
f 3458/434/2868 4642/1018/3843 4646/1019/3847
f 3457/433/2867 4646/1019/3847 4650/914/3851
f 3456/432/2866 4650/914/3851 4486/1020/3687
f 4513/1022/3714 4654/1023/3855 3708/804/3076
f 4654/1023/3855 4658/1024/3859 3709/807/3077
f 4658/1024/3859 4662/1025/3863 3710/809/3078
f 4662/1025/3863 4666/1026/3867 3711/811/3079
f 4666/1026/3867 4670/1027/3871 3712/813/3080
f 4670/1027/3871 4674/1203/3875 3713/815/2616
f 4674/1028/3875 4678/634/3879 3714/636/2615
f 4822/1029/4023 3561/588/2600 3113/635/2520
f 3560/570/2957 3112/83/2579 4522/944/3723
f 3559/569/2956 3560/570/2957 4682/1031/3883
f 3558/568/2955 3559/569/2956 4686/1032/3887
f 3557/567/2954 3558/568/2955 4690/1033/3891
f 3556/565/2953 3557/567/2954 4694/1034/3895
f 3555/566/2952 3556/565/2953 4698/1035/3899
f 3555/566/2952 4702/1036/3903 4706/1037/3907
f 3554/564/2951 4706/1037/3907 4498/1038/3699
f 4489/69/3690 4621/65/3822 5078/65/4278
f 3449/425/2859 3456/432/2866 4710/1039/3911
f 3442/418/2852 3449/425/2859 4714/1041/3915
f 3435/411/2845 3442/418/2852 4718/1043/3919
f 3428/404/2838 3435/411/2845 4722/1044/3923
f 3421/392/2831 3428/404/2838 4726/1046/3927
f 3414/393/2532 3421/392/2831 4730/1048/3931
f 3063/382/2532 3414/393/2532 4734/1050/3935
f 4537/1052/3738 4738/1053/3939 3322/256/2739
f 4738/1053/3939 4742/1054/3943 3329/263/2746
f 4742/1054/3943 4746/894/3947 3336/891/2753
f 3336/891/2753 4746/894/3947 4750/1055/3951
f 3343/271/2759 4750/1055/3951 4754/1056/3955
f 3350/278/2766 4754/1056/3955 4758/897/3959
f 3357/285/2772 4758/897/3959 4762/1057/3963
f 3364/292/2779 4762/1057/3963 4505/863/3706
f 4733/458/3934 5190/458/4390 4958/383/4158
f 3266/152/2718 4766/585/3967 4770/1058/3971
f 3265/135/2717 4770/1058/3971 4774/1059/3975
f 3264/133/2716 4774/1059/3975 4778/1060/3979
f 3263/132/2715 4778/1060/3979 4782/1061/3983
f 3262/131/2714 4782/1061/3983 4786/1062/3987
f 3261/130/2713 4786/1062/3987 4790/887/3991
f 3260/129/2712 4790/887/3991 4509/1063/3710
f 4593/793/3794 5050/793/4250 4938/795/4138
f 4794/1064/3995 4798/1065/3999 3611/664/2980
f 4798/1065/3999 4802/1066/4003 3612/666/2981
f 4802/1066/4003 4806/1067/4007 3613/668/2982
f 4806/1067/4007 4810/1068/4011 3614/670/2983
f 4810/1068/4011 4814/1069/4015 3615/672/2984
f 4814/1069/4015 4818/1070/4019 3616/723/2985
f 4818/1070/4019 4513/1022/3714 3120/862/2580
f 4497/153/3698 4705/583/3906 5162/582/4362
f 4826/1071/4027 3562/586/2599 3561/588/2600
f 4830/1072/4031 3563/589/2958 3562/586/2599
f 4834/1073/4035 3564/591/2959 3563/589/2958
f 4838/1075/4039 3565/593/2960 3564/591/2959
f 4842/1077/4043 3566/595/2961 3565/593/2960
f 4846/1078/4047 3567/597/2962 3566/595/2961
f 4517/1000/3718 3127/647/2587 3567/597/2962
f 4493/861/3694 4677/858/3878 5134/859/4334
f 3216/47/2669 3217/48/2670 4850/943/4051
f 3215/46/2668 3216/47/2669 4854/1079/4055
f 3214/45/2667 3215/46/2668 4858/875/4059
f 3213/44/2666 3214/45/2667 4862/876/4063
f 3212/42/2665 3213/44/2666 4866/1080/4067
f 3211/43/2664 3212/42/2665 4870/878/4071
f 3112/83/2579 3211/43/2664 4874/926/4075
f 4597/794/3798 4506/58/3707 4961/58/4161
f 3400/351/2815 3407/358/2822 4878/1081/4079
f 3393/345/2808 3400/351/2815 4882/1083/4079
f 3386/339/2801 3393/345/2808 4886/1084/4086
f 4894/1086/4094 3379/332/2794 3386/339/2801
f 4898/1088/4098 3372/320/2787 3379/332/2794
f 4902/1090/4102 3365/318/2780 3372/320/2787
f 4533/986/3734 3147/367/2607 3365/318/2780
f 4649/448/3850 5106/448/4306 4942/452/4142
f 4906/1092/4106 4910/1093/4110 3672/758/3040
f 4910/1093/4110 4914/1094/4114 3679/765/3047
f 4914/1094/4114 4918/1095/4118 3686/772/3054
f 4918/1095/4118 4922/1096/4122 3693/779/3061
f 4922/1096/4122 4926/1097/4126 3700/786/3068
f 4926/1097/4126 4930/892/4130 3707/803/3075
f 4930/892/4130 4537/1052/3738 3148/301/2608
f 4524/1098/3725 4526/1101/3727 4525/1099/3726
f 4524/1098/3725 4528/1103/3729 4529/1100/3730
f 4527/1102/3728 4529/1100/3730 4528/1103/3729
f 4531/1104/3732 4532/1105/3733 4529/1100/3730
f 4523/572/3724 4530/1106/3731 4532/1105/3733
f 4530/1106/3731 4525/1099/3726 4526/1101/3727
f 4980/1107/4180 4982/1111/4182 4981/1108/4181
f 4984/1110/4184 4985/1112/4185 4982/1111/4182
f 4978/573/4178 4983/1113/4183 4985/1112/4185
f 4983/1113/4183 4987/1116/4187 4988/1114/4188
f 4986/1115/4186 4988/1114/4188 4987/1116/4187
f 4981/1108/4181 4982/1111/4182 4988/1114/4188
f 4534/81/3735 4541/80/3742 4543/1117/3744
f 4543/1117/3744 4544/1120/3745 4535/1119/3736
f 4544/1120/3745 4542/985/3743 4533/986/3734
f 4545/731/3746 4547/1121/3748 4543/1117/3744
f 4547/1121/3748 4548/1122/3749 4544/1120/3745
f 4548/1122/3749 4546/987/3747 4542/988/3743
f 4549/730/3750 4551/1123/3752 4547/1121/3748
f 4551/1123/3752 4552/1124/3753 4548/1122/3749
f 4552/1124/3753 4550/989/3751 4546/990/3747
f 4553/733/3754 4555/1125/3756 4551/1123/3752
f 4555/1125/3756 4556/1126/3757 4552/1124/3753
f 4556/1126/3757 4554/960/3755 4550/991/3751
f 4557/734/3758 4559/1127/3760 4555/1125/3756
f 4559/1127/3760 4560/1128/3761 4556/1126/3757
f 4560/1128/3761 4558/992/3759 4554/993/3755
f 4561/736/3762 4563/1129/3764 4559/1127/3760
f 4563/1129/3764 4564/1130/3765 4560/1128/3761
f 4564/1130/3765 4562/994/3763 4558/995/3759
f 4565/737/3766 4567/1131/3768 4563/1129/3764
f 4567/1131/3768 4568/1132/3769 4564/1130/3765
f 4568/1132/3769 4566/996/3767 4562/997/3763
f 4477/710/3678 4479/1133/3680 4567/1131/3768
f 4479/1133/3680 4480/1134/3681 4568/1132/3769
f 4480/1134/3681 4478/998/3679 4566/996/3767
f 4569/722/3770 4571/1136/3772 4520/1135/3721
f 4571/1136/3772 4572/1138/3773 4519/1137/3720
f 4572/1138/3773 4570/999/3771 4517/1000/3718
f 4573/739/3774 4575/1139/3776 4571/1136/3772
f 4575/1139/3776 4576/1140/3777 4572/1138/3773
f 4576/1140/3777 4574/1001/3775 4570/999/3771
f 4577/788/3778 4579/1141/3780 4575/1139/3776
f 4579/1141/3780 4580/1142/3781 4576/1140/3777
f 4580/1142/3781 4578/1002/3779 4574/1001/3775
f 4581/790/3782 4583/1143/3784 4579/1141/3780
f 4583/1143/3784 4584/1144/3785 4580/1142/3781
f 4584/1144/3785 4582/1003/3783 4578/1002/3779
f 4585/791/3786 4587/1145/3788 4583/1143/3784
f 4587/1145/3788 4588/1146/3789 4584/1144/3785
f 4588/1146/3789 4586/1004/3787 4582/1005/3783
f 4589/792/3790 4591/1147/3792 4587/1145/3788
f 4591/1147/3792 4592/1148/3793 4588/1146/3789
f 4592/1148/3793 4590/1006/3791 4586/1004/3787
f 4593/793/3794 4595/1149/3796 4591/1147/3792
f 4595/1149/3796 4596/1150/3797 4592/1148/3793
f 4596/1150/3797 4594/1007/3795 4590/1008/3791
f 4481/795/3682 4483/1151/3684 4595/1149/3796
f 4483/1151/3684 4484/1152/3685 4596/1150/3797
f 4484/1152/3685 4482/1009/3683 4594/1010/3795
f 4506/58/3707 4597/794/3798 4599/1153/3800
f 4508/1154/3709 4599/1153/3800 4600/1155/3801
f 4600/1155/3801 4598/1011/3799 4505/863/3706
f 4597/794/3798 4601/61/3802 4603/1157/3804
f 4599/1153/3800 4603/1157/3804 4604/1158/3805
f 4604/1158/3805 4602/866/3803 4598/1011/3799
f 4601/61/3802 4605/60/3806 4607/1159/3808
f 4607/1159/3808 4608/1160/3809 4604/1158/3805
f 4608/1160/3809 4606/1012/3807 4602/866/3803
f 4605/60/3806 4609/62/3810 4611/1161/3812
f 4611/1161/3812 4612/1162/3813 4608/1160/3809
f 4612/1162/3813 4610/867/3811 4606/1012/3807
f 4613/63/3814 4615/1163/3816 4611/1161/3812
f 4615/1163/3816 4616/1164/3817 4612/1162/3813
f 4616/1164/3817 4614/1013/3815 4610/867/3811
f 4617/64/3818 4619/1165/3820 4615/1163/3816
f 4619/1165/3820 4620/1166/3821 4616/1164/3817
f 4620/1166/3821 4618/1014/3819 4614/1013/3815
f 4621/65/3822 4623/1167/3824 4619/1165/3820
f 4623/1167/3824 4624/1168/3825 4620/1166/3821
f 4624/1168/3825 4622/1015/3823 4618/1014/3819
f 4489/69/3690 4491/1169/3692 4623/1167/3824
f 4491/1169/3692 4492/1170/3693 4624/1168/3825
f 4492/1170/3693 4490/1016/3691 4622/1015/3823
f 4625/66/3826 4627/1172/3828 4512/1171/3713
f 4627/1172/3828 4628/1174/3829 4511/1173/3712
f 4628/1174/3829 4626/1017/3827 4509/1063/3710
f 4629/67/3830 4631/1175/3832 4627/1172/3828
f 4631/1175/3832 4632/1176/3833 4628/1174/3829
f 4632/1176/3833 4630/871/3831 4626/1017/3827
f 4633/444/3834 4635/1177/3836 4631/1175/3832
f 4635/1177/3836 4636/1178/3837 4632/1176/3833
f 4636/1178/3837 4634/910/3835 4630/871/3831
f 4637/445/3838 4639/1179/3840 4635/1177/3836
f 4639/1179/3840 4640/1180/3841 4636/1178/3837
f 4640/1180/3841 4638/911/3839 4634/910/3835
f 4641/446/3842 4643/1181/3844 4639/1179/3840
f 4643/1181/3844 4644/1182/3845 4640/1180/3841
f 4644/1182/3845 4642/1018/3843 4638/911/3839
f 4645/447/3846 4647/1183/3848 4643/1181/3844
f 4647/1183/3848 4648/1184/3849 4644/1182/3845
f 4648/1184/3849 4646/1019/3847 4642/1018/3843
f 4649/448/3850 4651/1185/3852 4647/1183/3848
f 4651/1185/3852 4652/1186/3853 4648/1184/3849
f 4652/1186/3853 4650/914/3851 4646/1019/3847
f 4485/452/3686 4487/1187/3688 4651/1185/3852
f 4487/1187/3688 4488/1188/3689 4652/1186/3853
f 4488/1188/3689 4486/1020/3687 4650/914/3851
f 4514/852/3715 4653/166/3854 4655/1189/3856
f 4516/1190/3717 4655/1189/3856 4656/1191/3857
f 4515/1192/3716 4656/1191/3857 4654/1023/3855
f 4653/166/3854 4657/449/3858 4659/1193/3860
f 4655/1189/3856 4659/1193/3860 4660/1194/3861
f 4656/1191/3857 4660/1194/3861 4658/1024/3859
f 4657/449/3858 4661/853/3862 4663/1195/3864
f 4659/1193/3860 4663/1195/3864 4664/1196/3865
f 4660/1194/3861 4664/1196/3865 4662/1025/3863
f 4661/853/3862 4665/854/3866 4667/1197/3868
f 4663/1195/3864 4667/1197/3868 4668/1198/3869
f 4664/1196/3865 4668/1198/3869 4666/1026/3867
f 4665/854/3866 4669/856/3870 4671/1199/3872
f 4667/1197/3868 4671/1199/3872 4672/1200/3873
f 4668/1198/3869 4672/1200/3873 4670/1027/3871
f 4669/856/3870 4673/857/3874 4675/1201/3876
f 4671/1199/3872 4675/1201/3876 4676/1202/3877
f 4672/1200/3873 4676/1202/3877 4674/1203/3875
f 4673/857/3874 4677/858/3878 4679/1204/3880
f 4675/1201/3876 4679/1204/3880 4680/1205/3881
f 4676/1202/3877 4680/1205/3881 4678/634/3879
f 4677/858/3878 4493/861/3694 4495/1206/3696
f 4679/1204/3880 4495/1206/3696 4496/1207/3697
f 4680/1205/3881 4496/1207/3697 4494/1030/3695
f 4521/644/3722 4681/646/3882 4683/1208/3884
f 4524/1098/3725 4683/1208/3884 4684/1209/3885
f 4528/1210/3729 4684/1209/3885 4682/1031/3883
f 4685/574/3886 4687/1213/3888 4683/1208/3884
f 4683/1208/3884 4687/1213/3888 4688/1211/3889
f 4684/1209/3885 4688/1211/3889 4686/1032/3887
f 4685/574/3886 4689/576/3890 4691/1212/3892
f 4687/1213/3888 4691/1212/3892 4692/1214/3893
f 4688/1211/3889 4692/1214/3893 4690/1033/3891
f 4689/576/3890 4693/577/3894 4695/1215/3896
f 4691/1212/3892 4695/1215/3896 4696/1216/3897
f 4692/1214/3893 4696/1216/3897 4694/1034/3895
f 4693/577/3894 4697/579/3898 4699/1217/3900
f 4695/1215/3896 4699/1217/3900 4700/1218/3901
f 4696/1216/3897 4700/1218/3901 4698/1035/3899
f 4701/581/3902 4703/1220/3904 4699/1217/3900
f 4699/1217/3900 4703/1220/3904 4704/1219/3905
f 4700/1218/3901 4704/1219/3905 4702/1036/3903
f 4705/583/3906 4707/1221/3908 4703/1220/3904
f 4707/1221/3908 4708/1222/3909 4704/1219/3905
f 4708/1222/3909 4706/1037/3907 4702/1036/3903
f 4497/153/3698 4499/1223/3700 4707/1221/3908
f 4499/1223/3700 4500/1224/3701 4708/1222/3909
f 4500/1224/3701 4498/1038/3699 4706/1037/3907
f 4485/452/3686 4709/451/3910 4711/1225/3912
f 4487/1187/3688 4711/1225/3912 4712/1226/3913
f 4488/1188/3689 4712/1226/3913 4710/1021/3911
f 4709/451/3910 4713/454/3914 4715/1227/3916
f 4711/1225/3912 4715/1227/3916 4716/1228/3917
f 4712/1226/3913 4716/1228/3917 4714/1040/3915
f 4713/454/3914 4717/453/3918 4719/1229/3920
f 4715/1227/3916 4719/1229/3920 4720/1230/3921
f 4716/1228/3917 4720/1230/3921 4718/1042/3919
f 4717/453/3918 4721/455/3922 4723/1231/3924
f 4719/1229/3920 4723/1231/3924 4724/1232/3925
f 4720/1230/3921 4724/1232/3925 4722/1044/3923
f 4725/456/3926 4727/1234/3928 4723/1231/3924
f 4723/1231/3924 4727/1234/3928 4728/1233/3929
f 4724/1232/3925 4728/1233/3929 4726/1045/3927
f 4729/457/3930 4731/1236/3932 4727/1234/3928
f 4727/1234/3928 4731/1236/3932 4732/1235/3933
f 4728/1233/3929 4732/1235/3933 4730/1047/3931
f 4733/458/3934 4735/1238/3936 4731/1236/3932
f 4731/1236/3932 4735/1238/3936 4736/1237/3937
f 4732/1235/3933 4736/1237/3937 4734/1049/3935
f 4501/383/3702 4503/1239/3704 4735/1238/3936
f 4503/1239/3704 4504/1314/3705 4736/1237/3937
f 4736/1237/3937 4504/1314/3705 4502/1051/3703
f 4538/304/3739 4737/365/3938 4739/1240/3940
f 4540/1241/3741 4739/1240/3940 4740/1242/3941
f 4539/1243/3740 4740/1242/3941 4738/1053/3939
f 4737/365/3938 4741/306/3942 4743/1244/3944
f 4739/1240/3940 4743/1244/3944 4744/1245/3945
f 4740/1242/3941 4744/1245/3945 4742/1054/3943
f 4741/306/3942 4745/305/3946 4747/1246/3948
f 4743/1244/3944 4747/1246/3948 4748/1247/3949
f 4744/1245/3945 4748/1247/3949 4746/894/3947
f 4745/305/3946 4749/307/3950 4751/1248/3952
f 4747/1246/3948 4751/1248/3952 4752/1249/3953
f 4748/1247/3949 4752/1249/3953 4750/1055/3951
f 4749/307/3950 4753/308/3954 4755/1250/3956
f 4751/1248/3952 4755/1250/3956 4756/1251/3957
f 4752/1249/3953 4756/1251/3957 4754/1056/3955
f 4753/308/3954 4757/309/3958 4759/1252/3960
f 4755/1250/3956 4759/1252/3960 4760/1253/3961
f 4756/1251/3957 4760/1253/3961 4758/897/3959
f 4757/309/3958 4761/59/3962 4763/1254/3964
f 4759/1252/3960 4763/1254/3964 4764/1255/3965
f 4760/1253/3961 4764/1255/3965 4762/1057/3963
f 4761/59/3962 4506/58/3707 4508/1154/3709
f 4763/1254/3964 4508/1154/3709 4507/1156/3708
f 4507/1156/3708 4505/863/3706 4762/1057/3963
f 4765/155/3966 4767/1256/3968 4499/1223/3700
f 4767/1256/3968 4768/1257/3969 4500/1224/3701
f 4768/1257/3969 4766/585/3967 4498/1038/3699
f 4769/157/3970 4771/1258/3972 4767/1256/3968
f 4771/1258/3972 4772/1259/3973 4768/1257/3969
f 4772/1259/3973 4770/1058/3971 4766/585/3967
f 4773/156/3974 4775/1260/3976 4771/1258/3972
f 4775/1260/3976 4776/1261/3977 4772/1259/3973
f 4776/1261/3977 4774/1059/3975 4770/1058/3971
f 4777/158/3978 4779/1262/3980 4775/1260/3976
f 4779/1262/3980 4780/1263/3981 4776/1261/3977
f 4780/1263/3981 4778/1060/3979 4774/1059/3975
f 4781/159/3982 4783/1264/3984 4779/1262/3980
f 4783/1264/3984 4784/1265/3985 4780/1263/3981
f 4784/1265/3985 4782/1061/3983 4778/1060/3979
f 4785/161/3986 4787/1266/3988 4783/1264/3984
f 4787/1266/3988 4788/1267/3989 4784/1265/3985
f 4788/1267/3989 4786/1062/3987 4782/1061/3983
f 4789/162/3990 4791/1268/3992 4787/1266/3988
f 4791/1268/3992 4792/1269/3993 4788/1267/3989
f 4792/1269/3993 4790/887/3991 4786/1062/3987
f 4510/310/3711 4512/1171/3713 4791/1268/3992
f 4512/1171/3713 4511/1173/3712 4792/1269/3993
f 4511/1173/3712 4509/1063/3710 4790/887/3991
f 4477/710/3678 4793/709/3994 4795/1270/3996
f 4479/1133/3680 4795/1270/3996 4796/1271/3997
f 4480/1134/3681 4796/1271/3997 4794/1272/3995
f 4793/709/3994 4797/164/3998 4799/1273/4000
f 4795/1270/3996 4799/1273/4000 4800/1274/4001
f 4796/1271/3997 4800/1274/4001 4798/1065/3999
f 4797/164/3998 4801/711/4002 4803/1275/4004
f 4799/1273/4000 4803/1275/4004 4804/1276/4005
f 4800/1274/4001 4804/1276/4005 4802/1066/4003
f 4801/711/4002 4805/712/4006 4807/1277/4008
f 4803/1275/4004 4807/1277/4008 4808/1278/4009
f 4804/1276/4005 4808/1278/4009 4806/1067/4007
f 4805/712/4006 4809/714/4010 4811/1279/4012
f 4807/1277/4008 4811/1279/4012 4812/1280/4013
f 4808/1278/4009 4812/1280/4013 4810/1068/4011
f 4809/714/4010 4813/715/4014 4815/1281/4016
f 4811/1279/4012 4815/1281/4016 4816/1282/4017
f 4812/1280/4013 4816/1282/4017 4814/1069/4015
f 4813/715/4014 4817/716/4018 4819/1283/4020
f 4815/1281/4016 4819/1283/4020 4820/1284/4021
f 4816/1282/4017 4820/1284/4021 4818/1070/4019
f 4817/716/4018 4514/852/3715 4516/1190/3717
f 4819/1283/4020 4516/1190/3717 4515/1192/3716
f 4820/1284/4021 4515/1192/3716 4513/1022/3714
f 4821/718/4022 4823/1285/4024 4495/1206/3696
f 4823/1285/4024 4824/1286/4025 4496/1207/3697
f 4824/1286/4025 4822/1029/4023 4494/1030/3695
f 4825/637/4026 4827/1287/4028 4823/1285/4024
f 4827/1287/4028 4828/1288/4029 4824/1286/4025
f 4828/1288/4029 4826/1071/4027 4822/1029/4023
f 4829/638/4030 4831/1289/4032 4827/1287/4028
f 4831/1289/4032 4832/1290/4033 4828/1288/4029
f 4832/1290/4033 4830/1072/4031 4826/1071/4027
f 4833/639/4034 4835/1291/4036 4831/1289/4032
f 4835/1291/4036 4836/1292/4037 4832/1290/4033
f 4836/1292/4037 4834/1073/4035 4830/1074/4031
f 4837/640/4038 4839/1293/4040 4835/1291/4036
f 4839/1293/4040 4840/1294/4041 4836/1292/4037
f 4840/1294/4041 4838/1075/4039 4834/1076/4035
f 4841/641/4042 4843/1295/4044 4839/1293/4040
f 4843/1295/4044 4844/1296/4045 4840/1294/4041
f 4844/1296/4045 4842/1077/4043 4838/1075/4039
f 4845/642/4046 4847/1297/4048 4843/1295/4044
f 4847/1297/4048 4848/1298/4049 4844/1296/4045
f 4848/1298/4049 4846/1078/4047 4842/1077/4043
f 4518/720/3719 4520/1135/3721 4847/1297/4048
f 4520/1135/3721 4519/1137/3720 4848/1298/4049
f 4519/1137/3720 4517/1000/3718 4846/1078/4047
f 4489/69/3690 4849/68/4050 4851/1299/4052
f 4491/1169/3692 4851/1299/4052 4852/1300/4053
f 4492/1170/3693 4852/1300/4053 4850/943/4051
f 4849/68/4050 4853/643/4054 4855/1301/4056
f 4851/1299/4052 4855/1301/4056 4856/1302/4057
f 4852/1300/4053 4856/1302/4057 4854/1079/4055
f 4853/643/4054 4857/70/4058 4859/1303/4060
f 4855/1301/4056 4859/1303/4060 4860/1304/4061
f 4856/1302/4057 4860/1304/4061 4858/875/4059
f 4857/70/4058 4861/72/4062 4863/1305/4064
f 4859/1303/4060 4863/1305/4064 4864/1306/4065
f 4860/1304/4061 4864/1306/4065 4862/876/4063
f 4861/72/4062 4865/73/4066 4867/1307/4068
f 4863/1305/4064 4867/1307/4068 4868/1308/4069
f 4864/1306/4065 4868/1308/4069 4866/1080/4067
f 4865/73/4066 4869/75/4070 4871/1309/4072
f 4867/1307/4068 4871/1309/4072 4872/1310/4073
f 4868/1308/4069 4872/1310/4073 4870/878/4071
f 4869/75/4070 4873/76/4074 4875/1311/4076
f 4871/1309/4072 4875/1311/4076 4876/1312/4077
f 4872/1310/4073 4876/1312/4077 4874/926/4075
f 4873/76/4074 4523/572/3724 4531/1104/3732
f 4875/1311/4076 4531/1104/3732 4527/1102/3728
f 4876/1312/4077 4527/1102/3728 4522/944/3723
f 4877/78/4078 4879/1313/4080 4503/1239/3704
f 4879/1313/4080 4880/1316/4081 4504/1314/3705
f 4504/1314/3705 4880/1316/4081 4878/440/4079
f 4881/79/4082 4883/1315/4083 4879/1313/4080
f 4883/1315/4083 4884/1318/4084 4880/1316/4081
f 4880/1316/4081 4884/1318/4084 4882/1082/4079
f 4885/384/4085 4887/1317/4087 4883/1315/4083
f 4887/1317/4087 4888/1320/4088 4884/1318/4084
f 4884/1318/4084 4888/1320/4088 4886/1084/4086
f 4889/385/4089 4891/1319/4091 4887/1317/4087
f 4891/1319/4091 4892/1322/4092 4888/1320/4088
f 4888/1320/4088 4892/1322/4092 4890/1085/4090
f 4893/386/4093 4895/1321/4095 4891/1319/4091
f 4895/1321/4095 4896/1323/4096 4892/1322/4092
f 4896/1323/4096 4894/1086/4094 4890/1087/4090
f 4897/387/4097 4899/1324/4099 4895/1321/4095
f 4899/1324/4099 4900/1325/4100 4896/1323/4096
f 4900/1325/4100 4898/1088/4098 4894/1089/4094
f 4901/388/4101 4903/1326/4103 4899/1324/4099
f 4903/1326/4103 4904/1327/4104 4900/1325/4100
f 4904/1327/4104 4902/1090/4102 4898/1091/4098
f 4534/81/3735 4536/1118/3737 4903/1326/4103
f 4536/1118/3737 4535/1119/3736 4904/1327/4104
f 4535/1119/3736 4533/986/3734 4902/1090/4102
f 4905/389/4105 4907/1330/4107 4483/1151/3684
f 4483/1151/3684 4907/1330/4107 4908/1328/4108
f 4484/1152/3685 4908/1328/4108 4906/1092/4106
f 4905/389/4105 4909/390/4109 4911/1329/4111
f 4907/1330/4107 4911/1329/4111 4912/1331/4112
f 4908/1328/4108 4912/1331/4112 4910/1093/4110
f 4909/390/4109 4913/796/4113 4915/1332/4115
f 4911/1329/4111 4915/1332/4115 4916/1333/4116
f 4912/1331/4112 4916/1333/4116 4914/1094/4114
f 4913/796/4113 4917/798/4117 4919/1334/4119
f 4915/1332/4115 4919/1334/4119 4920/1335/4120
f 4916/1333/4116 4920/1335/4120 4918/1095/4118
f 4917/798/4117 4921/799/4121 4923/1336/4123
f 4919/1334/4119 4923/1336/4123 4924/1337/4124
f 4920/1335/4120 4924/1337/4124 4922/1096/4122
f 4921/799/4121 4925/800/4125 4927/1338/4127
f 4923/1336/4123 4927/1338/4127 4928/1339/4128
f 4924/1337/4124 4928/1339/4128 4926/1097/4126
f 4925/800/4125 4929/302/4129 4931/1340/4131
f 4927/1338/4127 4931/1340/4131 4932/1341/4132
f 4928/1339/4128 4932/1341/4132 4930/892/4130
f 4929/302/4129 4538/304/3739 4540/1241/3741
f 4931/1340/4131 4540/1241/3741 4539/1243/3740
f 4932/1341/4132 4539/1243/3740 4537/1052/3738
f 4990/1342/4190 4997/880/4197 4999/1343/4199
f 4992/1344/4192 4999/1343/4199 5000/1345/4200
f 4991/1346/4191 5000/1345/4200 4998/80/4198
f 4997/1347/4197 5001/977/4201 5003/1348/4203
f 4999/1343/4199 5003/1348/4203 5004/1349/4204
f 5000/1345/4200 5004/1349/4204 5002/731/4202
f 5001/1350/4201 5005/959/4205 5007/1351/4207
f 5003/1348/4203 5007/1351/4207 5008/1352/4208
f 5004/1349/4204 5008/1352/4208 5006/732/4206
f 5005/989/4205 5009/960/4209 5011/1353/4211
f 5007/1351/4207 5011/1353/4211 5012/1354/4212
f 5008/1352/4208 5012/1354/4212 5010/733/4210
f 5009/1355/4209 5013/961/4213 5015/1356/4215
f 5011/1353/4211 5015/1356/4215 5016/1357/4216
f 5012/1354/4212 5016/1357/4216 5014/735/4214
f 5013/1358/4213 5017/962/4217 5019/1359/4219
f 5015/1356/4215 5019/1359/4219 5020/1360/4220
f 5016/1357/4216 5020/1360/4220 5018/736/4218
f 5017/1361/4217 5021/963/4221 5023/1362/4223
f 5019/1359/4219 5023/1362/4223 5024/1363/4224
f 5020/1360/4220 5024/1363/4224 5022/737/4222
f 5021/1364/4221 4933/801/4133 4935/1365/4135
f 5023/1362/4223 4935/1365/4135 4936/1366/4136
f 5024/1363/4224 4936/1366/4136 4934/710/4134
f 4974/957/4174 5025/956/4225 5027/1367/4227
f 4976/1368/4176 5027/1367/4227 5028/1369/4228
f 4975/1370/4175 5028/1369/4228 5026/721/4226
f 5025/956/4225 5029/964/4229 5031/1371/4231
f 5027/1367/4227 5031/1371/4231 5032/1372/4232
f 5028/1369/4228 5032/1372/4232 5030/738/4230
f 5029/964/4229 5033/965/4233 5035/1373/4235
f 5031/1371/4231 5035/1373/4235 5036/1374/4236
f 5032/1372/4232 5036/1374/4236 5034/788/4234
f 5033/965/4233 5037/966/4237 5039/1375/4239
f 5035/1373/4235 5039/1375/4239 5040/1376/4240
f 5036/1374/4236 5040/1376/4240 5038/789/4238
f 5037/966/4237 5041/967/4241 5043/1377/4243
f 5039/1375/4239 5043/1377/4243 5044/1378/4244
f 5040/1376/4240 5044/1378/4244 5042/791/4242
f 5041/969/4241 5045/968/4245 5047/1379/4247
f 5043/1377/4243 5047/1379/4247 5048/1380/4248
f 5044/1378/4244 5048/1380/4248 5046/792/4246
f 5045/968/4245 5049/970/4249 5051/1381/4251
f 5047/1379/4247 5051/1381/4251 5052/1382/4252
f 5052/1382/4252 5050/793/4250 5046/792/4246
f 5049/946/4249 4937/945/4137 4939/1383/4139
f 5051/1381/4251 4939/1383/4139 4940/1384/4140
f 4940/1384/4140 4938/795/4138 5050/793/4250
f 4962/863/4162 5053/901/4253 5055/1385/4255
f 4964/1386/4164 5055/1385/4255 5056/1387/4256
f 4963/1388/4163 5056/1387/4256 5054/794/4254
f 5053/901/4253 5057/866/4257 5059/1389/4259
f 5055/1385/4255 5059/1389/4259 5060/1390/4260
f 5056/1387/4256 5060/1390/4260 5058/61/4258
f 5057/866/4257 5061/865/4261 5063/1391/4263
f 5059/1389/4259 5063/1391/4263 5064/1392/4264
f 5060/1390/4260 5064/1392/4264 5062/60/4262
f 5061/865/4261 5065/867/4265 5067/1393/4267
f 5063/1391/4263 5067/1393/4267 5068/1394/4268
f 5064/1392/4264 5068/1394/4268 5066/62/4266
f 5065/867/4265 5069/868/4269 5071/1395/4271
f 5067/1393/4267 5071/1395/4271 5072/1396/4272
f 5068/1394/4268 5072/1396/4272 5070/63/4270
f 5069/868/4269 5073/869/4273 5075/1397/4275
f 5071/1395/4271 5075/1397/4275 5076/1398/4276
f 5072/1396/4272 5076/1398/4276 5074/64/4274
f 5073/869/4273 5077/870/4277 5079/1399/4279
f 5075/1397/4275 5079/1399/4279 5080/1400/4280
f 5076/1398/4276 5080/1400/4280 5078/65/4278
f 5077/870/4277 4945/916/4145 4947/1401/4147
f 5079/1399/4279 4947/1401/4147 4948/1402/4148
f 5080/1400/4280 4948/1402/4148 4946/69/4146
f 4966/909/4166 5081/899/4281 5083/1403/4283
f 4968/1404/4168 5083/1403/4283 5084/1405/4284
f 4967/1406/4167 5084/1405/4284 5082/66/4282
f 5081/899/4281 5085/871/4285 5087/1407/4287
f 5083/1403/4283 5087/1407/4287 5088/1408/4288
f 5084/1405/4284 5088/1408/4288 5086/67/4286
f 5085/871/4285 5089/910/4289 5091/1409/4291
f 5087/1407/4287 5091/1409/4291 5092/1410/4292
f 5088/1408/4288 5092/1410/4292 5090/443/4290
f 5089/910/4289 5093/911/4293 5095/1411/4295
f 5091/1409/4291 5095/1411/4295 5096/1412/4296
f 5092/1410/4292 5096/1412/4296 5094/445/4294
f 5093/911/4293 5097/912/4297 5099/1413/4299
f 5095/1411/4295 5099/1413/4299 5100/1414/4300
f 5096/1412/4296 5100/1414/4300 5098/446/4298
f 5097/912/4297 5101/913/4301 5103/1415/4303
f 5099/1413/4299 5103/1415/4303 5104/1416/4304
f 5100/1414/4300 5104/1416/4304 5102/447/4302
f 5101/913/4301 5105/914/4305 5107/1417/4307
f 5103/1415/4303 5107/1417/4307 5108/1418/4308
f 5104/1416/4304 5108/1418/4308 5106/448/4306
f 5105/914/4305 4941/971/4141 4943/1419/4143
f 5107/1417/4307 4943/1419/4143 4944/1420/4144
f 5108/1418/4308 4944/1420/4144 4942/452/4142
f 5109/890/4309 5111/1422/4311 4972/1421/4172
f 5111/1422/4311 5112/1424/4312 4971/1423/4171
f 5112/1424/4312 5110/166/4310 4969/167/4169
f 5113/915/4313 5115/1425/4315 5111/1422/4311
f 5115/1425/4315 5116/1426/4316 5112/1424/4312
f 5116/1426/4316 5114/450/4314 5110/166/4310
f 5117/978/4317 5119/1427/4319 5115/1425/4315
f 5119/1427/4319 5120/1428/4320 5116/1426/4316
f 5120/1428/4320 5118/853/4318 5114/450/4314
f 5121/979/4321 5123/1429/4323 5119/1427/4319
f 5123/1429/4323 5124/1430/4324 5120/1428/4320
f 5124/1430/4324 5122/855/4322 5118/853/4318
f 5125/981/4325 5127/1431/4327 5123/1429/4323
f 5127/1431/4327 5128/1432/4328 5124/1430/4324
f 5128/1432/4328 5126/856/4326 5122/855/4322
f 5129/982/4329 5131/1433/4331 5127/1431/4327
f 5131/1433/4331 5132/1434/4332 5128/1432/4328
f 5132/1434/4332 5130/857/4330 5126/856/4326
f 5133/872/4333 5135/1435/4335 5131/1433/4331
f 5135/1435/4335 5136/1436/4336 5132/1434/4332
f 5136/1436/4336 5134/859/4334 5130/857/4330
f 4949/873/4149 4951/1437/4151 5135/1435/4335
f 4951/1437/4151 4952/1438/4152 5136/1436/4336
f 4952/1438/4152 4950/861/4150 5134/859/4334
f 5137/983/4337 5139/1439/4339 4986/1115/4186
f 5139/1439/4339 5140/1440/4340 4981/1108/4181
f 5140/1440/4340 5138/645/4338 4977/1109/4177
f 5141/927/4341 5143/1441/4343 5139/1439/4339
f 5143/1441/4343 5144/1442/4344 5140/1440/4340
f 5144/1442/4344 5142/860/4342 5138/645/4338
f 5145/928/4345 5147/1443/4347 5143/1441/4343
f 5147/1443/4347 5148/1444/4348 5144/1442/4344
f 5148/1444/4348 5146/575/4346 5142/860/4342
f 5149/929/4349 5151/1445/4351 5147/1443/4347
f 5151/1445/4351 5152/1446/4352 5148/1444/4348
f 5152/1446/4352 5150/577/4350 5146/575/4346
f 5153/930/4353 5155/1447/4355 5151/1445/4351
f 5155/1447/4355 5156/1448/4356 5152/1446/4352
f 5156/1448/4356 5154/578/4354 5150/577/4350
f 5157/1449/4357 5159/1450/4359 5155/1447/4355
f 5159/1450/4359 5160/1451/4360 5156/1448/4356
f 5160/1451/4360 5158/580/4358 5154/578/4354
f 5157/1449/4357 5161/931/4361 5163/1452/4363
f 5159/1450/4359 5163/1452/4363 5164/1453/4364
f 5160/1451/4360 5164/1453/4364 5162/582/4362
f 5161/931/4361 4953/935/4153 4955/1454/4155
f 5163/1452/4363 4955/1454/4155 4956/1455/4156
f 5164/1453/4364 4956/1455/4156 4954/153/4154
f 5165/932/4365 5167/1456/4367 4943/1419/4143
f 5167/1456/4367 5168/1225/4368 4944/1420/4144
f 5168/1225/4368 5166/451/4366 4942/452/4142
f 5169/933/4369 5171/1457/4371 5167/1456/4367
f 5171/1457/4371 5172/1458/4372 5168/1225/4368
f 5172/1458/4372 5170/454/4370 5166/451/4366
f 5173/918/4373 5175/1459/4375 5171/1457/4371
f 5175/1459/4375 5176/1460/4376 5172/1458/4372
f 5176/1460/4376 5174/453/4374 5170/454/4370
f 5177/919/4377 5179/1461/4379 5175/1459/4375
f 5179/1461/4379 5180/1462/4380 5176/1460/4376
f 5180/1462/4380 5178/455/4378 5174/453/4374
f 5181/920/4381 5183/1463/4383 5179/1461/4379
f 5183/1463/4383 5184/1464/4384 5180/1462/4380
f 5184/1464/4384 5182/456/4382 5178/455/4378
f 5185/922/4385 5187/1465/4387 5183/1463/4383
f 5187/1465/4387 5188/1236/4388 5184/1464/4384
f 5188/1236/4388 5186/457/4386 5182/456/4382
f 5189/924/4389 5191/1466/4391 5187/1465/4387
f 5191/1466/4391 5192/1238/4392 5188/1236/4388
f 5192/1238/4392 5190/458/4390 5186/457/4386
f 4957/882/4157 4959/1467/4159 5191/1466/4391
f 4959/1467/4159 4960/1468/4160 5192/1238/4392
f 4960/1468/4160 4958/383/4158 5190/458/4390
f 5193/925/4393 5195/1470/4395 4996/1469/4196
f 5195/1470/4395 5196/1472/4396 4995/1471/4195
f 5196/1472/4396 5194/366/4394 4993/303/4193
f 5197/893/4397 5199/1473/4399 5195/1470/4395
f 5199/1473/4399 5200/1474/4400 5196/1472/4396
f 5200/1474/4400 5198/306/4398 5194/366/4394
f 5201/894/4401 5203/1475/4403 5199/1473/4399
f 5203/1475/4403 5204/1476/4404 5200/1474/4400
f 5204/1476/4404 5202/305/4402 5198/306/4398
f 5205/895/4405 5207/1477/4407 5203/1475/4403
f 5207/1477/4407 5208/1478/4408 5204/1476/4404
f 5208/1478/4408 5206/307/4406 5202/305/4402
f 5209/896/4409 5211/1479/4411 5207/1477/4407
f 5211/1479/4411 5212/1480/4412 5208/1478/4408
f 5212/1480/4412 5210/308/4410 5206/307/4406
f 5213/897/4413 5215/1253/4415 5211/1479/4411
f 5215/1253/4415 5216/1481/4416 5212/1480/4412
f 5216/1481/4416 5214/309/4414 5210/308/4410
f 5213/897/4413 5217/864/4417 5219/1482/4419
f 5219/1482/4419 5220/1483/4420 5216/1481/4416
f 5216/1481/4416 5220/1483/4420 5218/59/4418
f 5217/864/4417 4962/863/4162 4964/1386/4164
f 4964/1386/4164 4963/1388/4163 5220/1483/4420
f 5220/1483/4420 4963/1388/4163 4961/58/4161
f 4953/935/4153 5221/934/4421 5223/1484/4423
f 4955/1454/4155 5223/1484/4423 5224/1485/4424
f 4956/1455/4156 5224/1485/4424 5222/154/4422
f 5221/934/4421 5225/898/4425 5227/1486/4427
f 5223/1484/4423 5227/1486/4427 5228/1487/4428
f 5224/1485/4424 5228/1487/4428 5226/157/4426
f 5225/898/4425 5229/883/4429 5231/1488/4431
f 5227/1486/4427 5231/1488/4431 5232/1489/4432
f 5228/1487/4428 5232/1489/4432 5230/156/4430
f 5229/883/4429 5233/884/4433 5235/1490/4435
f 5231/1488/4431 5235/1490/4435 5236/1491/4436
f 5232/1489/4432 5236/1491/4436 5234/158/4434
f 5233/884/4433 5237/885/4437 5239/1492/4439
f 5235/1490/4435 5239/1492/4439 5240/1493/4440
f 5236/1491/4436 5240/1493/4440 5238/160/4438
f 5237/885/4437 5241/886/4441 5243/1494/4443
f 5239/1492/4439 5243/1494/4443 5244/1495/4444
f 5240/1493/4440 5244/1495/4444 5242/161/4442
f 5241/886/4441 5245/887/4445 5247/1496/4447
f 5243/1494/4443 5247/1496/4447 5248/1497/4448
f 5244/1495/4444 5248/1497/4448 5246/163/4446
f 5245/887/4445 4966/909/4166 4968/1404/4168
f 5247/1496/4447 4968/1404/4168 4967/1406/4167
f 5248/1497/4448 4967/1406/4167 4965/442/4165
f 5249/802/4449 5251/1498/4451 4935/1365/4135
f 5251/1498/4451 5252/1499/4452 4936/1366/4136
f 5252/1499/4452 5250/165/4450 4934/710/4134
f 5253/888/4453 5255/1500/4455 5251/1498/4451
f 5255/1500/4455 5256/1501/4456 5252/1499/4452
f 5256/1501/4456 5254/164/4454 5250/165/4450
f 5257/948/4457 5259/1502/4459 5255/1500/4455
f 5259/1502/4459 5260/1503/4460 5256/1501/4456
f 5260/1503/4460 5258/711/4458 5254/164/4454
f 5261/949/4461 5263/1504/4463 5259/1502/4459
f 5263/1504/4463 5264/1505/4464 5260/1503/4460
f 5264/1505/4464 5262/713/4462 5258/711/4458
f 5265/951/4465 5267/1506/4467 5263/1504/4463
f 5267/1506/4467 5268/1507/4468 5264/1505/4464
f 5268/1507/4468 5266/714/4466 5262/713/4462
f 5269/953/4469 5271/1508/4471 5267/1506/4467
f 5271/1508/4471 5272/1509/4472 5268/1507/4468
f 5272/1509/4472 5270/715/4470 5266/714/4466
f 5273/954/4473 5275/1510/4475 5271/1508/4471
f 5275/1510/4475 5276/1511/4476 5272/1509/4472
f 5276/1511/4476 5274/717/4474 5270/715/4470
f 4970/889/4170 4972/1421/4172 5275/1510/4475
f 4972/1421/4172 4971/1423/4171 5276/1511/4476
f 4971/1423/4171 4969/167/4169 5274/717/4474
f 4949/984/4149 5277/955/4477 5279/1512/4479
f 4951/1437/4151 5279/1512/4479 5280/1513/4480
f 4952/1438/4152 5280/1513/4480 5278/718/4478
f 5277/955/4477 5281/937/4481 5283/1514/4483
f 5279/1512/4479 5283/1514/4483 5284/1515/4484
f 5280/1513/4480 5284/1515/4484 5282/719/4482
f 5281/937/4481 5285/936/4485 5287/1516/4487
f 5283/1514/4483 5287/1516/4487 5288/1517/4488
f 5284/1515/4484 5288/1517/4488 5286/638/4486
f 5285/936/4485 5289/938/4489 5291/1518/4491
f 5287/1516/4487 5291/1518/4491 5292/1519/4492
f 5288/1517/4488 5292/1519/4492 5290/639/4490
f 5289/940/4489 5293/939/4493 5295/1520/4495
f 5291/1518/4491 5295/1520/4495 5296/1521/4496
f 5292/1519/4492 5296/1521/4496 5294/640/4494
f 5293/939/4493 5297/941/4497 5299/1522/4499
f 5295/1520/4495 5299/1522/4499 5300/1523/4500
f 5296/1521/4496 5300/1523/4500 5298/641/4498
f 5297/941/4497 5301/942/4501 5303/1524/4503
f 5299/1522/4499 5303/1524/4503 5304/1525/4504
f 5300/1523/4500 5304/1525/4504 5302/642/4502
f 5301/942/4501 4974/957/4174 4976/1368/4176
f 5303/1524/4503 4976/1368/4176 4975/1370/4175
f 5304/1525/4504 4975/1370/4175 4973/720/4173
f 5305/943/4505 5307/1526/4507 4947/1401/4147
f 5307/1526/4507 5308/1527/4508 4948/1402/4148
f 5308/1527/4508 5306/68/4506 4946/69/4146
f 5309/874/4509 5311/1528/4511 5307/1526/4507
f 5311/1528/4511 5312/1529/4512 5308/1527/4508
f 5312/1529/4512 5310/71/4510 5306/68/4506
f 5313/875/4513 5315/1530/4515 5311/1528/4511
f 5315/1530/4515 5316/1531/4516 5312/1529/4512
f 5316/1531/4516 5314/70/4514 5310/71/4510
f 5317/876/4517 5319/1532/4519 5315/1530/4515
f 5319/1532/4519 5320/1533/4520 5316/1531/4516
f 5320/1533/4520 5318/72/4518 5314/70/4514
f 5321/877/4521 5323/1534/4523 5319/1532/4519
f 5323/1534/4523 5324/1535/4524 5320/1533/4520
f 5324/1535/4524 5322/74/4522 5318/72/4518
f 5325/878/4525 5327/1536/4527 5323/1534/4523
f 5327/1536/4527 5328/1537/4528 5324/1535/4524
f 5328/1537/4528 5326/75/4526 5322/74/4522
f 5329/926/4529 5331/1538/4531 5327/1536/4527
f 5331/1538/4531 5332/1539/4532 5328/1537/4528
f 5332/1539/4532 5330/77/4530 5326/75/4526
f 4979/944/4179 4987/1540/4187 5331/1538/4531
f 4987/1540/4187 4983/1113/4183 5332/1539/4532
f 4983/1113/4183 4978/573/4178 5330/77/4530
f 5333/908/4533 5335/1542/4535 4959/1467/4159
f 5335/1542/4535 5336/1543/4536 4960/1468/4160
f 5336/1543/4536 5334/78/4534 4958/383/4158
f 5333/908/4533 5337/879/4537 5339/1544/4539
f 5335/1542/4535 5339/1544/4539 5340/1545/4540
f 5340/1545/4540 5338/79/4538 5334/78/4534
f 5337/879/4537 5341/902/4541 5343/1546/4543
f 5339/1544/4539 5343/1546/4543 5344/1547/4544
f 5344/1547/4544 5342/384/4542 5338/79/4538
f 5341/1548/4541 5345/903/4545 5347/1549/4547
f 5343/1546/4543 5347/1549/4547 5348/1550/4548
f 5348/1550/4548 5346/385/4546 5342/384/4542
f 5345/1551/4545 5349/904/4549 5351/1552/4551
f 5347/1549/4547 5351/1552/4551 5352/1553/4552
f 5352/1553/4552 5350/386/4550 5346/385/4546
f 5349/1554/4549 5353/905/4553 5355/1555/4555
f 5351/1552/4551 5355/1555/4555 5356/1556/4556
f 5352/1553/4552 5356/1556/4556 5354/387/4554
f 5353/1557/4553 5357/906/4557 5359/1558/4559
f 5355/1555/4555 5359/1558/4559 5360/1559/4560
f 5356/1556/4556 5360/1559/4560 5358/388/4558
f 5357/1560/4557 4990/958/4190 4992/1344/4192
f 5359/1558/4559 4992/1344/4192 4991/1346/4191
f 5360/1559/4560 4991/1346/4191 4989/81/4189
f 5361/907/4561 5363/1561/4563 4939/1383/4139
f 5363/1561/4563 5364/1562/4564 4940/1384/4140
f 5364/1562/4564 5362/389/4562 4938/795/4138
f 5365/972/4565 5367/1563/4567 5363/1561/4563
f 5367/1563/4567 5368/1564/4568 5364/1562/4564
f 5368/1564/4568 5366/390/4566 5362/389/4562
f 5369/973/4569 5371/1565/4571 5367/1563/4567
f 5371/1565/4571 5372/1566/4572 5368/1564/4568
f 5372/1566/4572 5370/796/4570 5366/390/4566
f 5373/974/4573 5375/1567/4575 5371/1565/4571
f 5375/1567/4575 5376/1568/4576 5372/1566/4572
f 5376/1568/4576 5374/797/4574 5370/796/4570
f 5377/975/4577 5379/1569/4579 5375/1567/4575
f 5379/1569/4579 5380/1570/4580 5376/1568/4576
f 5380/1570/4580 5378/799/4578 5374/797/4574
f 5381/976/4581 5383/1571/4583 5379/1569/4579
f 5383/1571/4583 5384/1572/4584 5380/1570/4580
f 5384/1572/4584 5382/800/4582 5378/799/4578
f 5385/892/4585 5387/1573/4587 5383/1571/4583
f 5387/1573/4587 5388/1574/4588 5384/1572/4584
f 5388/1574/4588 5386/302/4586 5382/800/4582
f 4994/900/4194 4996/1469/4196 5387/1573/4587
f 4996/1469/4196 4995/1471/4195 5388/1574/4588
f 4995/1471/4195 4993/303/4193 5386/302/4586
f 4523/572/3724 4978/573/4178 4984/1110/4184
f 4984/1110/4184 4980/1107/4180 4525/1099/3726
f 4980/1107/4180 4977/1109/4177 4521/644/3722
f 4477/710/3678 4565/737/3766 5022/737/4222
l 126 127
l 127 128
l 128 129
l 129 130
l 130 131
l 131 132
l 846 847
l 847 848
l 848 849
l 849 850
l 850 851
l 851 852
l 1473 126
l 1485 132
l 1930 846
l 1941 852
l 2483 2579
l 2825 2921
l 3162 3163
l 3163 3164
l 3164 3165
l 3165 3166
l 3166 3167
l 3167 3168
l 3882 3883
l 3883 3884
l 3884 3885
l 3885 3886
l 3886 3887
l 3887 3888
l 4509 3162
l 4521 3168
l 4966 3882
l 4977 3888
